date,city_pm25,respiratory_admissions,seasonal_effect,post_ulez
2018-01-01,17.4,24,24.711000518829504,FALSE
2018-01-02,15.84,33,24.75064532257195,FALSE
2018-01-03,14.815000000000001,20,24.78740079966915,FALSE
2018-01-04,18.0275,16,24.821256058680007,FALSE
2018-01-05,16.05,16,24.852201067560607,FALSE
2018-01-06,13.5175,23,24.880226656636978,FALSE
2018-01-07,16.375,36,24.90532452132223,FALSE
2018-01-08,17.705,40,24.9274872245774,FALSE
2018-01-09,18.3875,21,24.94670819911521,FALSE
2018-01-10,15.4375,31,24.962981749346078,FALSE
2018-01-11,18.82,50,24.976303053065855,FALSE
2018-01-12,18.3375,23,24.98666816288476,FALSE
2018-01-13,14.165000000000001,23,24.994074007397046,FALSE
2018-01-14,16.73,32,24.998518392091164,FALSE
2018-01-15,17.794999999999998,24,25,FALSE
2018-01-16,18.2525,21,24.998518392091164,FALSE
2018-01-17,19.8475,43,24.994074007397046,FALSE
2018-01-18,15.51,12,24.98666816288476,FALSE
2018-01-19,22.439999999999998,29,24.976303053065855,FALSE
2018-01-20,14.915,31,24.962981749346078,FALSE
2018-01-21,14.2375,26,24.94670819911521,FALSE
2018-01-22,17.9125,48,24.9274872245774,FALSE
2018-01-23,16.335,27,24.90532452132223,FALSE
2018-01-24,17.845,52,24.880226656636978,FALSE
2018-01-25,17.25,31,24.852201067560607,FALSE
2018-01-26,14.83,34,24.821256058680007,FALSE
2018-01-27,13.012500000000001,31,24.78740079966915,FALSE
2018-01-28,16.66,18,24.75064532257195,FALSE
2018-01-29,18.04,24,24.711000518829504,FALSE
2018-01-30,17.585,22,24.668478136052777,FALSE
2018-01-31,18.1525,17,24.623090774541488,FALSE
2018-02-01,18.5475,31,24.574851883550394,FALSE
2018-02-02,17.1825,16,24.523775757303973,FALSE
2018-02-03,15.3,25,24.469877530760755,FALSE
2018-02-04,14.625,31,24.41317317512847,FALSE
2018-02-05,16.085,40,24.35367949313148,FALSE
2018-02-06,21.535,18,24.291414114031745,FALSE
2018-02-07,17.1025,16,24.226395488404876,FALSE
2018-02-08,18.515,18,24.158642882672872,FALSE
2018-02-09,18.8825,34,24.08817637339503,FALSE
2018-02-10,16.2875,39,24.01501684131884,FALSE
2018-02-11,13.8025,36,23.93918596519257,FALSE
2018-02-12,15.31,38,23.86070621534138,FALSE
2018-02-13,18.3125,13,23.77960084700888,FALSE
2018-02-14,19.75,29,23.69589389346611,FALSE
2018-02-15,16.65,21,23.609610158889943,FALSE
2018-02-16,18.7425,38,23.520775211013095,FALSE
2018-02-17,12.3125,17,23.429415373547826,FALSE
2018-02-18,16.7375,34,23.3355577183857,FALSE
2018-02-19,16.4125,33,23.23923005757554,FALSE
2018-02-20,16.22,40,23.140460935082178,FALSE
2018-02-21,17.044999999999998,16,23.039279618328216,FALSE
2018-02-22,14.265,25,22.935716089521474,FALSE
2018-02-23,14.71,16,22.82980103677063,FALSE
2018-02-24,15.0925,17,22.721565844991645,FALSE
2018-02-25,14.875,20,22.611042586607745,FALSE
2018-02-26,16.735,22,22.498264012045688,FALSE
2018-02-27,15.1075,43,22.383263540031066,FALSE
2018-02-28,15.67,43,22.266075247685656,FALSE
2018-03-01,14.4475,26,22.14673386042961,FALSE
2018-03-02,16.865,25,22.02527474169157,FALSE
2018-03-03,12.3025,15,21.901733882429717,FALSE
2018-03-04,15.15,24,21.776147890466888,FALSE
2018-03-05,16.36,24,21.648553979642866,FALSE
2018-03-06,17.3775,25,21.518989958787124,FALSE
2018-03-07,16.215,21,21.387494220515272,FALSE
2018-03-08,14.7225,16,21.254105729852462,FALSE
2018-03-09,15.7225,29,21.118864012687244,FALSE
2018-03-10,11.68,21,20.981809144059163,FALSE
2018-03-11,13.5275,14,20.842981736283683,FALSE
2018-03-12,16.314999999999998,25,20.70242292691787,FALSE
2018-03-13,14.965,24,20.560174366570447,FALSE
2018-03-14,15.8675,23,20.416278206559813,FALSE
2018-03-15,15.5075,19,20.27077708642372,FALSE
2018-03-16,15.165000000000001,43,20.123714121284237,FALSE
2018-03-17,14.165,31,19.97513288907181,FALSE
2018-03-18,13.059999999999999,29,19.825077417612185,FALSE
2018-03-19,12.0425,20,19.673592171580022,FALSE
2018-03-20,12.985,16,19.520722039323044,FALSE
2018-03-21,13.780000000000001,14,19.36651231956064,FALSE
2018-03-22,15.66,9,19.211008707960897,FALSE
2018-03-23,12.9675,16,19.054257283599974,FALSE
2018-03-24,7.64,22,18.89630449530788,FALSE
2018-03-25,10.2,22,18.73719714790469,FALSE
2018-03-26,15.57,18,18.576982388331253,FALSE
2018-03-27,16.6775,7,18.415707691678556,FALSE
2018-03-28,14.03,22,18.253420847119802,FALSE
2018-03-29,12.362499999999999,16,18.090169943749473,FALSE
2018-03-30,13.315000000000001,24,17.926003356333485,FALSE
2018-03-31,10.8325,21,17.760969730974686,FALSE
2018-04-01,13.205,20,17.595117970698,FALSE
2018-04-02,15.7,21,17.428497220959358,FALSE
2018-04-03,12.6075,12,17.261156855082884,FALSE
2018-04-04,14.629999999999999,10,17.093146459630486,FALSE
2018-04-05,13.2125,14,16.9245158197083,FALSE
2018-04-06,13.52,21,16.75531490421428,FALSE
2018-04-07,10.635,11,16.585593851031348,FALSE
2018-04-08,12.435,35,16.41540295217043,FALSE
2018-04-09,14.475000000000001,14,16.244792638867892,FALSE
2018-04-10,14.5175,18,16.07381346664163,FALSE
2018-04-11,8.7325,19,15.902516100310411,FALSE
2018-04-12,17.5,27,15.730951298980777,FALSE
2018-04-13,11.0625,13,15.559169901006035,FALSE
2018-04-14,13.275,7,15.387222808921745,FALSE
2018-04-15,12.1975,24,15.215160974362222,FALSE
2018-04-16,15.36,19,15.043035382962444,FALSE
2018-04-17,11.477500000000001,12,14.870897039249911,FALSE
2018-04-18,11.695,16,14.69879695153092,FALSE
2018-04-19,12.2175,15,14.526786116775682,FALSE
2018-04-20,12.655,4,14.354915505506838,FALSE
2018-04-21,12.295,8,14.183236046695775,FALSE
2018-04-22,9.715,11,14.011798612671285,FALSE
2018-04-23,12.8375,14,13.840654004044996,FALSE
2018-04-24,12.59,16,13.66985293465804,FALSE
2018-04-25,13.0875,16,13.499446016553474,FALSE
2018-04-26,11.54,7,13.329483744978807,FALSE
2018-04-27,10.7825,13,13.160016483423199,FALSE
2018-04-28,12.435,10,12.99109444869365,FALSE
2018-04-29,6.66,9,12.822767696034681,FALSE
2018-04-30,10.1925,20,12.6550861042959,FALSE
2018-05-01,11.17,7,12.488099361151807,FALSE
2018-05-02,11.625,17,12.321856948378258,FALSE
2018-05-03,9.1875,10,12.156408127189966,FALSE
2018-05-04,12.5975,10,11.991801923643326,FALSE
2018-05-05,8.705,15,11.82808711410894,FALSE
2018-05-06,9.9925,18,11.665312210818133,FALSE
2018-05-07,8.38,9,11.503525447487716,FALSE
2018-05-08,9.9175,11,11.342774765027311,FALSE
2018-05-09,10.67,13,11.183107797333411,FALSE
2018-05-10,12.282499999999999,9,11.02457185717444,FALSE
2018-05-11,10.4675,13,10.867213922170958,FALSE
2018-05-12,9.89,11,10.711080620875165,FALSE
2018-05-13,8.85,12,10.556218218953868,FALSE
2018-05-14,10.420000000000002,13,10.40267260547896,FALSE
2018-05-15,11.540000000000001,12,10.2504892793295,FALSE
2018-05-16,10.355,10,10.099713335709406,FALSE
2018-05-17,9.2325,8,9.950389452784796,FALSE
2018-05-18,10.745000000000001,8,9.802561878444845,FALSE
2018-05-19,8.055,11,9.656274417190215,FALSE
2018-05-20,8.0675,1,9.51157041715281,FALSE
2018-05-21,11.615,6,9.368492757250813,FALSE
2018-05-22,8.265,12,9.227083834482727,FALSE
2018-05-23,8.695,9,9.087385551364218,FALSE
2018-05-24,10.77,3,8.949439303511511,FALSE
2018-05-25,8.375,6,8.813285967374968,FALSE
2018-05-26,6.9275,9,8.678965888126513,FALSE
2018-05-27,8.2775,9,8.5465188677045,FALSE
2018-05-28,9.46,6,8.415984153019512,FALSE
2018-05-29,8.8525,10,8.287400424324687,FALSE
2018-05-30,9.525,8,8.160805783753894,FALSE
2018-05-31,10.83,11,8.036237744031279,FALSE
2018-06-01,9.175,10,7.9137332173554045,FALSE
2018-06-02,7.01,6,7.793328504461391,FALSE
2018-06-03,8.52,6,7.67505928386421,FALSE
2018-06-04,6.2825,10,7.558960601286393,FALSE
2018-06-05,6.99,12,7.445066859273197,FALSE
2018-06-06,9.6475,6,7.33341180699841,FALSE
2018-06-07,6.545,4,7.2240285302637295,FALSE
2018-06-08,12.61,10,7.116949441694746,FALSE
2018-06-09,6.8425,7,7.012206271136351,FALSE
2018-06-10,6.92,6,6.909830056250527,FALSE
2018-06-11,10.1,2,6.809851133319199,FALSE
2018-06-12,9.3625,7,6.712299128254962,FALSE
2018-06-13,8.8275,4,6.617202947822257,FALSE
2018-06-14,10.12,9,6.524590771071688,FALSE
2018-06-15,8.1175,3,6.434490040989964,FALSE
2018-06-16,8.19,3,6.34692745636794,FALSE
2018-06-17,5.9325,8,6.261928963889192,FALSE
2018-06-18,5.335,5,6.179519750441463,FALSE
2018-06-19,6.775,10,6.099724235653234,FALSE
2018-06-20,9.0325,5,6.0225660646576635,FALSE
2018-06-21,8.627500000000001,7,5.948068101086026,FALSE
2018-06-22,6.785,3,5.876252420292726,FALSE
2018-06-23,6.967499999999999,11,5.807140302813895,FALSE
2018-06-24,4.07,6,5.740752228061503,FALSE
2018-06-25,7.0025,9,5.677107868254867,FALSE
2018-06-26,8.2225,8,5.616226082591359,FALSE
2018-06-27,7.507499999999999,4,5.558124911658007,FALSE
2018-06-28,8.815,4,5.502821572085685,FALSE
2018-06-29,5.577500000000001,1,5.45033245144745,FALSE
2018-06-30,5.5725,7,5.4006731034025535,FALSE
2018-07-01,5.275,13,5.353858243087565,FALSE
2018-07-02,5.37,5,5.3099017427559385,FALSE
2018-07-03,6.655,3,5.2688166276673805,FALSE
2018-07-04,7.8575,3,5.230615072228183,FALSE
2018-07-05,8.46,8,5.19530839638368,FALSE
2018-07-06,6.1325,7,5.162907062263903,FALSE
2018-07-07,6.085,9,5.13342067108343,FALSE
2018-07-08,5.5475,2,5.106857960296336,FALSE
2018-07-09,7.645,12,5.0832268010071004,FALSE
2018-07-10,8.805,9,5.06253419563822,FALSE
2018-07-11,8.2,2,5.044786275855248,FALSE
2018-07-12,10.377500000000001,7,5.029988300749849,FALSE
2018-07-13,7.635000000000001,6,5.018144655281414,FALSE
2018-07-14,7.64,4,5.0092588489777,FALSE
2018-07-15,4.135,6,5.003333514894887,FALSE
2018-07-16,6.46,7,5.000370408837345,FALSE
2018-07-17,6.2299999999999995,6,5.000370408837345,FALSE
2018-07-18,6.9125,8,5.003333514894887,FALSE
2018-07-19,6.5,4,5.0092588489777,FALSE
2018-07-20,5.1375,2,5.018144655281414,FALSE
2018-07-21,3.8249999999999997,2,5.029988300749849,FALSE
2018-07-22,4.2875,10,5.044786275855248,FALSE
2018-07-23,8.99,1,5.062534195638218,FALSE
2018-07-24,7.58,3,5.0832268010071004,FALSE
2018-07-25,7.6325,1,5.106857960296336,FALSE
2018-07-26,9.8025,13,5.133420671083428,FALSE
2018-07-27,9.1325,4,5.162907062263901,FALSE
2018-07-28,6.415,4,5.195308396383679,FALSE
2018-07-29,7.2225,6,5.230615072228183,FALSE
2018-07-30,7.6225,5,5.2688166276673805,FALSE
2018-07-31,7.755000000000001,7,5.309901742755937,FALSE
2018-08-01,8.3775,4,5.353858243087565,FALSE
2018-08-02,7.6274999999999995,5,5.400673103402555,FALSE
2018-08-03,5.9,2,5.450332451447448,FALSE
2018-08-04,5.4525,4,5.502821572085683,FALSE
2018-08-05,3.815,7,5.558124911658005,FALSE
2018-08-06,7.3375,4,5.616226082591357,FALSE
2018-08-07,3.4125,2,5.677107868254867,FALSE
2018-08-08,5.6825,2,5.740752228061501,FALSE
2018-08-09,8.645,7,5.807140302813895,FALSE
2018-08-10,8.585,1,5.876252420292726,FALSE
2018-08-11,4.4125000000000005,1,5.948068101086024,FALSE
2018-08-12,6.705,11,6.0225660646576635,FALSE
2018-08-13,6.202500000000001,11,6.099724235653234,FALSE
2018-08-14,7.83,5,6.1795197504414645,FALSE
2018-08-15,9.3325,5,6.2619289638891935,FALSE
2018-08-16,9.1275,7,6.34692745636794,FALSE
2018-08-17,4.96,11,6.434490040989964,FALSE
2018-08-18,7.3075,3,6.524590771071688,FALSE
2018-08-19,7.2725,6,6.617202947822255,FALSE
2018-08-20,7.475,4,6.71229912825496,FALSE
2018-08-21,10.190000000000001,8,6.809851133319198,FALSE
2018-08-22,8.7425,7,6.909830056250527,FALSE
2018-08-23,10.0625,14,7.0122062711363515,FALSE
2018-08-24,8.3075,9,7.1169494416947465,FALSE
2018-08-25,5.64,5,7.224028530263732,FALSE
2018-08-26,7.7425,9,7.3334118069984076,FALSE
2018-08-27,7.0375,5,7.445066859273196,FALSE
2018-08-28,9.2025,7,7.558960601286392,FALSE
2018-08-29,8.065,10,7.6750592838642095,FALSE
2018-08-30,6.2675,8,7.793328504461385,FALSE
2018-08-31,12.055,20,7.9137332173554,FALSE
2018-09-01,9.905,10,8.036237744031274,FALSE
2018-09-02,8.465,7,8.160805783753895,FALSE
2018-09-03,7.5424999999999995,11,8.287400424324684,FALSE
2018-09-04,7.930000000000001,15,8.415984153019512,FALSE
2018-09-05,7.6275,11,8.5465188677045,FALSE
2018-09-06,9.065,6,8.678965888126513,FALSE
2018-09-07,8.59,8,8.813285967374966,FALSE
2018-09-08,9.6775,7,8.949439303511506,FALSE
2018-09-09,6.640000000000001,9,9.087385551364218,FALSE
2018-09-10,9.512500000000001,17,9.227083834482723,FALSE
2018-09-11,9.9375,4,9.368492757250811,FALSE
2018-09-12,7.6925,1,9.511570417152802,FALSE
2018-09-13,11.61,7,9.656274417190215,FALSE
2018-09-14,11.5325,9,9.802561878444843,FALSE
2018-09-15,6.9575000000000005,8,9.950389452784798,FALSE
2018-09-16,6.680000000000001,15,10.099713335709406,FALSE
2018-09-17,11.469999999999999,3,10.250489279329498,FALSE
2018-09-18,9.51,10,10.402672605478955,FALSE
2018-09-19,10.3175,3,10.556218218953866,FALSE
2018-09-20,12.06,13,10.711080620875158,FALSE
2018-09-21,8.025,9,10.867213922170956,FALSE
2018-09-22,7.2075,11,11.024571857174434,FALSE
2018-09-23,12.4025,16,11.183107797333413,FALSE
2018-09-24,11.515,7,11.342774765027308,FALSE
2018-09-25,11.75,13,11.503525447487718,FALSE
2018-09-26,13.4725,10,11.66531221081813,FALSE
2018-09-27,11.235,18,11.828087114108941,FALSE
2018-09-28,11.7625,13,11.991801923643319,FALSE
2018-09-29,11.93,13,12.156408127189964,FALSE
2018-09-30,8.535,19,12.321856948378251,FALSE
2018-10-01,11.125,21,12.488099361151804,FALSE
2018-10-02,12.56,10,12.655086104295895,FALSE
2018-10-03,8.33,5,12.822767696034678,FALSE
2018-10-04,11.8975,8,12.991094448693648,FALSE
2018-10-05,9.1225,12,13.1600164834232,FALSE
2018-10-06,7.4275,9,13.329483744978806,FALSE
2018-10-07,10.015,3,13.499446016553474,FALSE
2018-10-08,12.997499999999999,16,13.669852934658037,FALSE
2018-10-09,12,19,13.840654004044993,FALSE
2018-10-10,12.637500000000001,7,14.01179861267128,FALSE
2018-10-11,9.705,10,14.183236046695772,FALSE
2018-10-12,10.335,12,14.354915505506838,FALSE
2018-10-13,9.7925,12,14.526786116775677,FALSE
2018-10-14,10.975,15,14.698796951530916,FALSE
2018-10-15,12.5525,13,14.870897039249911,FALSE
2018-10-16,12.4175,7,15.043035382962438,FALSE
2018-10-17,11.03,18,15.215160974362222,FALSE
2018-10-18,13.285,21,15.38722280892174,FALSE
2018-10-19,11.355,12,15.55916990100603,FALSE
2018-10-20,12.22,15,15.730951298980777,FALSE
2018-10-21,10.74,12,15.902516100310407,FALSE
2018-10-22,15.6525,20,16.07381346664163,FALSE
2018-10-23,11.81,16,16.244792638867885,FALSE
2018-10-24,7.827500000000001,15,16.41540295217043,FALSE
2018-10-25,14.14,14,16.585593851031348,FALSE
2018-10-26,10.9825,21,16.755314904214277,FALSE
2018-10-27,11.807500000000001,12,16.9245158197083,FALSE
2018-10-28,11.21,10,17.09314645963049,FALSE
2018-10-29,13.51,14,17.26115685508288,FALSE
2018-10-30,15.2875,14,17.428497220959358,FALSE
2018-10-31,11.7275,6,17.595117970697995,FALSE
2018-11-01,16.845,26,17.760969730974686,FALSE
2018-11-02,14.7825,12,17.926003356333478,FALSE
2018-11-03,8.254999999999999,15,18.090169943749473,FALSE
2018-11-04,12.4525,13,18.253420847119795,FALSE
2018-11-05,15.005,34,18.41570769167856,FALSE
2018-11-06,12.1975,20,18.576982388331253,FALSE
2018-11-07,14.889999999999999,28,18.73719714790469,FALSE
2018-11-08,14.8825,8,18.896304495307877,FALSE
2018-11-09,14.5525,18,19.054257283599974,FALSE
2018-11-10,11.217500000000001,15,19.211008707960893,FALSE
2018-11-11,13.8125,32,19.366512319560638,FALSE
2018-11-12,14.3225,16,19.520722039323037,FALSE
2018-11-13,12.850000000000001,17,19.67359217158002,FALSE
2018-11-14,15.805,16,19.825077417612178,FALSE
2018-11-15,13.09,20,19.9751328890718,FALSE
2018-11-16,13.385,25,20.123714121284237,FALSE
2018-11-17,12.8375,21,20.270777086423724,FALSE
2018-11-18,12.26,24,20.41627820655981,FALSE
2018-11-19,14.7675,32,20.560174366570447,FALSE
2018-11-20,15.08,21,20.70242292691787,FALSE
2018-11-21,14.635,13,20.842981736283683,FALSE
2018-11-22,15.6525,21,20.98180914405916,FALSE
2018-11-23,16.5075,28,21.11886401268724,FALSE
2018-11-24,14.735,20,21.254105729852455,FALSE
2018-11-25,13.5525,21,21.38749422051527,FALSE
2018-11-26,16.8425,12,21.518989958787124,FALSE
2018-11-27,16.060000000000002,29,21.648553979642866,FALSE
2018-11-28,15.315,19,21.776147890466888,FALSE
2018-11-29,17.035,25,21.90173388242972,FALSE
2018-11-30,16.885,24,22.025274741691568,FALSE
2018-12-01,13.1475,30,22.14673386042961,FALSE
2018-12-02,16.21,20,22.26607524768565,FALSE
2018-12-03,16.2625,35,22.383263540031063,FALSE
2018-12-04,15.885,18,22.49826401204568,FALSE
2018-12-05,17.5575,8,22.61104258660774,FALSE
2018-12-06,17.1925,23,22.72156584499164,FALSE
2018-12-07,16.435,18,22.829801036770625,FALSE
2018-12-08,15.8,41,22.93571608952147,FALSE
2018-12-09,14.2475,18,23.03927961832821,FALSE
2018-12-10,15.8825,20,23.140460935082174,FALSE
2018-12-11,17.035,14,23.239230057575536,FALSE
2018-12-12,18.197499999999998,12,23.335557718385694,FALSE
2018-12-13,18.1,19,23.429415373547833,FALSE
2018-12-14,14.305,20,23.520775211013095,FALSE
2018-12-15,13.4525,21,23.609610158889943,FALSE
2018-12-16,14.8775,37,23.69589389346611,FALSE
2018-12-17,19.48,16,23.779600847008883,FALSE
2018-12-18,17.7875,31,23.86070621534138,FALSE
2018-12-19,19.884999999999998,48,23.93918596519257,FALSE
2018-12-20,14.9025,15,24.01501684131884,FALSE
2018-12-21,18.875,24,24.08817637339503,FALSE
2018-12-22,13.7225,7,24.15864288267287,FALSE
2018-12-23,13.4075,32,24.226395488404876,FALSE
2018-12-24,15.5425,22,24.291414114031745,FALSE
2018-12-25,15.9575,41,24.35367949313148,FALSE
2018-12-26,12.4925,18,24.41317317512847,FALSE
2018-12-27,15.2975,31,24.46987753076075,FALSE
2018-12-28,15.7875,20,24.523775757303973,FALSE
2018-12-29,12.662500000000001,14,24.574851883550387,FALSE
2018-12-30,14.4475,38,24.623090774541488,FALSE
2018-12-31,16.705,28,24.668478136052773,FALSE
2019-01-01,14.2775,23,24.711000518829504,FALSE
2019-01-02,19.3675,12,24.75064532257195,FALSE
2019-01-03,15.9975,7,24.78740079966915,FALSE
2019-01-04,16.392500000000002,14,24.821256058680007,FALSE
2019-01-05,14.4575,37,24.852201067560607,FALSE
2019-01-06,14.665,32,24.880226656636978,FALSE
2019-01-07,16.05,21,24.90532452132223,FALSE
2019-01-08,17.5,38,24.9274872245774,FALSE
2019-01-09,19.005,45,24.94670819911521,FALSE
2019-01-10,15.625,35,24.962981749346078,FALSE
2019-01-11,18.815,53,24.976303053065855,FALSE
2019-01-12,14.407499999999999,42,24.98666816288476,FALSE
2019-01-13,13.7875,34,24.994074007397046,FALSE
2019-01-14,14.9275,23,24.998518392091164,FALSE
2019-01-15,16.81,24,25,FALSE
2019-01-16,17.815,31,24.998518392091164,FALSE
2019-01-17,16.8875,43,24.994074007397046,FALSE
2019-01-18,14.845,20,24.98666816288476,FALSE
2019-01-19,15.1875,38,24.976303053065855,FALSE
2019-01-20,17.165,22,24.962981749346078,FALSE
2019-01-21,17.64,33,24.94670819911521,FALSE
2019-01-22,17.3675,57,24.9274872245774,FALSE
2019-01-23,18.995,34,24.90532452132223,FALSE
2019-01-24,16.6,39,24.880226656636978,FALSE
2019-01-25,19.5675,23,24.852201067560607,FALSE
2019-01-26,13.26,19,24.821256058680007,FALSE
2019-01-27,15.4275,37,24.78740079966915,FALSE
2019-01-28,16.95,19,24.75064532257195,FALSE
2019-01-29,19.759999999999998,28,24.711000518829504,FALSE
2019-01-30,14.3475,39,24.668478136052777,FALSE
2019-01-31,15.8075,28,24.623090774541488,FALSE
2019-02-01,15.9625,15,24.574851883550394,FALSE
2019-02-02,16.4875,21,24.523775757303973,FALSE
2019-02-03,13.167499999999999,30,24.469877530760755,FALSE
2019-02-04,16.205,34,24.41317317512847,FALSE
2019-02-05,17.2925,53,24.35367949313148,FALSE
2019-02-06,16.85,32,24.291414114031745,FALSE
2019-02-07,16.35,39,24.226395488404876,FALSE
2019-02-08,16.7125,31,24.158642882672872,FALSE
2019-02-09,12.7925,37,24.08817637339503,FALSE
2019-02-10,14.35,37,24.01501684131884,FALSE
2019-02-11,14.557500000000001,30,23.93918596519257,FALSE
2019-02-12,17.7375,12,23.86070621534138,FALSE
2019-02-13,12.9,25,23.77960084700888,FALSE
2019-02-14,13.9575,41,23.69589389346611,FALSE
2019-02-15,12.3125,22,23.609610158889943,FALSE
2019-02-16,14.3625,31,23.520775211013095,FALSE
2019-02-17,14.315,21,23.429415373547826,FALSE
2019-02-18,16.61,35,23.3355577183857,FALSE
2019-02-19,15.3175,7,23.23923005757554,FALSE
2019-02-20,16.875,31,23.140460935082178,FALSE
2019-02-21,13.3225,25,23.039279618328216,FALSE
2019-02-22,17.015,20,22.935716089521474,FALSE
2019-02-23,14.8675,20,22.82980103677063,FALSE
2019-02-24,14.239999999999998,35,22.721565844991645,FALSE
2019-02-25,14.987499999999999,29,22.611042586607745,FALSE
2019-02-26,16.3125,34,22.498264012045688,FALSE
2019-02-27,17.835,34,22.383263540031066,FALSE
2019-02-28,17.3875,23,22.266075247685656,FALSE
2019-03-01,18.2225,18,22.14673386042961,FALSE
2019-03-02,12.629999999999999,31,22.02527474169157,FALSE
2019-03-03,12.987499999999999,23,21.901733882429717,FALSE
2019-03-04,14.865,12,21.776147890466888,FALSE
2019-03-05,15.44,14,21.648553979642866,FALSE
2019-03-06,14.1675,23,21.518989958787124,FALSE
2019-03-07,16.3175,25,21.387494220515272,FALSE
2019-03-08,12.8075,21,21.254105729852462,FALSE
2019-03-09,12.3075,22,21.118864012687244,FALSE
2019-03-10,13.445,11,20.981809144059163,FALSE
2019-03-11,14.855,14,20.842981736283683,FALSE
2019-03-12,15.307500000000001,6,20.70242292691787,FALSE
2019-03-13,14.5875,18,20.560174366570447,FALSE
2019-03-14,15.1175,11,20.416278206559813,FALSE
2019-03-15,10.872499999999999,18,20.27077708642372,FALSE
2019-03-16,12.5275,24,20.123714121284237,FALSE
2019-03-17,12.29,9,19.97513288907181,FALSE
2019-03-18,15.290000000000001,13,19.825077417612185,FALSE
2019-03-19,11.86,15,19.673592171580022,FALSE
2019-03-20,16.955,26,19.520722039323044,FALSE
2019-03-21,14.559999999999999,19,19.36651231956064,FALSE
2019-03-22,13.23,17,19.211008707960897,FALSE
2019-03-23,13.6725,12,19.054257283599974,FALSE
2019-03-24,12.3475,28,18.89630449530788,FALSE
2019-03-25,12.38,23,18.73719714790469,FALSE
2019-03-26,13.705,28,18.576982388331253,FALSE
2019-03-27,14.182500000000001,14,18.415707691678556,FALSE
2019-03-28,14.3925,13,18.253420847119802,FALSE
2019-03-29,13.605,32,18.090169943749473,FALSE
2019-03-30,10.6625,18,17.926003356333485,FALSE
2019-03-31,12.3125,9,17.760969730974686,FALSE
2019-04-01,11.025,27,17.595117970698,FALSE
2019-04-02,12.545,15,17.428497220959358,FALSE
2019-04-03,14.3525,35,17.261156855082884,FALSE
2019-04-04,14.185,26,17.093146459630486,FALSE
2019-04-05,12,26,16.9245158197083,FALSE
2019-04-06,9.5425,18,16.75531490421428,FALSE
2019-04-07,11.567499999999999,24,16.585593851031348,FALSE
2019-04-08,12.7725,14,16.41540295217043,FALSE
2019-04-09,13.9,10,16.244792638867892,FALSE
2019-04-10,12.585,13,16.07381346664163,FALSE
2019-04-11,12.350000000000001,10,15.902516100310411,FALSE
2019-04-12,13.1475,13,15.730951298980777,FALSE
2019-04-13,11.9375,15,15.559169901006035,FALSE
2019-04-14,10.807500000000001,22,15.387222808921745,FALSE
2019-04-15,11.8275,17,15.215160974362222,FALSE
2019-04-16,12.13,21,15.043035382962444,FALSE
2019-04-17,11.2875,15,14.870897039249911,FALSE
2019-04-18,12.985,16,14.69879695153092,FALSE
2019-04-19,11.567499999999999,15,14.526786116775682,FALSE
2019-04-20,8.825,13,14.354915505506838,FALSE
2019-04-21,7.305,18,14.183236046695775,FALSE
2019-04-22,11.3575,7,14.011798612671285,FALSE
2019-04-23,11.674999999999999,25,13.840654004044996,FALSE
2019-04-24,10.844999999999999,11,13.66985293465804,FALSE
2019-04-25,10.7475,17,13.499446016553474,FALSE
2019-04-26,11.3775,8,13.329483744978807,FALSE
2019-04-27,9.705,9,13.160016483423199,FALSE
2019-04-28,6.1625,17,12.99109444869365,FALSE
2019-04-29,9.8325,13,12.822767696034681,FALSE
2019-04-30,10.84,7,12.6550861042959,FALSE
2019-05-01,11.7875,13,12.488099361151807,FALSE
2019-05-02,10.375,7,12.321856948378258,FALSE
2019-05-03,11.695,6,12.156408127189966,FALSE
2019-05-04,8.6325,9,11.991801923643326,FALSE
2019-05-05,10.14,8,11.82808711410894,FALSE
2019-05-06,9.84,8,11.665312210818133,FALSE
2019-05-07,10.49,12,11.503525447487716,FALSE
2019-05-08,10.7225,16,11.342774765027311,FALSE
2019-05-09,8.2675,13,11.183107797333411,FALSE
2019-05-10,11.07,13,11.02457185717444,FALSE
2019-05-11,9.8425,5,10.867213922170958,FALSE
2019-05-12,7.0175,10,10.711080620875165,FALSE
2019-05-13,9.45,10,10.556218218953868,FALSE
2019-05-14,8.8675,3,10.40267260547896,FALSE
2019-05-15,10.8575,10,10.2504892793295,FALSE
2019-05-16,11.4675,12,10.099713335709406,FALSE
2019-05-17,8.9025,10,9.950389452784796,FALSE
2019-05-18,6.325,5,9.802561878444845,FALSE
2019-05-19,10.705,5,9.656274417190215,FALSE
2019-05-20,10.3575,10,9.51157041715281,FALSE
2019-05-21,7.775,14,9.368492757250813,FALSE
2019-05-22,6.735,7,9.227083834482727,FALSE
2019-05-23,7.11,9,9.087385551364218,FALSE
2019-05-24,9.8975,12,8.949439303511511,FALSE
2019-05-25,9.5275,5,8.813285967374968,FALSE
2019-05-26,7.4275,10,8.678965888126513,FALSE
2019-05-27,10.9175,9,8.5465188677045,FALSE
2019-05-28,6.5,9,8.415984153019512,FALSE
2019-05-29,7.01,4,8.287400424324687,FALSE
2019-05-30,9.969999999999999,8,8.160805783753894,FALSE
2019-05-31,11.307500000000001,4,8.036237744031279,FALSE
2019-06-01,8.36,3,7.9137332173554045,FALSE
2019-06-02,4.77,15,7.793328504461391,FALSE
2019-06-03,8.68,9,7.67505928386421,FALSE
2019-06-04,10.12,12,7.558960601286393,FALSE
2019-06-05,8.6225,4,7.445066859273197,FALSE
2019-06-06,7.109999999999999,12,7.33341180699841,FALSE
2019-06-07,10.095,10,7.2240285302637295,FALSE
2019-06-08,6.73,8,7.116949441694746,FALSE
2019-06-09,6.640000000000001,6,7.012206271136351,FALSE
2019-06-10,8.775,6,6.909830056250527,FALSE
2019-06-11,6.1425,6,6.809851133319199,FALSE
2019-06-12,7.4675,6,6.712299128254962,FALSE
2019-06-13,5.765000000000001,5,6.617202947822257,FALSE
2019-06-14,8.0525,16,6.524590771071688,FALSE
2019-06-15,5.7524999999999995,9,6.434490040989964,FALSE
2019-06-16,5.5675,8,6.34692745636794,FALSE
2019-06-17,7.0625,8,6.261928963889192,FALSE
2019-06-18,6.915,8,6.179519750441463,FALSE
2019-06-19,6.7875,5,6.099724235653234,FALSE
2019-06-20,7.025,7,6.0225660646576635,FALSE
2019-06-21,6.3825,7,5.948068101086026,FALSE
2019-06-22,5.1075,2,5.876252420292726,FALSE
2019-06-23,8.46,4,5.807140302813895,FALSE
2019-06-24,6.635,4,5.740752228061503,FALSE
2019-06-25,5.615,4,5.677107868254867,FALSE
2019-06-26,6.867500000000001,7,5.616226082591359,FALSE
2019-06-27,8.4625,6,5.558124911658007,FALSE
2019-06-28,7.365,7,5.502821572085685,FALSE
2019-06-29,4.975,5,5.45033245144745,FALSE
2019-06-30,5.03,3,5.4006731034025535,FALSE
2019-07-01,7.4575,6,5.353858243087565,FALSE
2019-07-02,7.0075,5,5.3099017427559385,FALSE
2019-07-03,7.575,4,5.2688166276673805,FALSE
2019-07-04,8.2725,3,5.230615072228183,FALSE
2019-07-05,9.05,11,5.19530839638368,FALSE
2019-07-06,6.6850000000000005,6,5.162907062263903,FALSE
2019-07-07,4.86,3,5.13342067108343,FALSE
2019-07-08,6.8775,2,5.106857960296336,FALSE
2019-07-09,6.6825,1,5.0832268010071004,FALSE
2019-07-10,7.0375,4,5.06253419563822,FALSE
2019-07-11,7.279999999999999,3,5.044786275855248,FALSE
2019-07-12,5.6000000000000005,10,5.029988300749849,FALSE
2019-07-13,4.7675,7,5.018144655281414,FALSE
2019-07-14,4.1274999999999995,3,5.0092588489777,FALSE
2019-07-15,4.665,5,5.003333514894887,FALSE
2019-07-16,9.0575,8,5.000370408837345,FALSE
2019-07-17,9.675,4,5.000370408837345,FALSE
2019-07-18,4.02,6,5.003333514894887,FALSE
2019-07-19,4.695,9,5.0092588489777,FALSE
2019-07-20,6.2425,6,5.018144655281414,FALSE
2019-07-21,5.375,5,5.029988300749849,FALSE
2019-07-22,8.99,5,5.044786275855248,FALSE
2019-07-23,8.705,8,5.062534195638218,FALSE
2019-07-24,7.275,9,5.0832268010071004,FALSE
2019-07-25,5.654999999999999,12,5.106857960296336,FALSE
2019-07-26,6.1175,5,5.133420671083428,FALSE
2019-07-27,6.13,3,5.162907062263901,FALSE
2019-07-28,6.145,12,5.195308396383679,FALSE
2019-07-29,8.9575,3,5.230615072228183,FALSE
2019-07-30,9.095,6,5.2688166276673805,FALSE
2019-07-31,5.785,4,5.309901742755937,FALSE
2019-08-01,9.5275,6,5.353858243087565,FALSE
2019-08-02,7.4075,5,5.400673103402555,FALSE
2019-08-03,4.215,3,5.450332451447448,FALSE
2019-08-04,6.705,12,5.502821572085683,FALSE
2019-08-05,8.112499999999999,5,5.558124911658005,FALSE
2019-08-06,5.37,2,5.616226082591357,FALSE
2019-08-07,8.825,1,5.677107868254867,FALSE
2019-08-08,6.0925,7,5.740752228061501,FALSE
2019-08-09,7.4750000000000005,1,5.807140302813895,FALSE
2019-08-10,7.3575,11,5.876252420292726,FALSE
2019-08-11,4.005,1,5.948068101086024,FALSE
2019-08-12,7.32,5,6.0225660646576635,FALSE
2019-08-13,8.6975,3,6.099724235653234,FALSE
2019-08-14,8.5875,5,6.1795197504414645,FALSE
2019-08-15,7.4825,7,6.2619289638891935,FALSE
2019-08-16,9.6625,9,6.34692745636794,FALSE
2019-08-17,5.827500000000001,2,6.434490040989964,FALSE
2019-08-18,5.71,6,6.524590771071688,FALSE
2019-08-19,5.6125,8,6.617202947822255,FALSE
2019-08-20,8.695,5,6.71229912825496,FALSE
2019-08-21,7.1925,6,6.809851133319198,FALSE
2019-08-22,7.425,5,6.909830056250527,FALSE
2019-08-23,9.115,3,7.0122062711363515,FALSE
2019-08-24,5.9475,7,7.1169494416947465,FALSE
2019-08-25,7.345,10,7.224028530263732,FALSE
2019-08-26,6.4925,3,7.3334118069984076,FALSE
2019-08-27,8.97,5,7.445066859273196,FALSE
2019-08-28,8.12,5,7.558960601286392,FALSE
2019-08-29,8.2275,9,7.6750592838642095,FALSE
2019-08-30,8.05,10,7.793328504461385,FALSE
2019-08-31,6.175,8,7.9137332173554,FALSE
2019-09-01,7.67,5,8.036237744031274,FALSE
2019-09-02,9.6625,13,8.160805783753895,FALSE
2019-09-03,10.235,12,8.287400424324684,FALSE
2019-09-04,10.475,7,8.415984153019512,FALSE
2019-09-05,9.0975,8,8.5465188677045,FALSE
2019-09-06,9.9525,9,8.678965888126513,FALSE
2019-09-07,9.125,2,8.813285967374966,FALSE
2019-09-08,9.3525,10,8.949439303511506,FALSE
2019-09-09,10.095,9,9.087385551364218,FALSE
2019-09-10,8.7525,11,9.227083834482723,FALSE
2019-09-11,8.690000000000001,12,9.368492757250811,FALSE
2019-09-12,10.9475,3,9.511570417152802,FALSE
2019-09-13,9.5475,9,9.656274417190215,FALSE
2019-09-14,4.81,5,9.802561878444843,FALSE
2019-09-15,9.5525,9,9.950389452784798,FALSE
2019-09-16,9.6175,4,10.099713335709406,FALSE
2019-09-17,10.1325,5,10.250489279329498,FALSE
2019-09-18,7.57,15,10.402672605478955,FALSE
2019-09-19,8.0925,8,10.556218218953866,FALSE
2019-09-20,9.227500000000001,15,10.711080620875158,FALSE
2019-09-21,7.71,8,10.867213922170956,FALSE
2019-09-22,5.54,11,11.024571857174434,FALSE
2019-09-23,11.4375,12,11.183107797333413,FALSE
2019-09-24,10.1675,15,11.342774765027308,FALSE
2019-09-25,11.6725,19,11.503525447487718,FALSE
2019-09-26,9.44,10,11.66531221081813,FALSE
2019-09-27,9.5225,9,11.828087114108941,FALSE
2019-09-28,9.01,12,11.991801923643319,FALSE
2019-09-29,8.9725,28,12.156408127189964,FALSE
2019-09-30,12.85,17,12.321856948378251,FALSE
2019-10-01,10.8075,19,12.488099361151804,FALSE
2019-10-02,10.375,11,12.655086104295895,FALSE
2019-10-03,10.6775,16,12.822767696034678,FALSE
2019-10-04,11.940000000000001,12,12.991094448693648,FALSE
2019-10-05,7.93,9,13.1600164834232,FALSE
2019-10-06,8.335,6,13.329483744978806,FALSE
2019-10-07,8.7075,17,13.499446016553474,FALSE
2019-10-08,10.3625,14,13.669852934658037,FALSE
2019-10-09,11.8575,13,13.840654004044993,FALSE
2019-10-10,12.975,16,14.01179861267128,FALSE
2019-10-11,10.105,4,14.183236046695772,FALSE
2019-10-12,8.372499999999999,13,14.354915505506838,FALSE
2019-10-13,9.2375,10,14.526786116775677,FALSE
2019-10-14,16.197499999999998,8,14.698796951530916,FALSE
2019-10-15,11.174999999999999,12,14.870897039249911,FALSE
2019-10-16,14.36,9,15.043035382962438,FALSE
2019-10-17,12.36,23,15.215160974362222,FALSE
2019-10-18,12.565,8,15.38722280892174,FALSE
2019-10-19,7.4925,16,15.55916990100603,FALSE
2019-10-20,10.5925,13,15.730951298980777,FALSE
2019-10-21,11.645,36,15.902516100310407,FALSE
2019-10-22,10.88,9,16.07381346664163,FALSE
2019-10-23,13.932500000000001,16,16.244792638867885,FALSE
2019-10-24,16.0125,20,16.41540295217043,FALSE
2019-10-25,11.7525,20,16.585593851031348,FALSE
2019-10-26,10.625,20,16.755314904214277,FALSE
2019-10-27,7.765,17,16.9245158197083,FALSE
2019-10-28,12.3825,20,17.09314645963049,FALSE
2019-10-29,14.61,13,17.26115685508288,FALSE
2019-10-30,12.0125,23,17.428497220959358,FALSE
2019-10-31,13.59,22,17.595117970697995,FALSE
2019-11-01,12.915000000000001,16,17.760969730974686,FALSE
2019-11-02,10.295,11,17.926003356333478,FALSE
2019-11-03,10.372499999999999,9,18.090169943749473,FALSE
2019-11-04,13.852500000000001,20,18.253420847119795,FALSE
2019-11-05,13.4975,22,18.41570769167856,FALSE
2019-11-06,13.8125,27,18.576982388331253,FALSE
2019-11-07,14.585,23,18.73719714790469,FALSE
2019-11-08,13.73,15,18.896304495307877,FALSE
2019-11-09,13.6025,19,19.054257283599974,FALSE
2019-11-10,11.3775,12,19.211008707960893,FALSE
2019-11-11,14.235,24,19.366512319560638,FALSE
2019-11-12,13.585,23,19.520722039323037,FALSE
2019-11-13,15.4,22,19.67359217158002,FALSE
2019-11-14,14.584999999999999,6,19.825077417612178,FALSE
2019-11-15,15.120000000000001,9,19.9751328890718,FALSE
2019-11-16,12.7475,21,20.123714121284237,FALSE
2019-11-17,13.427499999999998,23,20.270777086423724,FALSE
2019-11-18,14.4225,18,20.41627820655981,FALSE
2019-11-19,15.065,16,20.560174366570447,FALSE
2019-11-20,13.89,12,20.70242292691787,FALSE
2019-11-21,14.879999999999999,22,20.842981736283683,FALSE
2019-11-22,14.6525,13,20.98180914405916,FALSE
2019-11-23,13.2575,14,21.11886401268724,FALSE
2019-11-24,14.28,22,21.254105729852455,FALSE
2019-11-25,13.665,12,21.38749422051527,FALSE
2019-11-26,16.62,23,21.518989958787124,FALSE
2019-11-27,17.005,18,21.648553979642866,FALSE
2019-11-28,14.4525,19,21.776147890466888,FALSE
2019-11-29,13.73,22,21.90173388242972,FALSE
2019-11-30,15.615,24,22.025274741691568,FALSE
2019-12-01,12.5,25,22.14673386042961,FALSE
2019-12-02,16.1625,18,22.26607524768565,FALSE
2019-12-03,15.9975,20,22.383263540031063,FALSE
2019-12-04,15.5775,24,22.49826401204568,FALSE
2019-12-05,19.7,22,22.61104258660774,FALSE
2019-12-06,19.2225,16,22.72156584499164,FALSE
2019-12-07,16.03,14,22.829801036770625,FALSE
2019-12-08,15.3325,14,22.93571608952147,FALSE
2019-12-09,15.959999999999999,12,23.03927961832821,FALSE
2019-12-10,16.22,33,23.140460935082174,FALSE
2019-12-11,17.27,35,23.239230057575536,FALSE
2019-12-12,19.372500000000002,19,23.335557718385694,FALSE
2019-12-13,17.2425,28,23.429415373547833,FALSE
2019-12-14,13.2325,16,23.520775211013095,FALSE
2019-12-15,15.942499999999999,23,23.609610158889943,FALSE
2019-12-16,17.2475,22,23.69589389346611,FALSE
2019-12-17,17.802500000000002,17,23.779600847008883,FALSE
2019-12-18,13.42,19,23.86070621534138,FALSE
2019-12-19,15.5275,17,23.93918596519257,FALSE
2019-12-20,18.072499999999998,16,24.01501684131884,FALSE
2019-12-21,15.2175,16,24.08817637339503,FALSE
2019-12-22,15.434999999999999,35,24.15864288267287,FALSE
2019-12-23,15.965,31,24.226395488404876,FALSE
2019-12-24,16.2375,15,24.291414114031745,FALSE
2019-12-25,16.3225,12,24.35367949313148,FALSE
2019-12-26,16.02,19,24.41317317512847,FALSE
2019-12-27,17.025,18,24.46987753076075,FALSE
2019-12-28,14.11,25,24.523775757303973,FALSE
2019-12-29,15.495,27,24.574851883550387,FALSE
2019-12-30,17.75,37,24.623090774541488,FALSE
2019-12-31,16.845,29,24.668478136052773,FALSE
2020-01-01,15.9525,27,24.711000518829504,FALSE
2020-01-02,16.14,43,24.75064532257195,FALSE
2020-01-03,15.9825,35,24.78740079966915,FALSE
2020-01-04,15.8525,55,24.821256058680007,FALSE
2020-01-05,13.485,18,24.852201067560607,FALSE
2020-01-06,16.9425,15,24.880226656636978,FALSE
2020-01-07,14.5,50,24.90532452132223,FALSE
2020-01-08,17.6975,29,24.9274872245774,FALSE
2020-01-09,14.95,30,24.94670819911521,FALSE
2020-01-10,12.5175,33,24.962981749346078,FALSE
2020-01-11,14.6025,69,24.976303053065855,FALSE
2020-01-12,15.6875,23,24.98666816288476,FALSE
2020-01-13,15.282499999999999,27,24.994074007397046,FALSE
2020-01-14,16.025,26,24.998518392091164,FALSE
2020-01-15,15.285,26,25,FALSE
2020-01-16,16.415,29,24.998518392091164,FALSE
2020-01-17,17.8,27,24.994074007397046,FALSE
2020-01-18,14.255,24,24.98666816288476,FALSE
2020-01-19,14.8125,41,24.976303053065855,FALSE
2020-01-20,15.120000000000001,59,24.962981749346078,FALSE
2020-01-21,16.46,30,24.94670819911521,FALSE
2020-01-22,13.7975,24,24.9274872245774,FALSE
2020-01-23,16.865000000000002,20,24.90532452132223,FALSE
2020-01-24,15.399999999999999,21,24.880226656636978,FALSE
2020-01-25,14.8925,13,24.852201067560607,FALSE
2020-01-26,17.855,39,24.821256058680007,FALSE
2020-01-27,16.0825,25,24.78740079966915,FALSE
2020-01-28,17.145,35,24.75064532257195,FALSE
2020-01-29,16.12,25,24.711000518829504,FALSE
2020-01-30,18.5925,34,24.668478136052777,FALSE
2020-01-31,17.5775,18,24.623090774541488,FALSE
2020-02-01,14.780000000000001,27,24.574851883550394,FALSE
2020-02-02,15.2075,31,24.523775757303973,FALSE
2020-02-03,18.18,28,24.469877530760755,FALSE
2020-02-04,15.225,9,24.41317317512847,FALSE
2020-02-05,17.67,22,24.35367949313148,FALSE
2020-02-06,19.015,26,24.291414114031745,FALSE
2020-02-07,15.3475,15,24.226395488404876,FALSE
2020-02-08,15.2,61,24.158642882672872,FALSE
2020-02-09,18.14,16,24.08817637339503,FALSE
2020-02-10,15.275,30,24.01501684131884,FALSE
2020-02-11,15.625,35,23.93918596519257,FALSE
2020-02-12,14.54,15,23.86070621534138,FALSE
2020-02-13,15.5275,32,23.77960084700888,FALSE
2020-02-14,16.0325,33,23.69589389346611,FALSE
2020-02-15,15.405,40,23.609610158889943,FALSE
2020-02-16,12.9625,27,23.520775211013095,FALSE
2020-02-17,16.9875,27,23.429415373547826,FALSE
2020-02-18,16.895,14,23.3355577183857,FALSE
2020-02-19,18.415,28,23.23923005757554,FALSE
2020-02-20,15.6775,43,23.140460935082178,FALSE
2020-02-21,17.310000000000002,19,23.039279618328216,FALSE
2020-02-22,13.46,8,22.935716089521474,FALSE
2020-02-23,11.5375,25,22.82980103677063,FALSE
2020-02-24,13.885,24,22.721565844991645,FALSE
2020-02-25,15.335,42,22.611042586607745,FALSE
2020-02-26,16.2275,21,22.498264012045688,FALSE
2020-02-27,12.865,23,22.383263540031066,FALSE
2020-02-28,16.9075,47,22.266075247685656,FALSE
2020-02-29,11.94,27,22.14673386042961,FALSE
2020-03-01,11.397499999999999,10,22.02527474169157,FALSE
2020-03-02,13.5625,29,21.901733882429717,FALSE
2020-03-03,15.73,10,21.776147890466888,FALSE
2020-03-04,15.1075,41,21.648553979642866,FALSE
2020-03-05,13.727500000000001,30,21.518989958787124,FALSE
2020-03-06,15.985,23,21.387494220515272,FALSE
2020-03-07,8.3225,17,21.254105729852462,FALSE
2020-03-08,12.16,14,21.118864012687244,FALSE
2020-03-09,15.8625,13,20.981809144059163,FALSE
2020-03-10,12.780000000000001,12,20.842981736283683,FALSE
2020-03-11,13.010000000000002,29,20.70242292691787,FALSE
2020-03-12,14.315,27,20.560174366570447,FALSE
2020-03-13,14.5275,14,20.416278206559813,FALSE
2020-03-14,13.0775,29,20.27077708642372,FALSE
2020-03-15,12.6175,16,20.123714121284237,FALSE
2020-03-16,11.225,20,19.97513288907181,FALSE
2020-03-17,11.985,15,19.825077417612185,FALSE
2020-03-18,14.5075,17,19.673592171580022,FALSE
2020-03-19,12.9975,18,19.520722039323044,FALSE
2020-03-20,12.4775,37,19.36651231956064,FALSE
2020-03-21,12.6175,19,19.211008707960897,FALSE
2020-03-22,13.2925,20,19.054257283599974,FALSE
2020-03-23,14.6675,22,18.89630449530788,FALSE
2020-03-24,15.9475,14,18.73719714790469,FALSE
2020-03-25,11.8175,20,18.576982388331253,FALSE
2020-03-26,11.5525,26,18.415707691678556,FALSE
2020-03-27,15.100000000000001,20,18.253420847119802,FALSE
2020-03-28,12.0925,22,18.090169943749473,FALSE
2020-03-29,9.252500000000001,19,17.926003356333485,FALSE
2020-03-30,14.8,14,17.760969730974686,FALSE
2020-03-31,12.182500000000001,20,17.595117970698,FALSE
2020-04-01,12.965,10,17.428497220959358,FALSE
2020-04-02,14.7675,16,17.261156855082884,FALSE
2020-04-03,10.2725,24,17.093146459630486,FALSE
2020-04-04,10.0975,27,16.9245158197083,FALSE
2020-04-05,8.36,28,16.75531490421428,FALSE
2020-04-06,11.7,28,16.585593851031348,FALSE
2020-04-07,11.4725,10,16.41540295217043,FALSE
2020-04-08,13.91,22,16.244792638867892,FALSE
2020-04-09,11.2425,38,16.07381346664163,FALSE
2020-04-10,13.75,17,15.902516100310411,FALSE
2020-04-11,7.444999999999999,20,15.730951298980777,FALSE
2020-04-12,10.59,17,15.559169901006035,FALSE
2020-04-13,10.0975,14,15.387222808921745,FALSE
2020-04-14,10.040000000000001,18,15.215160974362222,FALSE
2020-04-15,14.2625,17,15.043035382962444,FALSE
2020-04-16,14.6425,18,14.870897039249911,FALSE
2020-04-17,10.05,25,14.69879695153092,FALSE
2020-04-18,6.762499999999999,11,14.526786116775682,FALSE
2020-04-19,8.4525,22,14.354915505506838,FALSE
2020-04-20,10.625,14,14.183236046695775,FALSE
2020-04-21,8.7425,8,14.011798612671285,FALSE
2020-04-22,13.51,8,13.840654004044996,FALSE
2020-04-23,9.3225,11,13.66985293465804,FALSE
2020-04-24,11.535,15,13.499446016553474,FALSE
2020-04-25,9.5025,12,13.329483744978807,FALSE
2020-04-26,8.59,7,13.160016483423199,FALSE
2020-04-27,8.19,8,12.99109444869365,FALSE
2020-04-28,11.45,9,12.822767696034681,FALSE
2020-04-29,8.2325,13,12.6550861042959,FALSE
2020-04-30,9.025,18,12.488099361151807,FALSE
2020-05-01,12.3325,9,12.321856948378258,FALSE
2020-05-02,7.885,9,12.156408127189966,FALSE
2020-05-03,6.18,23,11.991801923643326,FALSE
2020-05-04,7.7925,14,11.82808711410894,FALSE
2020-05-05,12.6325,15,11.665312210818133,FALSE
2020-05-06,8.825,10,11.503525447487716,FALSE
2020-05-07,9.405,10,11.342774765027311,FALSE
2020-05-08,12.365,7,11.183107797333411,FALSE
2020-05-09,6.9275,8,11.02457185717444,FALSE
2020-05-10,7.5825,3,10.867213922170958,FALSE
2020-05-11,9.31,16,10.711080620875165,FALSE
2020-05-12,11.09,8,10.556218218953868,FALSE
2020-05-13,9.195,11,10.40267260547896,FALSE
2020-05-14,11.915,9,10.2504892793295,FALSE
2020-05-15,9.075,6,10.099713335709406,FALSE
2020-05-16,5.1775,10,9.950389452784796,FALSE
2020-05-17,7.54,15,9.802561878444845,FALSE
2020-05-18,6.1899999999999995,12,9.656274417190215,FALSE
2020-05-19,10.175,10,9.51157041715281,FALSE
2020-05-20,7.035,14,9.368492757250813,FALSE
2020-05-21,10.9375,7,9.227083834482727,FALSE
2020-05-22,10.075,5,9.087385551364218,FALSE
2020-05-23,7.39,4,8.949439303511511,FALSE
2020-05-24,8.4075,11,8.813285967374968,FALSE
2020-05-25,9.4,11,8.678965888126513,FALSE
2020-05-26,9.752500000000001,8,8.5465188677045,FALSE
2020-05-27,7.3,17,8.415984153019512,FALSE
2020-05-28,9.1125,5,8.287400424324687,FALSE
2020-05-29,7.032500000000001,3,8.160805783753894,FALSE
2020-05-30,5.5575,17,8.036237744031279,FALSE
2020-05-31,6.0024999999999995,22,7.9137332173554045,FALSE
2020-06-01,7.8475,12,7.793328504461391,FALSE
2020-06-02,9.9925,4,7.67505928386421,FALSE
2020-06-03,7.1475,11,7.558960601286393,FALSE
2020-06-04,7.365,8,7.445066859273197,FALSE
2020-06-05,9.405,9,7.33341180699841,FALSE
2020-06-06,5.665,5,7.2240285302637295,FALSE
2020-06-07,4.5425,5,7.116949441694746,FALSE
2020-06-08,8.4825,3,7.012206271136351,FALSE
2020-06-09,6.7375,8,6.909830056250527,FALSE
2020-06-10,7.720000000000001,8,6.809851133319199,FALSE
2020-06-11,5.6525,4,6.712299128254962,FALSE
2020-06-12,5.74,2,6.617202947822257,FALSE
2020-06-13,2.9699999999999998,4,6.524590771071688,FALSE
2020-06-14,3.7399999999999998,4,6.434490040989964,FALSE
2020-06-15,7.37,6,6.34692745636794,FALSE
2020-06-16,4.8950000000000005,5,6.261928963889192,FALSE
2020-06-17,6.8375,5,6.179519750441463,FALSE
2020-06-18,6.905,2,6.099724235653234,FALSE
2020-06-19,5.03,4,6.0225660646576635,FALSE
2020-06-20,4.93,11,5.948068101086026,FALSE
2020-06-21,6.115,4,5.876252420292726,FALSE
2020-06-22,8.175,6,5.807140302813895,FALSE
2020-06-23,5.625,10,5.740752228061503,FALSE
2020-06-24,6.682499999999999,3,5.677107868254867,FALSE
2020-06-25,8.035,4,5.616226082591359,FALSE
2020-06-26,5.2,4,5.558124911658007,FALSE
2020-06-27,3.63,3,5.502821572085685,FALSE
2020-06-28,5.42,1,5.45033245144745,FALSE
2020-06-29,8.14,5,5.4006731034025535,FALSE
2020-06-30,6.9875,7,5.353858243087565,FALSE
2020-07-01,6.76,1,5.3099017427559385,FALSE
2020-07-02,7.7125,3,5.2688166276673805,FALSE
2020-07-03,5.915,8,5.230615072228183,FALSE
2020-07-04,3.9675000000000002,5,5.19530839638368,FALSE
2020-07-05,3.9675000000000002,2,5.162907062263903,FALSE
2020-07-06,5.185,4,5.13342067108343,FALSE
2020-07-07,7.93,2,5.106857960296336,FALSE
2020-07-08,8.6325,6,5.0832268010071004,FALSE
2020-07-09,4.2125,15,5.06253419563822,FALSE
2020-07-10,6.8375,4,5.044786275855248,FALSE
2020-07-11,6.06,5,5.029988300749849,FALSE
2020-07-12,5.2775,4,5.018144655281414,FALSE
2020-07-13,9.4025,2,5.0092588489777,FALSE
2020-07-14,5.4725,3,5.003333514894887,FALSE
2020-07-15,8.0925,6,5.000370408837345,FALSE
2020-07-16,8.344999999999999,0,5.000370408837345,FALSE
2020-07-17,7.5125,5,5.003333514894887,FALSE
2020-07-18,2.4775,4,5.0092588489777,FALSE
2020-07-19,3.6525,7,5.018144655281414,FALSE
2020-07-20,8.254999999999999,3,5.029988300749849,FALSE
2020-07-21,8.2325,6,5.044786275855248,FALSE
2020-07-22,7.345000000000001,5,5.062534195638218,FALSE
2020-07-23,9.225,1,5.0832268010071004,FALSE
2020-07-24,4.9825,2,5.106857960296336,FALSE
2020-07-25,5.015,5,5.133420671083428,FALSE
2020-07-26,6.2524999999999995,5,5.162907062263901,FALSE
2020-07-27,4.0024999999999995,6,5.195308396383679,FALSE
2020-07-28,10.43,7,5.230615072228183,FALSE
2020-07-29,5.17,10,5.2688166276673805,FALSE
2020-07-30,6.9725,5,5.309901742755937,FALSE
2020-07-31,7.855,8,5.353858243087565,FALSE
2020-08-01,3.7800000000000002,4,5.400673103402555,FALSE
2020-08-02,5.4725,10,5.450332451447448,FALSE
2020-08-03,7.5225,4,5.502821572085683,FALSE
2020-08-04,8.3025,3,5.558124911658005,FALSE
2020-08-05,7.3725,12,5.616226082591357,FALSE
2020-08-06,6.0024999999999995,8,5.677107868254867,FALSE
2020-08-07,6.45,3,5.740752228061501,FALSE
2020-08-08,3.2150000000000003,8,5.807140302813895,FALSE
2020-08-09,6.0725,2,5.876252420292726,FALSE
2020-08-10,6.3675,4,5.948068101086024,FALSE
2020-08-11,6.6075,6,6.0225660646576635,FALSE
2020-08-12,6.3774999999999995,5,6.099724235653234,FALSE
2020-08-13,5.7125,9,6.1795197504414645,FALSE
2020-08-14,5.4825,10,6.2619289638891935,FALSE
2020-08-15,5.4,7,6.34692745636794,FALSE
2020-08-16,6.89,9,6.434490040989964,FALSE
2020-08-17,7.17,6,6.524590771071688,FALSE
2020-08-18,9.8225,11,6.617202947822255,FALSE
2020-08-19,5.6775,7,6.71229912825496,FALSE
2020-08-20,9.165,14,6.809851133319198,FALSE
2020-08-21,6.3175,8,6.909830056250527,FALSE
2020-08-22,6.4875,5,7.0122062711363515,FALSE
2020-08-23,3.775,4,7.1169494416947465,FALSE
2020-08-24,7.7225,7,7.224028530263732,FALSE
2020-08-25,8.805,11,7.3334118069984076,FALSE
2020-08-26,6.64,7,7.445066859273196,FALSE
2020-08-27,7.8175,7,7.558960601286392,FALSE
2020-08-28,7.21,7,7.6750592838642095,FALSE
2020-08-29,3.0225,6,7.793328504461385,FALSE
2020-08-30,6.6225,8,7.9137332173554,FALSE
2020-08-31,6.6575,10,8.036237744031274,FALSE
2020-09-01,11.8675,4,8.160805783753895,FALSE
2020-09-02,9.9,22,8.287400424324684,FALSE
2020-09-03,9.645,6,8.415984153019512,FALSE
2020-09-04,7.775,22,8.5465188677045,FALSE
2020-09-05,6.7325,9,8.678965888126513,FALSE
2020-09-06,5.61,7,8.813285967374966,FALSE
2020-09-07,6.13,7,8.949439303511506,FALSE
2020-09-08,6.855,13,9.087385551364218,FALSE
2020-09-09,6.96,9,9.227083834482723,FALSE
2020-09-10,8.0275,9,9.368492757250811,FALSE
2020-09-11,10.125,14,9.511570417152802,FALSE
2020-09-12,6.72,15,9.656274417190215,FALSE
2020-09-13,8.532499999999999,10,9.802561878444843,FALSE
2020-09-14,10.2575,9,9.950389452784798,FALSE
2020-09-15,9.5975,11,10.099713335709406,FALSE
2020-09-16,10.4925,12,10.250489279329498,FALSE
2020-09-17,10.985,9,10.402672605478955,FALSE
2020-09-18,9.5425,11,10.556218218953866,FALSE
2020-09-19,6.47,8,10.711080620875158,FALSE
2020-09-20,6.62,20,10.867213922170956,FALSE
2020-09-21,9.7,14,11.024571857174434,FALSE
2020-09-22,8.5275,9,11.183107797333413,FALSE
2020-09-23,8.435,21,11.342774765027308,FALSE
2020-09-24,8.51,15,11.503525447487718,FALSE
2020-09-25,9.0025,18,11.66531221081813,FALSE
2020-09-26,5.485,13,11.828087114108941,FALSE
2020-09-27,8.3275,17,11.991801923643319,FALSE
2020-09-28,9.75,11,12.156408127189964,FALSE
2020-09-29,10.3925,11,12.321856948378251,FALSE
2020-09-30,9.5275,17,12.488099361151804,FALSE
2020-10-01,11.945,14,12.655086104295895,FALSE
2020-10-02,10.0325,14,12.822767696034678,FALSE
2020-10-03,10.9975,15,12.991094448693648,FALSE
2020-10-04,9.0525,18,13.1600164834232,FALSE
2020-10-05,11.31,19,13.329483744978806,FALSE
2020-10-06,11.022499999999999,12,13.499446016553474,FALSE
2020-10-07,11.6025,20,13.669852934658037,FALSE
2020-10-08,8.965,17,13.840654004044993,FALSE
2020-10-09,11.0975,14,14.01179861267128,FALSE
2020-10-10,10.275,20,14.183236046695772,FALSE
2020-10-11,9.3325,26,14.354915505506838,FALSE
2020-10-12,13.9525,10,14.526786116775677,FALSE
2020-10-13,10.280000000000001,20,14.698796951530916,FALSE
2020-10-14,10.49,13,14.870897039249911,FALSE
2020-10-15,11.41,8,15.043035382962438,FALSE
2020-10-16,11.6,12,15.215160974362222,FALSE
2020-10-17,9.137500000000001,24,15.38722280892174,FALSE
2020-10-18,8.1525,13,15.55916990100603,FALSE
2020-10-19,10.0625,17,15.730951298980777,FALSE
2020-10-20,15.3675,13,15.902516100310407,FALSE
2020-10-21,11.965,15,16.07381346664163,FALSE
2020-10-22,11.605,12,16.244792638867885,FALSE
2020-10-23,11.030000000000001,17,16.41540295217043,FALSE
2020-10-24,8.395,6,16.585593851031348,FALSE
2020-10-25,10.532499999999999,20,16.755314904214277,FALSE
2020-10-26,12.3275,9,16.9245158197083,FALSE
2020-10-27,12.165,10,17.09314645963049,FALSE
2020-10-28,13.2725,9,17.26115685508288,FALSE
2020-10-29,15.3275,9,17.428497220959358,FALSE
2020-10-30,13.9775,21,17.595117970697995,FALSE
2020-10-31,11.575000000000001,14,17.760969730974686,FALSE
2020-11-01,9.5225,24,17.926003356333478,FALSE
2020-11-02,11.809999999999999,23,18.090169943749473,FALSE
2020-11-03,12.0125,18,18.253420847119795,FALSE
2020-11-04,14.3325,16,18.41570769167856,FALSE
2020-11-05,15.23,14,18.576982388331253,FALSE
2020-11-06,12.57,11,18.73719714790469,FALSE
2020-11-07,11.5175,36,18.896304495307877,FALSE
2020-11-08,8.56,10,19.054257283599974,FALSE
2020-11-09,12.9175,22,19.211008707960893,FALSE
2020-11-10,13.1975,9,19.366512319560638,FALSE
2020-11-11,13.725,12,19.520722039323037,FALSE
2020-11-12,14.1475,17,19.67359217158002,FALSE
2020-11-13,13.7425,20,19.825077417612178,FALSE
2020-11-14,11.115,32,19.9751328890718,FALSE
2020-11-15,10.1425,17,20.123714121284237,FALSE
2020-11-16,15.1625,24,20.270777086423724,FALSE
2020-11-17,15.385,25,20.41627820655981,FALSE
2020-11-18,15.015,11,20.560174366570447,FALSE
2020-11-19,14.1675,26,20.70242292691787,FALSE
2020-11-20,13.785,23,20.842981736283683,FALSE
2020-11-21,12.355,30,20.98180914405916,FALSE
2020-11-22,11.6725,25,21.11886401268724,FALSE
2020-11-23,15.102500000000001,7,21.254105729852455,FALSE
2020-11-24,15.8875,16,21.38749422051527,FALSE
2020-11-25,16.8325,25,21.518989958787124,FALSE
2020-11-26,15.267499999999998,25,21.648553979642866,FALSE
2020-11-27,14.8225,9,21.776147890466888,FALSE
2020-11-28,12.56,13,21.90173388242972,FALSE
2020-11-29,12.29,16,22.025274741691568,FALSE
2020-11-30,15.855,28,22.14673386042961,FALSE
2020-12-01,15.594999999999999,8,22.26607524768565,FALSE
2020-12-02,14.25,36,22.383263540031063,FALSE
2020-12-03,14.6525,9,22.49826401204568,FALSE
2020-12-04,18.2025,13,22.61104258660774,FALSE
2020-12-05,13.444999999999999,40,22.72156584499164,FALSE
2020-12-06,15.235,14,22.829801036770625,FALSE
2020-12-07,17.075,29,22.93571608952147,FALSE
2020-12-08,14.8775,20,23.03927961832821,FALSE
2020-12-09,14.147499999999999,18,23.140460935082174,FALSE
2020-12-10,15.282499999999999,11,23.239230057575536,FALSE
2020-12-11,16.5325,24,23.335557718385694,FALSE
2020-12-12,17.115000000000002,24,23.429415373547833,FALSE
2020-12-13,13.4775,16,23.520775211013095,FALSE
2020-12-14,15.0975,12,23.609610158889943,FALSE
2020-12-15,16.4225,12,23.69589389346611,FALSE
2020-12-16,16.725,15,23.779600847008883,FALSE
2020-12-17,17.93,23,23.86070621534138,FALSE
2020-12-18,16.59,17,23.93918596519257,FALSE
2020-12-19,14.7875,26,24.01501684131884,FALSE
2020-12-20,15.3575,21,24.08817637339503,FALSE
2020-12-21,17.1625,18,24.15864288267287,FALSE
2020-12-22,18.2475,31,24.226395488404876,FALSE
2020-12-23,15.7325,42,24.291414114031745,FALSE
2020-12-24,15.3,12,24.35367949313148,FALSE
2020-12-25,16.945,25,24.41317317512847,FALSE
2020-12-26,15.4375,11,24.46987753076075,FALSE
2020-12-27,12.785,40,24.523775757303973,FALSE
2020-12-28,15.91,18,24.574851883550387,FALSE
2020-12-29,18.4925,27,24.623090774541488,FALSE
2020-12-30,16.697499999999998,21,24.668478136052773,FALSE
2020-12-31,15.7325,20,24.711000518829504,FALSE
2021-01-01,15.545,38,24.711000518829504,FALSE
2021-01-02,16.55,45,24.75064532257195,FALSE
2021-01-03,15.272499999999999,18,24.78740079966915,FALSE
2021-01-04,18.6625,38,24.821256058680007,FALSE
2021-01-05,14.965,37,24.852201067560607,FALSE
2021-01-06,17.31,22,24.880226656636978,FALSE
2021-01-07,15.6575,35,24.90532452132223,FALSE
2021-01-08,15.3475,26,24.9274872245774,FALSE
2021-01-09,14.565,27,24.94670819911521,FALSE
2021-01-10,14.2,45,24.962981749346078,FALSE
2021-01-11,17.6775,35,24.976303053065855,FALSE
2021-01-12,16.68,51,24.98666816288476,FALSE
2021-01-13,14.9425,21,24.994074007397046,FALSE
2021-01-14,15.115,23,24.998518392091164,FALSE
2021-01-15,14.785,22,25,FALSE
2021-01-16,15.997499999999999,43,24.998518392091164,FALSE
2021-01-17,15.4025,33,24.994074007397046,FALSE
2021-01-18,16.75,24,24.98666816288476,FALSE
2021-01-19,14.3525,43,24.976303053065855,FALSE
2021-01-20,13.455,23,24.962981749346078,FALSE
2021-01-21,14.614999999999998,28,24.94670819911521,FALSE
2021-01-22,13.7025,39,24.9274872245774,FALSE
2021-01-23,12.5525,42,24.90532452132223,FALSE
2021-01-24,10.615,29,24.880226656636978,FALSE
2021-01-25,16.68,24,24.852201067560607,FALSE
2021-01-26,14.3325,21,24.821256058680007,FALSE
2021-01-27,17.495,42,24.78740079966915,FALSE
2021-01-28,15.665,17,24.75064532257195,FALSE
2021-01-29,13.780000000000001,28,24.711000518829504,FALSE
2021-01-30,14.1,11,24.668478136052777,FALSE
2021-01-31,14.3,30,24.623090774541488,FALSE
2021-02-01,16.8975,17,24.574851883550394,FALSE
2021-02-02,16.1325,29,24.523775757303973,FALSE
2021-02-03,13.965,27,24.469877530760755,FALSE
2021-02-04,15.4825,33,24.41317317512847,FALSE
2021-02-05,16.805,34,24.35367949313148,FALSE
2021-02-06,11.935,12,24.291414114031745,FALSE
2021-02-07,13.725,42,24.226395488404876,FALSE
2021-02-08,15.83,34,24.158642882672872,FALSE
2021-02-09,16.405,17,24.08817637339503,FALSE
2021-02-10,13.6575,30,24.01501684131884,FALSE
2021-02-11,14.525,43,23.93918596519257,FALSE
2021-02-12,16.7425,29,23.86070621534138,FALSE
2021-02-13,15.61,16,23.77960084700888,FALSE
2021-02-14,12.8925,23,23.69589389346611,FALSE
2021-02-15,14.815,18,23.609610158889943,FALSE
2021-02-16,15.61,15,23.520775211013095,FALSE
2021-02-17,14.317499999999999,67,23.429415373547826,FALSE
2021-02-18,17.3975,27,23.3355577183857,FALSE
2021-02-19,17.2725,34,23.23923005757554,FALSE
2021-02-20,12.0525,30,23.140460935082178,FALSE
2021-02-21,13.719999999999999,26,23.039279618328216,FALSE
2021-02-22,14.7125,30,22.935716089521474,FALSE
2021-02-23,13.8225,23,22.82980103677063,FALSE
2021-02-24,14.3125,18,22.721565844991645,FALSE
2021-02-25,15.515,37,22.611042586607745,FALSE
2021-02-26,11.6075,14,22.498264012045688,FALSE
2021-02-27,13.6325,26,22.383263540031066,FALSE
2021-02-28,12.5,16,22.266075247685656,FALSE
2021-03-01,14.4925,34,22.14673386042961,FALSE
2021-03-02,15.385000000000002,39,22.02527474169157,FALSE
2021-03-03,12.334999999999999,28,21.901733882429717,FALSE
2021-03-04,13.95,21,21.776147890466888,FALSE
2021-03-05,18.240000000000002,9,21.648553979642866,FALSE
2021-03-06,9.1125,21,21.518989958787124,FALSE
2021-03-07,11.805,26,21.387494220515272,FALSE
2021-03-08,12.2625,14,21.254105729852462,FALSE
2021-03-09,14.22,10,21.118864012687244,FALSE
2021-03-10,15.5875,20,20.981809144059163,FALSE
2021-03-11,13.674999999999999,23,20.842981736283683,FALSE
2021-03-12,15.345,13,20.70242292691787,FALSE
2021-03-13,14.700000000000001,22,20.560174366570447,FALSE
2021-03-14,9.6225,25,20.416278206559813,FALSE
2021-03-15,12.215,14,20.27077708642372,FALSE
2021-03-16,13.9275,21,20.123714121284237,FALSE
2021-03-17,16.0475,14,19.97513288907181,FALSE
2021-03-18,11.465,22,19.825077417612185,FALSE
2021-03-19,16.285,27,19.673592171580022,FALSE
2021-03-20,10.1125,11,19.520722039323044,FALSE
2021-03-21,9.3725,17,19.36651231956064,FALSE
2021-03-22,14.5025,6,19.211008707960897,FALSE
2021-03-23,13.8575,14,19.054257283599974,FALSE
2021-03-24,12.4775,11,18.89630449530788,FALSE
2021-03-25,13.4175,15,18.73719714790469,FALSE
2021-03-26,11.7225,12,18.576982388331253,FALSE
2021-03-27,9.195,24,18.415707691678556,FALSE
2021-03-28,11.365,19,18.253420847119802,FALSE
2021-03-29,11.3125,15,18.090169943749473,FALSE
2021-03-30,12.6475,21,17.926003356333485,FALSE
2021-03-31,10.4925,21,17.760969730974686,FALSE
2021-04-01,10.6775,13,17.595117970698,FALSE
2021-04-02,11.7675,11,17.428497220959358,FALSE
2021-04-03,10.3575,17,17.261156855082884,FALSE
2021-04-04,12.475,15,17.093146459630486,FALSE
2021-04-05,13.1425,22,16.9245158197083,FALSE
2021-04-06,13.11,23,16.75531490421428,FALSE
2021-04-07,10.0325,21,16.585593851031348,FALSE
2021-04-08,11.3925,14,16.41540295217043,FALSE
2021-04-09,12.26,15,16.244792638867892,FALSE
2021-04-10,11.525,11,16.07381346664163,FALSE
2021-04-11,8.7125,26,15.902516100310411,FALSE
2021-04-12,12.3725,15,15.730951298980777,FALSE
2021-04-13,11.157499999999999,12,15.559169901006035,FALSE
2021-04-14,8.835,7,15.387222808921745,FALSE
2021-04-15,12.805,10,15.215160974362222,FALSE
2021-04-16,11.57,8,15.043035382962444,FALSE
2021-04-17,11.094999999999999,13,14.870897039249911,FALSE
2021-04-18,7.06,19,14.69879695153092,FALSE
2021-04-19,10.217500000000001,15,14.526786116775682,FALSE
2021-04-20,10.1375,18,14.354915505506838,FALSE
2021-04-21,8.635,16,14.183236046695775,FALSE
2021-04-22,7.535,14,14.011798612671285,FALSE
2021-04-23,9.615,11,13.840654004044996,FALSE
2021-04-24,9.9225,20,13.66985293465804,FALSE
2021-04-25,6.6899999999999995,17,13.499446016553474,FALSE
2021-04-26,10.115,8,13.329483744978807,FALSE
2021-04-27,7.7825,4,13.160016483423199,FALSE
2021-04-28,14.747499999999999,6,12.99109444869365,FALSE
2021-04-29,9.5875,10,12.822767696034681,FALSE
2021-04-30,8.7875,9,12.6550861042959,FALSE
2021-05-01,9.1625,21,12.488099361151807,FALSE
2021-05-02,7.8975,17,12.321856948378258,FALSE
2021-05-03,7.2975,9,12.156408127189966,FALSE
2021-05-04,10.412500000000001,9,11.991801923643326,FALSE
2021-05-05,10.4775,15,11.82808711410894,FALSE
2021-05-06,11.96,7,11.665312210818133,FALSE
2021-05-07,11.1225,6,11.503525447487716,FALSE
2021-05-08,7.97,12,11.342774765027311,FALSE
2021-05-09,10.335,13,11.183107797333411,FALSE
2021-05-10,9.07,4,11.02457185717444,FALSE
2021-05-11,8.1325,14,10.867213922170958,FALSE
2021-05-12,8.9625,12,10.711080620875165,FALSE
2021-05-13,7.0575,7,10.556218218953868,FALSE
2021-05-14,7.52,4,10.40267260547896,FALSE
2021-05-15,4.9925,7,10.2504892793295,FALSE
2021-05-16,5.1525,13,10.099713335709406,FALSE
2021-05-17,9.532499999999999,6,9.950389452784796,FALSE
2021-05-18,10.2025,13,9.802561878444845,FALSE
2021-05-19,12.067499999999999,9,9.656274417190215,FALSE
2021-05-20,8.575,10,9.51157041715281,FALSE
2021-05-21,6.56,5,9.368492757250813,FALSE
2021-05-22,6.1475,3,9.227083834482727,FALSE
2021-05-23,8.9425,3,9.087385551364218,FALSE
2021-05-24,8.2625,6,8.949439303511511,FALSE
2021-05-25,7.5,11,8.813285967374968,FALSE
2021-05-26,7.1375,15,8.678965888126513,FALSE
2021-05-27,10.91,8,8.5465188677045,FALSE
2021-05-28,10.025,6,8.415984153019512,FALSE
2021-05-29,5.9375,11,8.287400424324687,FALSE
2021-05-30,4.9399999999999995,10,8.160805783753894,FALSE
2021-05-31,9.8225,2,8.036237744031279,FALSE
2021-06-01,6.6075,6,7.9137332173554045,FALSE
2021-06-02,6.9625,11,7.793328504461391,FALSE
2021-06-03,6.1825,4,7.67505928386421,FALSE
2021-06-04,7.1025,4,7.558960601286393,FALSE
2021-06-05,8.285,14,7.445066859273197,FALSE
2021-06-06,5.55,14,7.33341180699841,FALSE
2021-06-07,4.9925,12,7.2240285302637295,FALSE
2021-06-08,7.23,6,7.116949441694746,FALSE
2021-06-09,6.5925,3,7.012206271136351,FALSE
2021-06-10,6.7625,2,6.909830056250527,FALSE
2021-06-11,6.5675,4,6.809851133319199,FALSE
2021-06-12,6.1675,6,6.712299128254962,FALSE
2021-06-13,7.0575,5,6.617202947822257,FALSE
2021-06-14,9.1575,11,6.524590771071688,FALSE
2021-06-15,7.0649999999999995,7,6.434490040989964,FALSE
2021-06-16,6.755,11,6.34692745636794,FALSE
2021-06-17,6.0975,4,6.261928963889192,FALSE
2021-06-18,5.225,12,6.179519750441463,FALSE
2021-06-19,5.82,17,6.099724235653234,FALSE
2021-06-20,3.2325,8,6.0225660646576635,FALSE
2021-06-21,5.7775,2,5.948068101086026,FALSE
2021-06-22,8.295,3,5.876252420292726,FALSE
2021-06-23,7.550000000000001,12,5.807140302813895,FALSE
2021-06-24,7.6775,4,5.740752228061503,FALSE
2021-06-25,8.0775,11,5.677107868254867,FALSE
2021-06-26,6.6475,3,5.616226082591359,FALSE
2021-06-27,5.7225,7,5.558124911658007,FALSE
2021-06-28,6.6025,2,5.502821572085685,FALSE
2021-06-29,5.984999999999999,0,5.45033245144745,FALSE
2021-06-30,8.0725,7,5.4006731034025535,FALSE
2021-07-01,5.4125,0,5.353858243087565,FALSE
2021-07-02,3.3925,11,5.3099017427559385,FALSE
2021-07-03,6.57,10,5.2688166276673805,FALSE
2021-07-04,6.75,8,5.230615072228183,FALSE
2021-07-05,8.405,6,5.19530839638368,FALSE
2021-07-06,4.1375,6,5.162907062263903,FALSE
2021-07-07,7.255,1,5.13342067108343,FALSE
2021-07-08,6.505,9,5.106857960296336,FALSE
2021-07-09,4.5775,5,5.0832268010071004,FALSE
2021-07-10,3.0525,3,5.06253419563822,FALSE
2021-07-11,3.8175,2,5.044786275855248,FALSE
2021-07-12,7.9825,13,5.029988300749849,FALSE
2021-07-13,4.33,5,5.018144655281414,FALSE
2021-07-14,5.6125,4,5.0092588489777,FALSE
2021-07-15,5.1875,4,5.003333514894887,FALSE
2021-07-16,7.5475,7,5.000370408837345,FALSE
2021-07-17,3.105,3,5.000370408837345,FALSE
2021-07-18,5.072500000000001,14,5.003333514894887,FALSE
2021-07-19,6.245,1,5.0092588489777,FALSE
2021-07-20,3.54,2,5.018144655281414,FALSE
2021-07-21,6.4525,10,5.029988300749849,FALSE
2021-07-22,8.015,2,5.044786275855248,FALSE
2021-07-23,4.74,3,5.062534195638218,FALSE
2021-07-24,5.0975,0,5.0832268010071004,FALSE
2021-07-25,6.6425,1,5.106857960296336,FALSE
2021-07-26,3.6725,3,5.133420671083428,FALSE
2021-07-27,3.725,6,5.162907062263901,FALSE
2021-07-28,8.7525,5,5.195308396383679,FALSE
2021-07-29,7.6425,3,5.230615072228183,FALSE
2021-07-30,4.905,6,5.2688166276673805,FALSE
2021-07-31,6.74,10,5.309901742755937,FALSE
2021-08-01,5.515,5,5.353858243087565,FALSE
2021-08-02,6.0825,2,5.400673103402555,FALSE
2021-08-03,6.2475000000000005,7,5.450332451447448,FALSE
2021-08-04,5.82,14,5.502821572085683,FALSE
2021-08-05,10.424999999999999,1,5.558124911658005,FALSE
2021-08-06,7.9475,4,5.616226082591357,FALSE
2021-08-07,3.6325000000000003,10,5.677107868254867,FALSE
2021-08-08,5.7275,6,5.740752228061501,FALSE
2021-08-09,5.7525,15,5.807140302813895,FALSE
2021-08-10,6.869999999999999,4,5.876252420292726,FALSE
2021-08-11,6.447500000000001,3,5.948068101086024,FALSE
2021-08-12,6.077500000000001,3,6.0225660646576635,FALSE
2021-08-13,6.195,0,6.099724235653234,FALSE
2021-08-14,6.045,13,6.1795197504414645,FALSE
2021-08-15,5.365,10,6.2619289638891935,FALSE
2021-08-16,5.6925,9,6.34692745636794,FALSE
2021-08-17,6.55,4,6.434490040989964,FALSE
2021-08-18,7.2,7,6.524590771071688,FALSE
2021-08-19,8.835,3,6.617202947822255,FALSE
2021-08-20,6.62,13,6.71229912825496,FALSE
2021-08-21,2.965,3,6.809851133319198,FALSE
2021-08-22,6.61,6,6.909830056250527,FALSE
2021-08-23,8.0225,9,7.0122062711363515,FALSE
2021-08-24,8.06,7,7.1169494416947465,FALSE
2021-08-25,5.4975,10,7.224028530263732,FALSE
2021-08-26,8.8925,6,7.3334118069984076,FALSE
2021-08-27,7.2625,4,7.445066859273196,FALSE
2021-08-28,4.775,5,7.558960601286392,FALSE
2021-08-29,6.3774999999999995,12,7.6750592838642095,FALSE
2021-08-30,8.835,14,7.793328504461385,FALSE
2021-08-31,8.34,2,7.9137332173554,FALSE
2021-09-01,7.13,4,8.036237744031274,FALSE
2021-09-02,9.4475,8,8.160805783753895,FALSE
2021-09-03,7.2875,4,8.287400424324684,FALSE
2021-09-04,5.04,6,8.415984153019512,FALSE
2021-09-05,7.5625,10,8.5465188677045,FALSE
2021-09-06,6.522500000000001,8,8.678965888126513,FALSE
2021-09-07,9.6925,10,8.813285967374966,FALSE
2021-09-08,7.5725,8,8.949439303511506,FALSE
2021-09-09,6.27,11,9.087385551364218,FALSE
2021-09-10,7.535,9,9.227083834482723,FALSE
2021-09-11,7.1475,4,9.368492757250811,FALSE
2021-09-12,6.915,10,9.511570417152802,FALSE
2021-09-13,9.19,21,9.656274417190215,FALSE
2021-09-14,8.4675,7,9.802561878444843,FALSE
2021-09-15,8.6925,13,9.950389452784798,FALSE
2021-09-16,5.92,13,10.099713335709406,FALSE
2021-09-17,6.1825,8,10.250489279329498,FALSE
2021-09-18,6.5275,11,10.402672605478955,FALSE
2021-09-19,6.8875,17,10.556218218953866,FALSE
2021-09-20,9.7375,10,10.711080620875158,FALSE
2021-09-21,7.6675,10,10.867213922170956,FALSE
2021-09-22,9.015,10,11.024571857174434,FALSE
2021-09-23,9.4575,12,11.183107797333413,FALSE
2021-09-24,6.705,15,11.342774765027308,FALSE
2021-09-25,7.2625,8,11.503525447487718,FALSE
2021-09-26,8.87,8,11.66531221081813,FALSE
2021-09-27,10.5025,8,11.828087114108941,FALSE
2021-09-28,8.4525,14,11.991801923643319,FALSE
2021-09-29,11.219999999999999,7,12.156408127189964,FALSE
2021-09-30,8.5375,28,12.321856948378251,FALSE
2021-10-01,10.29,16,12.488099361151804,FALSE
2021-10-02,6.005,8,12.655086104295895,FALSE
2021-10-03,5.43,18,12.822767696034678,FALSE
2021-10-04,9.9725,19,12.991094448693648,FALSE
2021-10-05,10.8525,18,13.1600164834232,FALSE
2021-10-06,8.84,7,13.329483744978806,FALSE
2021-10-07,8.549999999999999,15,13.499446016553474,FALSE
2021-10-08,9.715,7,13.669852934658037,FALSE
2021-10-09,8.125,9,13.840654004044993,FALSE
2021-10-10,11.307500000000001,13,14.01179861267128,FALSE
2021-10-11,9.76,11,14.183236046695772,FALSE
2021-10-12,10.46,17,14.354915505506838,FALSE
2021-10-13,11.145,12,14.526786116775677,FALSE
2021-10-14,9.442499999999999,10,14.698796951530916,FALSE
2021-10-15,10.265,15,14.870897039249911,FALSE
2021-10-16,12.82,25,15.043035382962438,FALSE
2021-10-17,7.2975,17,15.215160974362222,FALSE
2021-10-18,10.567499999999999,5,15.38722280892174,FALSE
2021-10-19,12.055,16,15.55916990100603,FALSE
2021-10-20,9.8125,12,15.730951298980777,FALSE
2021-10-21,13.350000000000001,7,15.902516100310407,FALSE
2021-10-22,11.695,20,16.07381346664163,FALSE
2021-10-23,8.7,15,16.244792638867885,FALSE
2021-10-24,9.3925,15,16.41540295217043,FALSE
2021-10-25,8.1675,14,16.585593851031348,TRUE
2021-10-26,10.7875,17,16.755314904214277,TRUE
2021-10-27,8.81,12,16.9245158197083,TRUE
2021-10-28,11.8725,14,17.09314645963049,TRUE
2021-10-29,6.99,16,17.26115685508288,TRUE
2021-10-30,5.945,24,17.428497220959358,TRUE
2021-10-31,10.3125,12,17.595117970697995,TRUE
2021-11-01,11.015,17,17.760969730974686,TRUE
2021-11-02,12.665,10,17.926003356333478,TRUE
2021-11-03,11.26,13,18.090169943749473,TRUE
2021-11-04,10.030000000000001,16,18.253420847119795,TRUE
2021-11-05,11.1275,21,18.41570769167856,TRUE
2021-11-06,8.2175,15,18.576982388331253,TRUE
2021-11-07,10.057500000000001,13,18.73719714790469,TRUE
2021-11-08,11.01,13,18.896304495307877,TRUE
2021-11-09,9.625,23,19.054257283599974,TRUE
2021-11-10,9.815,26,19.211008707960893,TRUE
2021-11-11,11.015,26,19.366512319560638,TRUE
2021-11-12,9.2775,11,19.520722039323037,TRUE
2021-11-13,8.9625,12,19.67359217158002,TRUE
2021-11-14,9.09,37,19.825077417612178,TRUE
2021-11-15,12.440000000000001,17,19.9751328890718,TRUE
2021-11-16,11.185,12,20.123714121284237,TRUE
2021-11-17,9.92,19,20.270777086423724,TRUE
2021-11-18,11.285,26,20.41627820655981,TRUE
2021-11-19,11.0125,20,20.560174366570447,TRUE
2021-11-20,10.2225,32,20.70242292691787,TRUE
2021-11-21,8.1575,32,20.842981736283683,TRUE
2021-11-22,10.0475,23,20.98180914405916,TRUE
2021-11-23,10.74,33,21.11886401268724,TRUE
2021-11-24,12.4675,28,21.254105729852455,TRUE
2021-11-25,11.5725,24,21.38749422051527,TRUE
2021-11-26,10.8825,33,21.518989958787124,TRUE
2021-11-27,11.035,21,21.648553979642866,TRUE
2021-11-28,7.66,18,21.776147890466888,TRUE
2021-11-29,12.5925,16,21.90173388242972,TRUE
2021-11-30,14.265,22,22.025274741691568,TRUE
2021-12-01,13.285,14,22.14673386042961,TRUE
2021-12-02,14.0325,28,22.26607524768565,TRUE
2021-12-03,12.7675,30,22.383263540031063,TRUE
2021-12-04,9.772499999999999,22,22.49826401204568,TRUE
2021-12-05,10.5475,54,22.61104258660774,TRUE
2021-12-06,12.684999999999999,31,22.72156584499164,TRUE
2021-12-07,12.9475,25,22.829801036770625,TRUE
2021-12-08,13.715,31,22.93571608952147,TRUE
2021-12-09,13.955,17,23.03927961832821,TRUE
2021-12-10,12.5575,28,23.140460935082174,TRUE
2021-12-11,11.99,33,23.239230057575536,TRUE
2021-12-12,11.565,28,23.335557718385694,TRUE
2021-12-13,15.3825,22,23.429415373547833,TRUE
2021-12-14,15.4675,44,23.520775211013095,TRUE
2021-12-15,13.4875,22,23.609610158889943,TRUE
2021-12-16,12.8825,22,23.69589389346611,TRUE
2021-12-17,14.9225,25,23.779600847008883,TRUE
2021-12-18,10.3,27,23.86070621534138,TRUE
2021-12-19,10.9575,25,23.93918596519257,TRUE
2021-12-20,13.692499999999999,17,24.01501684131884,TRUE
2021-12-21,14,21,24.08817637339503,TRUE
2021-12-22,11.8225,16,24.15864288267287,TRUE
2021-12-23,10.0825,53,24.226395488404876,TRUE
2021-12-24,14.6075,49,24.291414114031745,TRUE
2021-12-25,11.8825,45,24.35367949313148,TRUE
2021-12-26,11.82,23,24.41317317512847,TRUE
2021-12-27,14.6825,21,24.46987753076075,TRUE
2021-12-28,14.54,12,24.523775757303973,TRUE
2021-12-29,14.055,43,24.574851883550387,TRUE
2021-12-30,14.4275,6,24.623090774541488,TRUE
2021-12-31,14.57,24,24.668478136052773,TRUE
2022-01-01,10.86,12,24.711000518829504,TRUE
2022-01-02,8.705,28,24.75064532257195,TRUE
2022-01-03,11.02,20,24.78740079966915,TRUE
2022-01-04,11.08,36,24.821256058680007,TRUE
2022-01-05,14.495,41,24.852201067560607,TRUE
2022-01-06,13.425,34,24.880226656636978,TRUE
2022-01-07,12.7625,24,24.90532452132223,TRUE
2022-01-08,11.645,28,24.9274872245774,TRUE
2022-01-09,13.5425,30,24.94670819911521,TRUE
2022-01-10,13.035,55,24.962981749346078,TRUE
2022-01-11,11.8,29,24.976303053065855,TRUE
2022-01-12,14.997499999999999,38,24.98666816288476,TRUE
2022-01-13,11.0925,34,24.994074007397046,TRUE
2022-01-14,15.165000000000001,36,24.998518392091164,TRUE
2022-01-15,9.932500000000001,36,25,TRUE
2022-01-16,9.56,35,24.998518392091164,TRUE
2022-01-17,10.7675,24,24.994074007397046,TRUE
2022-01-18,11.21,31,24.98666816288476,TRUE
2022-01-19,11.8075,34,24.976303053065855,TRUE
2022-01-20,14.23,17,24.962981749346078,TRUE
2022-01-21,12.872499999999999,17,24.94670819911521,TRUE
2022-01-22,13.155,20,24.9274872245774,TRUE
2022-01-23,14.3475,35,24.90532452132223,TRUE
2022-01-24,12.7775,19,24.880226656636978,TRUE
2022-01-25,11.4025,17,24.852201067560607,TRUE
2022-01-26,13.39,46,24.821256058680007,TRUE
2022-01-27,13.37,18,24.78740079966915,TRUE
2022-01-28,14.7525,43,24.75064532257195,TRUE
2022-01-29,11.8,28,24.711000518829504,TRUE
2022-01-30,10.795,28,24.668478136052777,TRUE
2022-01-31,11.084999999999999,16,24.623090774541488,TRUE
2022-02-01,14.1325,33,24.574851883550394,TRUE
2022-02-02,12.16,31,24.523775757303973,TRUE
2022-02-03,14.2325,25,24.469877530760755,TRUE
2022-02-04,12.41,38,24.41317317512847,TRUE
2022-02-05,11.8625,28,24.35367949313148,TRUE
2022-02-06,9.0075,21,24.291414114031745,TRUE
2022-02-07,10.9625,15,24.226395488404876,TRUE
2022-02-08,14.2775,15,24.158642882672872,TRUE
2022-02-09,12.0575,33,24.08817637339503,TRUE
2022-02-10,11.975,28,24.01501684131884,TRUE
2022-02-11,13.084999999999999,27,23.93918596519257,TRUE
2022-02-12,9.615,33,23.86070621534138,TRUE
2022-02-13,8.6925,48,23.77960084700888,TRUE
2022-02-14,13.4475,26,23.69589389346611,TRUE
2022-02-15,10.5875,15,23.609610158889943,TRUE
2022-02-16,11.53,32,23.520775211013095,TRUE
2022-02-17,13.5,37,23.429415373547826,TRUE
2022-02-18,12.809999999999999,33,23.3355577183857,TRUE
2022-02-19,10.9175,25,23.23923005757554,TRUE
2022-02-20,10.3475,30,23.140460935082178,TRUE
2022-02-21,13.6325,19,23.039279618328216,TRUE
2022-02-22,9.1825,21,22.935716089521474,TRUE
2022-02-23,12.317499999999999,22,22.82980103677063,TRUE
2022-02-24,12.622499999999999,29,22.721565844991645,TRUE
2022-02-25,12.7975,18,22.611042586607745,TRUE
2022-02-26,12.015,21,22.498264012045688,TRUE
2022-02-27,9.4075,22,22.383263540031066,TRUE
2022-02-28,12.21,24,22.266075247685656,TRUE
2022-03-01,12.2525,36,22.14673386042961,TRUE
2022-03-02,9,11,22.02527474169157,TRUE
2022-03-03,9.7625,15,21.901733882429717,TRUE
2022-03-04,9.2075,15,21.776147890466888,TRUE
2022-03-05,11.120000000000001,15,21.648553979642866,TRUE
2022-03-06,7.3925,15,21.518989958787124,TRUE
2022-03-07,11.442499999999999,20,21.387494220515272,TRUE
2022-03-08,11.6225,12,21.254105729852462,TRUE
2022-03-09,13.247499999999999,9,21.118864012687244,TRUE
2022-03-10,11.6225,21,20.981809144059163,TRUE
2022-03-11,10.01,18,20.842981736283683,TRUE
2022-03-12,7.77,21,20.70242292691787,TRUE
2022-03-13,9.98,12,20.560174366570447,TRUE
2022-03-14,12.8575,34,20.416278206559813,TRUE
2022-03-15,9.3025,36,20.27077708642372,TRUE
2022-03-16,11.317499999999999,20,20.123714121284237,TRUE
2022-03-17,13.350000000000001,18,19.97513288907181,TRUE
2022-03-18,12.684999999999999,23,19.825077417612185,TRUE
2022-03-19,8.4325,19,19.673592171580022,TRUE
2022-03-20,9.5225,17,19.520722039323044,TRUE
2022-03-21,11.8125,25,19.36651231956064,TRUE
2022-03-22,10.95,16,19.211008707960897,TRUE
2022-03-23,10.7675,11,19.054257283599974,TRUE
2022-03-24,9,18,18.89630449530788,TRUE
2022-03-25,11,19,18.73719714790469,TRUE
2022-03-26,11.120000000000001,15,18.576982388331253,TRUE
2022-03-27,5.9575,16,18.415707691678556,TRUE
2022-03-28,10.9,11,18.253420847119802,TRUE
2022-03-29,9.190000000000001,18,18.090169943749473,TRUE
2022-03-30,11.42,8,17.926003356333485,TRUE
2022-03-31,9.8,25,17.760969730974686,TRUE
2022-04-01,10.25,21,17.595117970698,TRUE
2022-04-02,7.3275,17,17.428497220959358,TRUE
2022-04-03,10.780000000000001,23,17.261156855082884,TRUE
2022-04-04,10.74,6,17.093146459630486,TRUE
2022-04-05,10.9375,37,16.9245158197083,TRUE
2022-04-06,9.36,21,16.75531490421428,TRUE
2022-04-07,7.86,9,16.585593851031348,TRUE
2022-04-08,10.3375,5,16.41540295217043,TRUE
2022-04-09,6.2225,22,16.244792638867892,TRUE
2022-04-10,6.4075,11,16.07381346664163,TRUE
2022-04-11,9.9675,9,15.902516100310411,TRUE
2022-04-12,10.0875,14,15.730951298980777,TRUE
2022-04-13,7.265000000000001,12,15.559169901006035,TRUE
2022-04-14,8.540000000000001,6,15.387222808921745,TRUE
2022-04-15,8.265,8,15.215160974362222,TRUE
2022-04-16,5.93,15,15.043035382962444,TRUE
2022-04-17,5.8375,26,14.870897039249911,TRUE
2022-04-18,7.875,14,14.69879695153092,TRUE
2022-04-19,7.08,12,14.526786116775682,TRUE
2022-04-20,8.625,7,14.354915505506838,TRUE
2022-04-21,8.307500000000001,18,14.183236046695775,TRUE
2022-04-22,6.9675,14,14.011798612671285,TRUE
2022-04-23,4.555,24,13.840654004044996,TRUE
2022-04-24,7.1675,19,13.66985293465804,TRUE
2022-04-25,8.5275,10,13.499446016553474,TRUE
2022-04-26,4.2125,17,13.329483744978807,TRUE
2022-04-27,9.9075,10,13.160016483423199,TRUE
2022-04-28,8.4025,7,12.99109444869365,TRUE
2022-04-29,5.365,18,12.822767696034681,TRUE
2022-04-30,4.175,12,12.6550861042959,TRUE
2022-05-01,3.06,10,12.488099361151807,TRUE
2022-05-02,6.6525,11,12.321856948378258,TRUE
2022-05-03,7.53,6,12.156408127189966,TRUE
2022-05-04,8.03,10,11.991801923643326,TRUE
2022-05-05,8.7525,13,11.82808711410894,TRUE
2022-05-06,6.6975,10,11.665312210818133,TRUE
2022-05-07,6.635,10,11.503525447487716,TRUE
2022-05-08,5.23,10,11.342774765027311,TRUE
2022-05-09,10.6575,5,11.183107797333411,TRUE
2022-05-10,7.655,10,11.02457185717444,TRUE
2022-05-11,6.8575,9,10.867213922170958,TRUE
2022-05-12,8.1275,13,10.711080620875165,TRUE
2022-05-13,9.3725,8,10.556218218953868,TRUE
2022-05-14,4.65,5,10.40267260547896,TRUE
2022-05-15,5.03,15,10.2504892793295,TRUE
2022-05-16,5.4775,15,10.099713335709406,TRUE
2022-05-17,8.405,19,9.950389452784796,TRUE
2022-05-18,7.0725,12,9.802561878444845,TRUE
2022-05-19,9.27,13,9.656274417190215,TRUE
2022-05-20,6.32,7,9.51157041715281,TRUE
2022-05-21,3.8175,9,9.368492757250813,TRUE
2022-05-22,5.8100000000000005,4,9.227083834482727,TRUE
2022-05-23,7.485,7,9.087385551364218,TRUE
2022-05-24,4.135,2,8.949439303511511,TRUE
2022-05-25,6.6875,14,8.813285967374968,TRUE
2022-05-26,6.84,10,8.678965888126513,TRUE
2022-05-27,6.7299999999999995,6,8.5465188677045,TRUE
2022-05-28,4.5825,7,8.415984153019512,TRUE
2022-05-29,5.07,5,8.287400424324687,TRUE
2022-05-30,3.775,9,8.160805783753894,TRUE
2022-05-31,4.255,9,8.036237744031279,TRUE
2022-06-01,5.4025,10,7.9137332173554045,TRUE
2022-06-02,5.385,7,7.793328504461391,TRUE
2022-06-03,4.65,4,7.67505928386421,TRUE
2022-06-04,3.635,8,7.558960601286393,TRUE
2022-06-05,2.4074999999999998,8,7.445066859273197,TRUE
2022-06-06,5.8,10,7.33341180699841,TRUE
2022-06-07,5.3149999999999995,4,7.2240285302637295,TRUE
2022-06-08,3.9725,1,7.116949441694746,TRUE
2022-06-09,4.62,5,7.012206271136351,TRUE
2022-06-10,3.33,12,6.909830056250527,TRUE
2022-06-11,3.025,12,6.809851133319199,TRUE
2022-06-12,3.535,4,6.712299128254962,TRUE
2022-06-13,2.9775,10,6.617202947822257,TRUE
2022-06-14,3.4699999999999998,3,6.524590771071688,TRUE
2022-06-15,5.035,16,6.434490040989964,TRUE
2022-06-16,4.1325,4,6.34692745636794,TRUE
2022-06-17,4.09,8,6.261928963889192,TRUE
2022-06-18,4.97,10,6.179519750441463,TRUE
2022-06-19,1.325,9,6.099724235653234,TRUE
2022-06-20,5.0600000000000005,1,6.0225660646576635,TRUE
2022-06-21,3.0375,5,5.948068101086026,TRUE
2022-06-22,4.245,2,5.876252420292726,TRUE
2022-06-23,3.7225,4,5.807140302813895,TRUE
2022-06-24,3.1875,7,5.740752228061503,TRUE
2022-06-25,2.4775,2,5.677107868254867,TRUE
2022-06-26,1.46,9,5.616226082591359,TRUE
2022-06-27,3.4425,2,5.558124911658007,TRUE
2022-06-28,5.6274999999999995,11,5.502821572085685,TRUE
2022-06-29,5.215,3,5.45033245144745,TRUE
2022-06-30,3.9675,3,5.4006731034025535,TRUE
2022-07-01,3.0300000000000002,8,5.353858243087565,TRUE
2022-07-02,2.9475,2,5.3099017427559385,TRUE
2022-07-03,2.97,5,5.2688166276673805,TRUE
2022-07-04,3.6125,7,5.230615072228183,TRUE
2022-07-05,3.6925,2,5.19530839638368,TRUE
2022-07-06,4.4775,5,5.162907062263903,TRUE
2022-07-07,3.6824999999999997,3,5.13342067108343,TRUE
2022-07-08,4.6225000000000005,11,5.106857960296336,TRUE
2022-07-09,2.74,5,5.0832268010071004,TRUE
2022-07-10,3.95,2,5.06253419563822,TRUE
2022-07-11,2.855,5,5.044786275855248,TRUE
2022-07-12,4.47,4,5.029988300749849,TRUE
2022-07-13,2.9525,5,5.018144655281414,TRUE
2022-07-14,4.635,4,5.0092588489777,TRUE
2022-07-15,5.09,5,5.003333514894887,TRUE
2022-07-16,3.795,6,5.000370408837345,TRUE
2022-07-17,4.465,2,5.000370408837345,TRUE
2022-07-18,3.29,6,5.003333514894887,TRUE
2022-07-19,3.8024999999999998,1,5.0092588489777,TRUE
2022-07-20,6.78,5,5.018144655281414,TRUE
2022-07-21,2.7800000000000002,6,5.029988300749849,TRUE
2022-07-22,4.165,6,5.044786275855248,TRUE
2022-07-23,2.8925,7,5.062534195638218,TRUE
2022-07-24,1.74,2,5.0832268010071004,TRUE
2022-07-25,3.6174999999999997,6,5.106857960296336,TRUE
2022-07-26,5.3875,4,5.133420671083428,TRUE
2022-07-27,3.335,4,5.162907062263901,TRUE
2022-07-28,5.1,2,5.195308396383679,TRUE
2022-07-29,4.6675,8,5.230615072228183,TRUE
2022-07-30,2.1675,16,5.2688166276673805,TRUE
2022-07-31,2.6950000000000003,7,5.309901742755937,TRUE
2022-08-01,4.2675,5,5.353858243087565,TRUE
2022-08-02,3.33,2,5.400673103402555,TRUE
2022-08-03,5.6125,9,5.450332451447448,TRUE
2022-08-04,3.44,1,5.502821572085683,TRUE
2022-08-05,4.4799999999999995,5,5.558124911658005,TRUE
2022-08-06,2.6275,8,5.616226082591357,TRUE
2022-08-07,2.9225000000000003,8,5.677107868254867,TRUE
2022-08-08,2.8925,3,5.740752228061501,TRUE
2022-08-09,3.77,7,5.807140302813895,TRUE
2022-08-10,4.569999999999999,11,5.876252420292726,TRUE
2022-08-11,4.54,6,5.948068101086024,TRUE
2022-08-12,3.2975000000000003,9,6.0225660646576635,TRUE
2022-08-13,2.675,10,6.099724235653234,TRUE
2022-08-14,3.9075,7,6.1795197504414645,TRUE
2022-08-15,3.4825,7,6.2619289638891935,TRUE
2022-08-16,2.9775,9,6.34692745636794,TRUE
2022-08-17,1.7725,7,6.434490040989964,TRUE
2022-08-18,5.72,6,6.524590771071688,TRUE
2022-08-19,3.9074999999999998,6,6.617202947822255,TRUE
2022-08-20,1.645,7,6.71229912825496,TRUE
2022-08-21,4.3425,6,6.809851133319198,TRUE
2022-08-22,7.6899999999999995,3,6.909830056250527,TRUE
2022-08-23,3.805,9,7.0122062711363515,TRUE
2022-08-24,4.2175,7,7.1169494416947465,TRUE
2022-08-25,3.6875,13,7.224028530263732,TRUE
2022-08-26,3.045,5,7.3334118069984076,TRUE
2022-08-27,1.4224999999999999,5,7.445066859273196,TRUE
2022-08-28,2.3425,8,7.558960601286392,TRUE
2022-08-29,6.035,8,7.6750592838642095,TRUE
2022-08-30,6.1899999999999995,4,7.793328504461385,TRUE
2022-08-31,3.0775,8,7.9137332173554,TRUE
2022-09-01,5.0625,9,8.036237744031274,TRUE
2022-09-02,4.5525,9,8.160805783753895,TRUE
2022-09-03,3.2475,4,8.287400424324684,TRUE
2022-09-04,3.79,8,8.415984153019512,TRUE
2022-09-05,3.085,15,8.5465188677045,TRUE
2022-09-06,5.8825,14,8.678965888126513,TRUE
2022-09-07,6.46,3,8.813285967374966,TRUE
2022-09-08,5.0525,15,8.949439303511506,TRUE
2022-09-09,4.1525,17,9.087385551364218,TRUE
2022-09-10,4.2875,5,9.227083834482723,TRUE
2022-09-11,2.59,3,9.368492757250811,TRUE
2022-09-12,6.405,11,9.511570417152802,TRUE
2022-09-13,4.8375,10,9.656274417190215,TRUE
2022-09-14,4.8275,6,9.802561878444843,TRUE
2022-09-15,6.105,11,9.950389452784798,TRUE
2022-09-16,4.867500000000001,15,10.099713335709406,TRUE
2022-09-17,5.1375,16,10.250489279329498,TRUE
2022-09-18,2.91,9,10.402672605478955,TRUE
2022-09-19,6.154999999999999,7,10.556218218953866,TRUE
2022-09-20,4.2825,14,10.711080620875158,TRUE
2022-09-21,3.6575,18,10.867213922170956,TRUE
2022-09-22,5.8875,16,11.024571857174434,TRUE
2022-09-23,4.9925,9,11.183107797333413,TRUE
2022-09-24,3.2575000000000003,14,11.342774765027308,TRUE
2022-09-25,5.9825,14,11.503525447487718,TRUE
2022-09-26,5.8075,16,11.66531221081813,TRUE
2022-09-27,5.865,13,11.828087114108941,TRUE
2022-09-28,6.5075,16,11.991801923643319,TRUE
2022-09-29,7.074999999999999,19,12.156408127189964,TRUE
2022-09-30,4.9925,11,12.321856948378251,TRUE
2022-10-01,6.1025,17,12.488099361151804,TRUE
2022-10-02,5.422499999999999,8,12.655086104295895,TRUE
2022-10-03,8.175,13,12.822767696034678,TRUE
2022-10-04,10.4475,15,12.991094448693648,TRUE
2022-10-05,6.3975,11,13.1600164834232,TRUE
2022-10-06,6.7075,16,13.329483744978806,TRUE
2022-10-07,9.09,16,13.499446016553474,TRUE
2022-10-08,6.985,13,13.669852934658037,TRUE
2022-10-09,6.5225,9,13.840654004044993,TRUE
2022-10-10,8.68,16,14.01179861267128,TRUE
2022-10-11,5.2525,5,14.183236046695772,TRUE
2022-10-12,9.0475,8,14.354915505506838,TRUE
2022-10-13,6.51,13,14.526786116775677,TRUE
2022-10-14,7.5675,16,14.698796951530916,TRUE
2022-10-15,6.205,11,14.870897039249911,TRUE
2022-10-16,6.7825,17,15.043035382962438,TRUE
2022-10-17,6.165,10,15.215160974362222,TRUE
2022-10-18,8.9575,19,15.38722280892174,TRUE
2022-10-19,10.12,25,15.55916990100603,TRUE
2022-10-20,6.73,16,15.730951298980777,TRUE
2022-10-21,8.93,13,15.902516100310407,TRUE
2022-10-22,5.4775,14,16.07381346664163,TRUE
2022-10-23,7.779999999999999,7,16.244792638867885,TRUE
2022-10-24,8.737499999999999,19,16.41540295217043,TRUE
2022-10-25,7.375,20,16.585593851031348,TRUE
2022-10-26,9.3475,29,16.755314904214277,TRUE
2022-10-27,5.13,11,16.9245158197083,TRUE
2022-10-28,6.585,12,17.09314645963049,TRUE
2022-10-29,7.3825,25,17.26115685508288,TRUE
2022-10-30,5.4775,13,17.428497220959358,TRUE
2022-10-31,9.97,33,17.595117970697995,TRUE
2022-11-01,9.025,26,17.760969730974686,TRUE
2022-11-02,7.1025,16,17.926003356333478,TRUE
2022-11-03,10.8925,12,18.090169943749473,TRUE
2022-11-04,8.3475,16,18.253420847119795,TRUE
2022-11-05,8.2375,25,18.41570769167856,TRUE
2022-11-06,9.84,15,18.576982388331253,TRUE
2022-11-07,11.375,17,18.73719714790469,TRUE
2022-11-08,11.6125,12,18.896304495307877,TRUE
2022-11-09,13.395,21,19.054257283599974,TRUE
2022-11-10,11.005,29,19.211008707960893,TRUE
2022-11-11,9.33,24,19.366512319560638,TRUE
2022-11-12,8.030000000000001,25,19.520722039323037,TRUE
2022-11-13,8.4325,15,19.67359217158002,TRUE
2022-11-14,8.807500000000001,23,19.825077417612178,TRUE
2022-11-15,11.2325,23,19.9751328890718,TRUE
2022-11-16,12.94,11,20.123714121284237,TRUE
2022-11-17,9.5675,14,20.270777086423724,TRUE
2022-11-18,9.8625,16,20.41627820655981,TRUE
2022-11-19,9.7725,22,20.560174366570447,TRUE
2022-11-20,8.765,14,20.70242292691787,TRUE
2022-11-21,10.19,20,20.842981736283683,TRUE
2022-11-22,12.8125,20,20.98180914405916,TRUE
2022-11-23,11.79,18,21.11886401268724,TRUE
2022-11-24,10.9725,25,21.254105729852455,TRUE
2022-11-25,11.175,17,21.38749422051527,TRUE
2022-11-26,11.0525,16,21.518989958787124,TRUE
2022-11-27,9.0325,14,21.648553979642866,TRUE
2022-11-28,11.0625,33,21.776147890466888,TRUE
2022-11-29,8.175,18,21.90173388242972,TRUE
2022-11-30,11.067499999999999,49,22.025274741691568,TRUE
2022-12-01,12.4925,11,22.14673386042961,TRUE
2022-12-02,10.1,19,22.26607524768565,TRUE
2022-12-03,12.1725,27,22.383263540031063,TRUE
2022-12-04,10.379999999999999,21,22.49826401204568,TRUE
2022-12-05,11.235,35,22.61104258660774,TRUE
2022-12-06,13.845,15,22.72156584499164,TRUE
2022-12-07,13.5925,23,22.829801036770625,TRUE
2022-12-08,13.1625,28,22.93571608952147,TRUE
2022-12-09,12.2025,22,23.03927961832821,TRUE
2022-12-10,10.9625,19,23.140460935082174,TRUE
2022-12-11,9.1125,21,23.239230057575536,TRUE
2022-12-12,9.23,20,23.335557718385694,TRUE
2022-12-13,12.365,28,23.429415373547833,TRUE
2022-12-14,13.095,26,23.520775211013095,TRUE
2022-12-15,11.055,24,23.609610158889943,TRUE
2022-12-16,12.584999999999999,30,23.69589389346611,TRUE
2022-12-17,9.4375,18,23.779600847008883,TRUE
2022-12-18,10.0575,10,23.86070621534138,TRUE
2022-12-19,13.38,49,23.93918596519257,TRUE
2022-12-20,13.9675,27,24.01501684131884,TRUE
2022-12-21,13.0175,33,24.08817637339503,TRUE
2022-12-22,13.175,20,24.15864288267287,TRUE
2022-12-23,14.8175,23,24.226395488404876,TRUE
2022-12-24,10.754999999999999,33,24.291414114031745,TRUE
2022-12-25,12.149999999999999,23,24.35367949313148,TRUE
2022-12-26,12.3675,18,24.41317317512847,TRUE
2022-12-27,12.6275,26,24.46987753076075,TRUE
2022-12-28,12.27,31,24.523775757303973,TRUE
2022-12-29,13.39,38,24.574851883550387,TRUE
2022-12-30,13.0975,29,24.623090774541488,TRUE
2022-12-31,9.385,12,24.668478136052773,TRUE
2023-01-01,12.5,36,24.711000518829504,TRUE
2023-01-02,12.8625,25,24.75064532257195,TRUE
2023-01-03,10.7025,29,24.78740079966915,TRUE
2023-01-04,12.23,30,24.821256058680007,TRUE
2023-01-05,11.4825,36,24.852201067560607,TRUE
2023-01-06,11.965,22,24.880226656636978,TRUE
2023-01-07,12.3225,29,24.90532452132223,TRUE
2023-01-08,13.219999999999999,34,24.9274872245774,TRUE
2023-01-09,11.355,24,24.94670819911521,TRUE
2023-01-10,14.307500000000001,16,24.962981749346078,TRUE
2023-01-11,12.0175,31,24.976303053065855,TRUE
2023-01-12,13.774999999999999,42,24.98666816288476,TRUE
2023-01-13,13.845,12,24.994074007397046,TRUE
2023-01-14,11.3575,44,24.998518392091164,TRUE
2023-01-15,9.945,42,25,TRUE
2023-01-16,14.2425,40,24.998518392091164,TRUE
2023-01-17,12.7875,26,24.994074007397046,TRUE
2023-01-18,14.1175,36,24.98666816288476,TRUE
2023-01-19,14.82,33,24.976303053065855,TRUE
2023-01-20,13.7325,18,24.962981749346078,TRUE
2023-01-21,10.1875,43,24.94670819911521,TRUE
2023-01-22,11.1275,27,24.9274872245774,TRUE
2023-01-23,15.307500000000001,31,24.90532452132223,TRUE
2023-01-24,12.190000000000001,29,24.880226656636978,TRUE
2023-01-25,15.085,30,24.852201067560607,TRUE
2023-01-26,12.5,61,24.821256058680007,TRUE
2023-01-27,13.05,30,24.78740079966915,TRUE
2023-01-28,9.2475,28,24.75064532257195,TRUE
2023-01-29,9.959999999999999,19,24.711000518829504,TRUE
2023-01-30,14.7875,25,24.668478136052777,TRUE
2023-01-31,11.615,39,24.623090774541488,TRUE
2023-02-01,12.139999999999999,25,24.574851883550394,TRUE
2023-02-02,12.467500000000001,31,24.523775757303973,TRUE
2023-02-03,11.59,29,24.469877530760755,TRUE
2023-02-04,8.9625,30,24.41317317512847,TRUE
2023-02-05,8.7475,14,24.35367949313148,TRUE
2023-02-06,14.2425,14,24.291414114031745,TRUE
2023-02-07,8.2925,28,24.226395488404876,TRUE
2023-02-08,14.52,25,24.158642882672872,TRUE
2023-02-09,10.1325,38,24.08817637339503,TRUE
2023-02-10,11.735,23,24.01501684131884,TRUE
2023-02-11,9.6725,31,23.93918596519257,TRUE
2023-02-12,11.075000000000001,31,23.86070621534138,TRUE
2023-02-13,10.735,14,23.77960084700888,TRUE
2023-02-14,11.4925,20,23.69589389346611,TRUE
2023-02-15,11.2375,29,23.609610158889943,TRUE
2023-02-16,11.535,29,23.520775211013095,TRUE
2023-02-17,11.1625,23,23.429415373547826,TRUE
2023-02-18,6.315,24,23.3355577183857,TRUE
2023-02-19,8.895,32,23.23923005757554,TRUE
2023-02-20,11.9125,35,23.140460935082178,TRUE
2023-02-21,13.2425,32,23.039279618328216,TRUE
2023-02-22,11.17,23,22.935716089521474,TRUE
2023-02-23,10.07,30,22.82980103677063,TRUE
2023-02-24,11.8475,30,22.721565844991645,TRUE
2023-02-25,10.275,25,22.611042586607745,TRUE
2023-02-26,9.2575,23,22.498264012045688,TRUE
2023-02-27,12.8175,30,22.383263540031066,TRUE
2023-02-28,11.387500000000001,20,22.266075247685656,TRUE
2023-03-01,12.99,10,22.14673386042961,TRUE
2023-03-02,10.645,18,22.02527474169157,TRUE
2023-03-03,10.805,17,21.901733882429717,TRUE
2023-03-04,11.4575,18,21.776147890466888,TRUE
2023-03-05,9.245000000000001,20,21.648553979642866,TRUE
2023-03-06,12.235,17,21.518989958787124,TRUE
2023-03-07,9.42,10,21.387494220515272,TRUE
2023-03-08,8.24,24,21.254105729852462,TRUE
2023-03-09,11.67,27,21.118864012687244,TRUE
2023-03-10,13.2025,28,20.981809144059163,TRUE
2023-03-11,8.965,26,20.842981736283683,TRUE
2023-03-12,6.025,20,20.70242292691787,TRUE
2023-03-13,10.52,32,20.560174366570447,TRUE
2023-03-14,11.3325,11,20.416278206559813,TRUE
2023-03-15,8.84,22,20.27077708642372,TRUE
2023-03-16,10.305,20,20.123714121284237,TRUE
2023-03-17,9.605,20,19.97513288907181,TRUE
2023-03-18,9.7625,17,19.825077417612185,TRUE
2023-03-19,7.717499999999999,23,19.673592171580022,TRUE
2023-03-20,9.51,19,19.520722039323044,TRUE
2023-03-21,8.932500000000001,20,19.36651231956064,TRUE
2023-03-22,11.3575,19,19.211008707960897,TRUE
2023-03-23,8.7,23,19.054257283599974,TRUE
2023-03-24,7.0175,23,18.89630449530788,TRUE
2023-03-25,7.99,10,18.73719714790469,TRUE
2023-03-26,6.7299999999999995,34,18.576982388331253,TRUE
2023-03-27,9.875,17,18.415707691678556,TRUE
2023-03-28,8.64,9,18.253420847119802,TRUE
2023-03-29,9.92,13,18.090169943749473,TRUE
2023-03-30,12.7575,8,17.926003356333485,TRUE
2023-03-31,8.5725,12,17.760969730974686,TRUE
2023-04-01,5.4225,22,17.595117970698,TRUE
2023-04-02,6.1375,17,17.428497220959358,TRUE
2023-04-03,7.4425,8,17.261156855082884,TRUE
2023-04-04,10.0875,18,17.093146459630486,TRUE
2023-04-05,9.0875,19,16.9245158197083,TRUE
2023-04-06,8.41,13,16.75531490421428,TRUE
2023-04-07,6.737500000000001,22,16.585593851031348,TRUE
2023-04-08,7.9799999999999995,12,16.41540295217043,TRUE
2023-04-09,8.0175,19,16.244792638867892,TRUE
2023-04-10,7.2325,13,16.07381346664163,TRUE
2023-04-11,10.4225,32,15.902516100310411,TRUE
2023-04-12,9.6475,33,15.730951298980777,TRUE
2023-04-13,7.72,27,15.559169901006035,TRUE
2023-04-14,8.5625,13,15.387222808921745,TRUE
2023-04-15,7.422499999999999,6,15.215160974362222,TRUE
2023-04-16,7.9425,22,15.043035382962444,TRUE
2023-04-17,8.535,25,14.870897039249911,TRUE
2023-04-18,7.195,28,14.69879695153092,TRUE
2023-04-19,7.7425,10,14.526786116775682,TRUE
2023-04-20,6.4925,9,14.354915505506838,TRUE
2023-04-21,6.6075,13,14.183236046695775,TRUE
2023-04-22,6.7,14,14.011798612671285,TRUE
2023-04-23,6.4525,12,13.840654004044996,TRUE
2023-04-24,10.012500000000001,24,13.66985293465804,TRUE
2023-04-25,6.9025,9,13.499446016553474,TRUE
2023-04-26,6.475,9,13.329483744978807,TRUE
2023-04-27,7.0975,7,13.160016483423199,TRUE
2023-04-28,8.4775,11,12.99109444869365,TRUE
2023-04-29,4.1575,14,12.822767696034681,TRUE
2023-04-30,3.7649999999999997,19,12.6550861042959,TRUE
2023-05-01,5.3325,16,12.488099361151807,TRUE
2023-05-02,5.5649999999999995,13,12.321856948378258,TRUE
2023-05-03,5.25,11,12.156408127189966,TRUE
2023-05-04,5.83,6,11.991801923643326,TRUE
2023-05-05,6.1274999999999995,13,11.82808711410894,TRUE
2023-05-06,3.545,6,11.665312210818133,TRUE
2023-05-07,3.3375,5,11.503525447487716,TRUE
2023-05-08,5.2525,14,11.342774765027311,TRUE
2023-05-09,6.64,13,11.183107797333411,TRUE
2023-05-10,5.88,9,11.02457185717444,TRUE
2023-05-11,4.6075,15,10.867213922170958,TRUE
2023-05-12,6.1225,9,10.711080620875165,TRUE
2023-05-13,4.515000000000001,13,10.556218218953868,TRUE
2023-05-14,4.6675,10,10.40267260547896,TRUE
2023-05-15,5.115,16,10.2504892793295,TRUE
2023-05-16,6.9575,7,10.099713335709406,TRUE
2023-05-17,6.135,12,9.950389452784796,TRUE
2023-05-18,3.69,8,9.802561878444845,TRUE
2023-05-19,2.445,9,9.656274417190215,TRUE
2023-05-20,3.6775,6,9.51157041715281,TRUE
2023-05-21,4.545,2,9.368492757250813,TRUE
2023-05-22,5.215,2,9.227083834482727,TRUE
2023-05-23,6.1625,9,9.087385551364218,TRUE
2023-05-24,3.4375,7,8.949439303511511,TRUE
2023-05-25,4.385,12,8.813285967374968,TRUE
2023-05-26,4.3,9,8.678965888126513,TRUE
2023-05-27,2.705,20,8.5465188677045,TRUE
2023-05-28,5.755,7,8.415984153019512,TRUE
2023-05-29,3.6999999999999997,18,8.287400424324687,TRUE
2023-05-30,3.5075000000000003,13,8.160805783753894,TRUE
2023-05-31,5.9625,16,8.036237744031279,TRUE
2023-06-01,4.055,8,7.9137332173554045,TRUE
2023-06-02,4.97,11,7.793328504461391,TRUE
2023-06-03,1.9300000000000002,12,7.67505928386421,TRUE
2023-06-04,3.6,11,7.558960601286393,TRUE
2023-06-05,4.075,2,7.445066859273197,TRUE
2023-06-06,6.245,7,7.33341180699841,TRUE
2023-06-07,1.6575,4,7.2240285302637295,TRUE
2023-06-08,4.4575,8,7.116949441694746,TRUE
2023-06-09,3.145,13,7.012206271136351,TRUE
2023-06-10,4.952500000000001,8,6.909830056250527,TRUE
2023-06-11,2.1574999999999998,3,6.809851133319199,TRUE
2023-06-12,3.795,2,6.712299128254962,TRUE
2023-06-13,2.7824999999999998,5,6.617202947822257,TRUE
2023-06-14,1.005,4,6.524590771071688,TRUE
2023-06-15,3.865,0,6.434490040989964,TRUE
2023-06-16,3.3775,8,6.34692745636794,TRUE
2023-06-17,3.375,6,6.261928963889192,TRUE
2023-06-18,2.8024999999999998,1,6.179519750441463,TRUE
2023-06-19,4.6274999999999995,6,6.099724235653234,TRUE
2023-06-20,3.895,2,6.0225660646576635,TRUE
2023-06-21,3.8200000000000003,6,5.948068101086026,TRUE
2023-06-22,3.2624999999999997,7,5.876252420292726,TRUE
2023-06-23,2.66,9,5.807140302813895,TRUE
2023-06-24,2.1875,5,5.740752228061503,TRUE
2023-06-25,2.7275,7,5.677107868254867,TRUE
2023-06-26,3.1875,6,5.616226082591359,TRUE
2023-06-27,4.3125,1,5.558124911658007,TRUE
2023-06-28,2.055,1,5.502821572085685,TRUE
2023-06-29,3.8175,4,5.45033245144745,TRUE
2023-06-30,2.8000000000000003,8,5.4006731034025535,TRUE
2023-07-01,2.23,8,5.353858243087565,TRUE
2023-07-02,3.705,7,5.3099017427559385,TRUE
2023-07-03,4.0075,3,5.2688166276673805,TRUE
2023-07-04,3.7075,0,5.230615072228183,TRUE
2023-07-05,3.7175000000000002,4,5.19530839638368,TRUE
2023-07-06,4.36,5,5.162907062263903,TRUE
2023-07-07,2.4524999999999997,4,5.13342067108343,TRUE
2023-07-08,2.9074999999999998,6,5.106857960296336,TRUE
2023-07-09,2.42,6,5.0832268010071004,TRUE
2023-07-10,3.505,6,5.06253419563822,TRUE
2023-07-11,4.404999999999999,6,5.044786275855248,TRUE
2023-07-12,3.3,7,5.029988300749849,TRUE
2023-07-13,2.5625,4,5.018144655281414,TRUE
2023-07-14,2.0825,3,5.0092588489777,TRUE
2023-07-15,2.825,6,5.003333514894887,TRUE
2023-07-16,2.1425,3,5.000370408837345,TRUE
2023-07-17,3.9625,6,5.000370408837345,TRUE
2023-07-18,2.805,6,5.003333514894887,TRUE
2023-07-19,3.5149999999999997,9,5.0092588489777,TRUE
2023-07-20,3.1774999999999998,10,5.018144655281414,TRUE
2023-07-21,4.42,7,5.029988300749849,TRUE
2023-07-22,2.0875,4,5.044786275855248,TRUE
2023-07-23,4.0725,5,5.062534195638218,TRUE
2023-07-24,3.5975,10,5.0832268010071004,TRUE
2023-07-25,4.6975,5,5.106857960296336,TRUE
2023-07-26,3.0774999999999997,7,5.133420671083428,TRUE
2023-07-27,3.95,7,5.162907062263901,TRUE
2023-07-28,3.35,1,5.195308396383679,TRUE
2023-07-29,2.5,4,5.230615072228183,TRUE
2023-07-30,1,7,5.2688166276673805,TRUE
2023-07-31,3.675,4,5.309901742755937,TRUE
2023-08-01,1.97,4,5.353858243087565,TRUE
2023-08-02,3.87,1,5.400673103402555,TRUE
2023-08-03,4.0225,5,5.450332451447448,TRUE
2023-08-04,4.1375,7,5.502821572085683,TRUE
2023-08-05,1.9900000000000002,5,5.558124911658005,TRUE
2023-08-06,1.745,1,5.616226082591357,TRUE
2023-08-07,2.5925,6,5.677107868254867,TRUE
2023-08-08,5.705,8,5.740752228061501,TRUE
2023-08-09,4.4275,5,5.807140302813895,TRUE
2023-08-10,3.8975,3,5.876252420292726,TRUE
2023-08-11,3.18,7,5.948068101086024,TRUE
2023-08-12,1.865,7,6.0225660646576635,TRUE
2023-08-13,3.08,1,6.099724235653234,TRUE
2023-08-14,3.3625000000000003,8,6.1795197504414645,TRUE
2023-08-15,6.1000000000000005,10,6.2619289638891935,TRUE
2023-08-16,3.6325000000000003,9,6.34692745636794,TRUE
2023-08-17,3.83,6,6.434490040989964,TRUE
2023-08-18,4.1275,1,6.524590771071688,TRUE
2023-08-19,3.0775,2,6.617202947822255,TRUE
2023-08-20,3.1825,2,6.71229912825496,TRUE
2023-08-21,6.2325,10,6.809851133319198,TRUE
2023-08-22,4.1425,9,6.909830056250527,TRUE
2023-08-23,2.68,10,7.0122062711363515,TRUE
2023-08-24,3.4675000000000002,5,7.1169494416947465,TRUE
2023-08-25,2.745,8,7.224028530263732,TRUE
2023-08-26,2.9725,17,7.3334118069984076,TRUE
2023-08-27,3.5175,10,7.445066859273196,TRUE
2023-08-28,2.41,2,7.558960601286392,TRUE
2023-08-29,4.2525,5,7.6750592838642095,TRUE
2023-08-30,4.702500000000001,7,7.793328504461385,TRUE
2023-08-31,3.8550000000000004,13,7.9137332173554,TRUE
2023-09-01,6.4475,6,8.036237744031274,TRUE
2023-09-02,2.5875,9,8.160805783753895,TRUE
2023-09-03,3.7775,12,8.287400424324684,TRUE
2023-09-04,4.2125,8,8.415984153019512,TRUE
2023-09-05,3.5375,10,8.5465188677045,TRUE
2023-09-06,7.390000000000001,12,8.678965888126513,TRUE
2023-09-07,5.5775,7,8.813285967374966,TRUE
2023-09-08,4.7525,3,8.949439303511506,TRUE
2023-09-09,2.1825,15,9.087385551364218,TRUE
2023-09-10,2.185,5,9.227083834482723,TRUE
2023-09-11,7.8774999999999995,16,9.368492757250811,TRUE
2023-09-12,4.1775,13,9.511570417152802,TRUE
2023-09-13,5.0075,9,9.656274417190215,TRUE
2023-09-14,4.71,19,9.802561878444843,TRUE
2023-09-15,4.9125,10,9.950389452784798,TRUE
2023-09-16,5.945,17,10.099713335709406,TRUE
2023-09-17,4.225,8,10.250489279329498,TRUE
2023-09-18,5.83,17,10.402672605478955,TRUE
2023-09-19,5.5,8,10.556218218953866,TRUE
2023-09-20,4.745,26,10.711080620875158,TRUE
2023-09-21,7.645,9,10.867213922170956,TRUE
2023-09-22,4.1125,11,11.024571857174434,TRUE
2023-09-23,3.7024999999999997,12,11.183107797333413,TRUE
2023-09-24,3.565,14,11.342774765027308,TRUE
2023-09-25,6.135,12,11.503525447487718,TRUE
2023-09-26,6.09,13,11.66531221081813,TRUE
2023-09-27,9.309999999999999,13,11.828087114108941,TRUE
2023-09-28,4.9775,18,11.991801923643319,TRUE
2023-09-29,8.3375,15,12.156408127189964,TRUE
2023-09-30,6.8675,13,12.321856948378251,TRUE
2023-10-01,5.955,12,12.488099361151804,TRUE
2023-10-02,3.375,11,12.655086104295895,TRUE
2023-10-03,7.01,9,12.822767696034678,TRUE
2023-10-04,8.3225,19,12.991094448693648,TRUE
2023-10-05,6.16,9,13.1600164834232,TRUE
2023-10-06,6.2250000000000005,9,13.329483744978806,TRUE
2023-10-07,4.6575,9,13.499446016553474,TRUE
2023-10-08,3.5925000000000002,6,13.669852934658037,TRUE
2023-10-09,7.3925,9,13.840654004044993,TRUE
2023-10-10,7.96,9,14.01179861267128,TRUE
2023-10-11,7.24,13,14.183236046695772,TRUE
2023-10-12,7.92,14,14.354915505506838,TRUE
2023-10-13,7.29,13,14.526786116775677,TRUE
2023-10-14,7.295,25,14.698796951530916,TRUE
2023-10-15,6.7075000000000005,24,14.870897039249911,TRUE
2023-10-16,7.4825,3,15.043035382962438,TRUE
2023-10-17,9.3425,14,15.215160974362222,TRUE
2023-10-18,10.015,5,15.38722280892174,TRUE
2023-10-19,8.6225,26,15.55916990100603,TRUE
2023-10-20,11.684999999999999,27,15.730951298980777,TRUE
2023-10-21,7.625,6,15.902516100310407,TRUE
2023-10-22,4.375,16,16.07381346664163,TRUE
2023-10-23,7.92,27,16.244792638867885,TRUE
2023-10-24,9.3375,11,16.41540295217043,TRUE
2023-10-25,5.8875,17,16.585593851031348,TRUE
2023-10-26,9.522499999999999,11,16.755314904214277,TRUE
2023-10-27,10.3575,11,16.9245158197083,TRUE
2023-10-28,4.87,20,17.09314645963049,TRUE
2023-10-29,6.7975,13,17.26115685508288,TRUE
2023-10-30,8.2825,8,17.428497220959358,TRUE
2023-10-31,10.51,15,17.595117970697995,TRUE
2023-11-01,8.852500000000001,12,17.760969730974686,TRUE
2023-11-02,9.07,8,17.926003356333478,TRUE
2023-11-03,10.950000000000001,31,18.090169943749473,TRUE
2023-11-04,7.07,28,18.253420847119795,TRUE
2023-11-05,5.1175,8,18.41570769167856,TRUE
2023-11-06,8.4475,31,18.576982388331253,TRUE
2023-11-07,9.502500000000001,5,18.73719714790469,TRUE
2023-11-08,9.105,17,18.896304495307877,TRUE
2023-11-09,8.9325,19,19.054257283599974,TRUE
2023-11-10,11.7325,10,19.211008707960893,TRUE
2023-11-11,8.2175,21,19.366512319560638,TRUE
2023-11-12,8.0925,15,19.520722039323037,TRUE
2023-11-13,11.870000000000001,11,19.67359217158002,TRUE
2023-11-14,10.95,24,19.825077417612178,TRUE
2023-11-15,10.1225,27,19.9751328890718,TRUE
2023-11-16,9.7475,17,20.123714121284237,TRUE
2023-11-17,12.0225,20,20.270777086423724,TRUE
2023-11-18,6.3425,20,20.41627820655981,TRUE
2023-11-19,7.685,16,20.560174366570447,TRUE
2023-11-20,12.4025,18,20.70242292691787,TRUE
2023-11-21,10.7625,32,20.842981736283683,TRUE
2023-11-22,8.9,17,20.98180914405916,TRUE
2023-11-23,9.192499999999999,37,21.11886401268724,TRUE
2023-11-24,8.775,14,21.254105729852455,TRUE
2023-11-25,10.3375,17,21.38749422051527,TRUE
2023-11-26,10.17,16,21.518989958787124,TRUE
2023-11-27,9.2325,26,21.648553979642866,TRUE
2023-11-28,12.5275,43,21.776147890466888,TRUE
2023-11-29,10.73,16,21.90173388242972,TRUE
2023-11-30,12.035,24,22.025274741691568,TRUE
2023-12-01,12.8925,18,22.14673386042961,TRUE
2023-12-02,10.1275,23,22.26607524768565,TRUE
2023-12-03,7.3325,31,22.383263540031063,TRUE
2023-12-04,12.85,13,22.49826401204568,TRUE
2023-12-05,11.0025,10,22.61104258660774,TRUE
2023-12-06,13.5875,31,22.72156584499164,TRUE
2023-12-07,13.185,4,22.829801036770625,TRUE
2023-12-08,11.612499999999999,15,22.93571608952147,TRUE
2023-12-09,10.19,18,23.03927961832821,TRUE
2023-12-10,7.3575,22,23.140460935082174,TRUE
2023-12-11,13.1875,12,23.239230057575536,TRUE
2023-12-12,12.105,15,23.335557718385694,TRUE
2023-12-13,14.260000000000002,39,23.429415373547833,TRUE
2023-12-14,13.23,22,23.520775211013095,TRUE
2023-12-15,13.2575,22,23.609610158889943,TRUE
2023-12-16,7.535,18,23.69589389346611,TRUE
2023-12-17,12.0525,25,23.779600847008883,TRUE
2023-12-18,13.092500000000001,30,23.86070621534138,TRUE
2023-12-19,13.115,21,23.93918596519257,TRUE
2023-12-20,13.7625,18,24.01501684131884,TRUE
2023-12-21,13.75,29,24.08817637339503,TRUE
2023-12-22,15.08,28,24.15864288267287,TRUE
2023-12-23,7.3125,13,24.226395488404876,TRUE
2023-12-24,10.385,39,24.291414114031745,TRUE
2023-12-25,10.36,30,24.35367949313148,TRUE
2023-12-26,10.465,29,24.41317317512847,TRUE
2023-12-27,12.334999999999999,16,24.46987753076075,TRUE
2023-12-28,12.32,20,24.523775757303973,TRUE
2023-12-29,11.7375,19,24.574851883550387,TRUE
2023-12-30,9.5375,14,24.623090774541488,TRUE
2023-12-31,10.254999999999999,13,24.668478136052773,TRUE
