date,site_code,pm2.5,no2,o3,temp,ws,wd,year,month,day_of_week,is_weekend,season,post_ulez,pm25_category
2018-01-01,BT1,16.88,55.7,32.67,4.6,2.4,241,2018,1,Mon,FALSE,Winter,FALSE,Moderate
2018-01-02,BT1,13.77,48.28,31.37,4,4.2,66,2018,1,Tue,FALSE,Winter,FALSE,Moderate
2018-01-03,BT1,14.76,42.9,38.6,-1.4,4.6,269,2018,1,Wed,FALSE,Winter,FALSE,Moderate
2018-01-04,BT1,13.67,20.21,27.99,1.8,5.5,192,2018,1,Thu,FALSE,Winter,FALSE,Moderate
2018-01-05,BT1,13.23,56.24,23.81,4.8,6.2,29,2018,1,Fri,FALSE,Winter,FALSE,Moderate
2018-01-06,BT1,12.94,33.54,41.28,0.9,3.1,351,2018,1,Sat,TRUE,Winter,FALSE,Moderate
2018-01-07,BT1,12.45,25.24,38.75,1.6,3.2,268,2018,1,Sun,TRUE,Winter,FALSE,Moderate
2018-01-08,BT1,15.44,23.27,40.27,1.4,3.1,296,2018,1,Mon,FALSE,Winter,FALSE,Moderate
2018-01-09,BT1,21.4,62.89,31.74,-1.2,4.3,190,2018,1,Tue,FALSE,Winter,FALSE,Unhealthy (sensitive)
2018-01-10,BT1,15.29,40.06,31.27,0.4,3.4,111,2018,1,Wed,FALSE,Winter,FALSE,Moderate
2018-01-11,BT1,12.6,27.6,36.17,0.3,7.2,251,2018,1,Thu,FALSE,Winter,FALSE,Moderate
2018-01-12,BT1,16.64,44.11,34.56,-0.9,3.3,134,2018,1,Fri,FALSE,Winter,FALSE,Moderate
2018-01-13,BT1,17.69,40.48,37.34,3.4,2.1,11,2018,1,Sat,TRUE,Winter,FALSE,Moderate
2018-01-14,BT1,18.83,49.84,24.71,1.7,1.5,190,2018,1,Sun,TRUE,Winter,FALSE,Moderate
2018-01-15,BT1,17.2,47.09,35.29,5.1,2.4,84,2018,1,Mon,FALSE,Winter,FALSE,Moderate
2018-01-16,BT1,15.18,46.23,39.78,0.3,3,266,2018,1,Tue,FALSE,Winter,FALSE,Moderate
2018-01-17,BT1,15.89,49.03,33.59,2.6,6.6,244,2018,1,Wed,FALSE,Winter,FALSE,Moderate
2018-01-18,BT1,15.54,42.69,35.42,1.8,3.2,75,2018,1,Thu,FALSE,Winter,FALSE,Moderate
2018-01-19,BT1,27.29,83.2,10.16,8.6,4.5,47,2018,1,Fri,FALSE,Winter,FALSE,Unhealthy
2018-01-20,BT1,9.02,30.48,38.16,0.5,2.4,291,2018,1,Sat,TRUE,Winter,FALSE,Good
2018-01-21,BT1,10.57,16.38,47.51,1.6,4.8,73,2018,1,Sun,TRUE,Winter,FALSE,Moderate
2018-01-22,BT1,16.65,46.1,32.11,4.4,8,228,2018,1,Mon,FALSE,Winter,FALSE,Moderate
2018-01-23,BT1,15.4,52.16,19.01,2,4.8,44,2018,1,Tue,FALSE,Winter,FALSE,Moderate
2018-01-24,BT1,14.7,40.73,39.87,1.9,4.6,61,2018,1,Wed,FALSE,Winter,FALSE,Moderate
2018-01-25,BT1,14.61,50.13,21.75,2.4,18.6,181,2018,1,Thu,FALSE,Winter,FALSE,Moderate
2018-01-26,BT1,15.83,50.93,28.83,1.2,3.8,125,2018,1,Fri,FALSE,Winter,FALSE,Moderate
2018-01-27,BT1,11.31,23.73,40.67,3.6,2.6,330,2018,1,Sat,TRUE,Winter,FALSE,Moderate
2018-01-28,BT1,14.37,38.23,43.49,-0.6,5.5,290,2018,1,Sun,TRUE,Winter,FALSE,Moderate
2018-01-29,BT1,20.28,48.01,32.25,4,3.3,84,2018,1,Mon,FALSE,Winter,FALSE,Unhealthy (sensitive)
2018-01-30,BT1,16.42,30.14,33.3,2.6,4.2,303,2018,1,Tue,FALSE,Winter,FALSE,Moderate
2018-01-31,BT1,16.29,54.69,21.03,6.7,14.4,123,2018,1,Wed,FALSE,Winter,FALSE,Moderate
2018-02-01,BT1,13.63,41.17,32.59,3.9,1.5,73,2018,2,Thu,FALSE,Winter,FALSE,Moderate
2018-02-02,BT1,12.96,37.69,38.11,5.1,3.3,0,2018,2,Fri,FALSE,Winter,FALSE,Moderate
2018-02-03,BT1,14.59,42.74,31.25,6.5,6,235,2018,2,Sat,TRUE,Winter,FALSE,Moderate
2018-02-04,BT1,11.49,7.82,38.52,6.4,4.9,51,2018,2,Sun,TRUE,Winter,FALSE,Moderate
2018-02-05,BT1,16.96,44.55,31.72,7.2,5.1,337,2018,2,Mon,FALSE,Winter,FALSE,Moderate
2018-02-06,BT1,23.85,61.47,25.08,4.3,7.1,277,2018,2,Tue,FALSE,Winter,FALSE,Unhealthy (sensitive)
2018-02-07,BT1,11.61,34.31,35.73,5,2,53,2018,2,Wed,FALSE,Winter,FALSE,Moderate
2018-02-08,BT1,21.16,61.35,29.09,10.3,5.2,3,2018,2,Thu,FALSE,Winter,FALSE,Unhealthy (sensitive)
2018-02-09,BT1,16.28,52.04,35.15,5,4,180,2018,2,Fri,FALSE,Winter,FALSE,Moderate
2018-02-10,BT1,11.27,32.57,36.92,5.8,6.6,57,2018,2,Sat,TRUE,Winter,FALSE,Moderate
2018-02-11,BT1,9.02,23.54,30.73,0.6,3.7,299,2018,2,Sun,TRUE,Winter,FALSE,Good
2018-02-12,BT1,16.1,27.55,42.79,5.5,3.3,312,2018,2,Mon,FALSE,Winter,FALSE,Moderate
2018-02-13,BT1,16.82,41.92,47.22,9.7,5.3,49,2018,2,Tue,FALSE,Winter,FALSE,Moderate
2018-02-14,BT1,17.54,46.84,23.5,5.1,2.5,323,2018,2,Wed,FALSE,Winter,FALSE,Moderate
2018-02-15,BT1,15.82,29.15,32.41,1.6,4.4,307,2018,2,Thu,FALSE,Winter,FALSE,Moderate
2018-02-16,BT1,18.82,58.64,25.67,5.6,4.9,145,2018,2,Fri,FALSE,Winter,FALSE,Moderate
2018-02-17,BT1,12.16,48.05,28.54,5.6,2.8,314,2018,2,Sat,TRUE,Winter,FALSE,Moderate
2018-02-18,BT1,16.61,39.32,31.34,4.8,5.5,41,2018,2,Sun,TRUE,Winter,FALSE,Moderate
2018-02-19,BT1,19.17,62.37,25.55,8.1,3.1,280,2018,2,Mon,FALSE,Winter,FALSE,Moderate
2018-02-20,BT1,18.42,51.06,37.95,4.4,5.1,359,2018,2,Tue,FALSE,Winter,FALSE,Moderate
2018-02-21,BT1,15.63,54.87,21.28,7.6,7.2,355,2018,2,Wed,FALSE,Winter,FALSE,Moderate
2018-02-22,BT1,15.3,40.63,28.61,8.8,4.3,50,2018,2,Thu,FALSE,Winter,FALSE,Moderate
2018-02-23,BT1,10.33,28.01,41.14,7.2,4.1,12,2018,2,Fri,FALSE,Winter,FALSE,Moderate
2018-02-24,BT1,13.03,25.1,40.93,9.5,1.3,220,2018,2,Sat,TRUE,Winter,FALSE,Moderate
2018-02-25,BT1,19.37,57.82,19.63,6.7,2.4,53,2018,2,Sun,TRUE,Winter,FALSE,Moderate
2018-02-26,BT1,14.54,40.73,36.96,5.2,7.7,25,2018,2,Mon,FALSE,Winter,FALSE,Moderate
2018-02-27,BT1,18.57,56.23,33.95,3.9,1.8,230,2018,2,Tue,FALSE,Winter,FALSE,Moderate
2018-02-28,BT1,15.76,52.35,30.54,7,4.7,225,2018,2,Wed,FALSE,Winter,FALSE,Moderate
2018-03-01,BT1,12.12,35.3,33.4,8.9,3.6,178,2018,3,Thu,FALSE,Spring,FALSE,Moderate
2018-03-02,BT1,14.3,36.95,39.77,3.4,6.8,329,2018,3,Fri,FALSE,Spring,FALSE,Moderate
2018-03-03,BT1,5.98,8.31,41.44,11.6,1.9,57,2018,3,Sat,TRUE,Spring,FALSE,Good
2018-03-04,BT1,18.45,72.65,19.65,8.3,3.6,28,2018,3,Sun,TRUE,Spring,FALSE,Moderate
2018-03-05,BT1,14.17,35.97,35.09,6.6,1.6,311,2018,3,Mon,FALSE,Spring,FALSE,Moderate
2018-03-06,BT1,13.42,43.05,31.05,5.9,3,98,2018,3,Tue,FALSE,Spring,FALSE,Moderate
2018-03-07,BT1,15.15,36.32,28.89,9.6,2.6,124,2018,3,Wed,FALSE,Spring,FALSE,Moderate
2018-03-08,BT1,11.22,30.94,39.3,11.3,7.7,76,2018,3,Thu,FALSE,Spring,FALSE,Moderate
2018-03-09,BT1,12.56,35.95,29.76,10.3,5,244,2018,3,Fri,FALSE,Spring,FALSE,Moderate
2018-03-10,BT1,9.11,12.4,36.31,5.9,4,21,2018,3,Sat,TRUE,Spring,FALSE,Good
2018-03-11,BT1,7.15,35.43,35.1,8.6,3.6,43,2018,3,Sun,TRUE,Spring,FALSE,Good
2018-03-12,BT1,14.98,45.78,36.53,8.8,1.5,349,2018,3,Mon,FALSE,Spring,FALSE,Moderate
2018-03-13,BT1,16.87,43.34,39.8,7.4,3.8,342,2018,3,Tue,FALSE,Spring,FALSE,Moderate
2018-03-14,BT1,17.39,56.25,33.27,8.9,2.9,210,2018,3,Wed,FALSE,Spring,FALSE,Moderate
2018-03-15,BT1,16.78,55.46,25.26,5.7,4.7,236,2018,3,Thu,FALSE,Spring,FALSE,Moderate
2018-03-16,BT1,14.06,40.95,34.71,10.5,8.6,295,2018,3,Fri,FALSE,Spring,FALSE,Moderate
2018-03-17,BT1,14.9,32.6,39.77,5.9,7.1,330,2018,3,Sat,TRUE,Spring,FALSE,Moderate
2018-03-18,BT1,14.58,46.4,21.32,10.5,5.2,172,2018,3,Sun,TRUE,Spring,FALSE,Moderate
2018-03-19,BT1,11.3,34.45,51.26,10.1,3.6,347,2018,3,Mon,FALSE,Spring,FALSE,Moderate
2018-03-20,BT1,9.25,22.7,33.91,15,5.5,181,2018,3,Tue,FALSE,Spring,FALSE,Good
2018-03-21,BT1,7.77,28.43,39.78,10.1,2.8,166,2018,3,Wed,FALSE,Spring,FALSE,Good
2018-03-22,BT1,15.21,38.92,30.92,11,3.4,5,2018,3,Thu,FALSE,Spring,FALSE,Moderate
2018-03-23,BT1,6.89,15.03,48.78,9.4,1.3,173,2018,3,Fri,FALSE,Spring,FALSE,Good
2018-03-24,BT1,7.98,23.07,34.1,13,4.4,49,2018,3,Sat,TRUE,Spring,FALSE,Good
2018-03-25,BT1,12.75,48.02,40.86,12.3,4.2,207,2018,3,Sun,TRUE,Spring,FALSE,Moderate
2018-03-26,BT1,11.64,32.63,30.71,9.5,2.7,132,2018,3,Mon,FALSE,Spring,FALSE,Moderate
2018-03-27,BT1,23.52,63.44,22.88,12.8,2.4,43,2018,3,Tue,FALSE,Spring,FALSE,Unhealthy (sensitive)
2018-03-28,BT1,13.62,38.39,34.25,11.9,2.9,320,2018,3,Wed,FALSE,Spring,FALSE,Moderate
2018-03-29,BT1,8.81,21.37,32.51,9.2,3.3,82,2018,3,Thu,FALSE,Spring,FALSE,Good
2018-03-30,BT1,13.21,48.74,23.1,14,2.4,186,2018,3,Fri,FALSE,Spring,FALSE,Moderate
2018-03-31,BT1,6.17,19.8,42.53,9.8,2.7,280,2018,3,Sat,TRUE,Spring,FALSE,Good
2018-04-01,BT1,13.02,37.97,43.02,10.9,2.2,86,2018,4,Sun,TRUE,Spring,FALSE,Moderate
2018-04-02,BT1,10.1,31.08,36.3,12,5,26,2018,4,Mon,FALSE,Spring,FALSE,Moderate
2018-04-03,BT1,7.42,22.33,28.41,9.8,3.7,105,2018,4,Tue,FALSE,Spring,FALSE,Good
2018-04-04,BT1,13.08,38.27,27.43,11.8,3.5,194,2018,4,Wed,FALSE,Spring,FALSE,Moderate
2018-04-05,BT1,14,22.91,39.98,13.1,3.8,187,2018,4,Thu,FALSE,Spring,FALSE,Moderate
2018-04-06,BT1,15.31,47.15,37.16,12,6.1,87,2018,4,Fri,FALSE,Spring,FALSE,Moderate
2018-04-07,BT1,11.01,29.63,29.73,10.8,5.6,134,2018,4,Sat,TRUE,Spring,FALSE,Moderate
2018-04-08,BT1,6.95,30.11,37.96,13.7,2.5,29,2018,4,Sun,TRUE,Spring,FALSE,Good
2018-04-09,BT1,18.51,44.13,25.01,13.2,3.8,206,2018,4,Mon,FALSE,Spring,FALSE,Moderate
2018-04-10,BT1,9.47,27.4,43.34,14,5.6,143,2018,4,Tue,FALSE,Spring,FALSE,Good
2018-04-11,BT1,5.82,16,45.49,9.1,3.8,161,2018,4,Wed,FALSE,Spring,FALSE,Good
2018-04-12,BT1,14.56,37.01,39.12,11.7,9.2,208,2018,4,Thu,FALSE,Spring,FALSE,Moderate
2018-04-13,BT1,14.69,40.76,35.28,14.3,4.9,180,2018,4,Fri,FALSE,Spring,FALSE,Moderate
2018-04-14,BT1,11.53,39.31,38.34,13,7.8,37,2018,4,Sat,TRUE,Spring,FALSE,Moderate
2018-04-15,BT1,7.21,11.21,40.88,14.7,2.2,45,2018,4,Sun,TRUE,Spring,FALSE,Good
2018-04-16,BT1,11.59,24.4,43.65,16.9,4.6,307,2018,4,Mon,FALSE,Spring,FALSE,Moderate
2018-04-17,BT1,8.21,24.48,38,11.7,3.9,353,2018,4,Tue,FALSE,Spring,FALSE,Good
2018-04-18,BT1,10.44,28.31,36.94,16,5.8,7,2018,4,Wed,FALSE,Spring,FALSE,Moderate
2018-04-19,BT1,11.45,31.29,43.07,20.3,4.1,34,2018,4,Thu,FALSE,Spring,FALSE,Moderate
2018-04-20,BT1,8.5,27.34,48.37,16.1,2.1,258,2018,4,Fri,FALSE,Spring,FALSE,Good
2018-04-21,BT1,10.88,25.75,36.14,19.4,2.6,149,2018,4,Sat,TRUE,Spring,FALSE,Moderate
2018-04-22,BT1,8.27,7.85,41.6,12.5,2.9,131,2018,4,Sun,TRUE,Spring,FALSE,Good
2018-04-23,BT1,15.6,47.05,24.93,15.8,4,297,2018,4,Mon,FALSE,Spring,FALSE,Moderate
2018-04-24,BT1,11.55,21.55,29.76,16.7,6.6,355,2018,4,Tue,FALSE,Spring,FALSE,Moderate
2018-04-25,BT1,6.04,13.77,43.71,14.2,4.5,359,2018,4,Wed,FALSE,Spring,FALSE,Good
2018-04-26,BT1,10.36,17.81,28.88,11.7,5.4,238,2018,4,Thu,FALSE,Spring,FALSE,Moderate
2018-04-27,BT1,11,28.01,32.19,13.6,2.4,86,2018,4,Fri,FALSE,Spring,FALSE,Moderate
2018-04-28,BT1,10.62,30.59,23.06,15,2.2,128,2018,4,Sat,TRUE,Spring,FALSE,Moderate
2018-04-29,BT1,7.82,10.39,41.55,12.7,3.6,223,2018,4,Sun,TRUE,Spring,FALSE,Good
2018-04-30,BT1,10.22,26.97,42.82,15.2,4.4,229,2018,4,Mon,FALSE,Spring,FALSE,Moderate
2018-05-01,BT1,9.97,9.74,40.32,13.7,3.6,115,2018,5,Tue,FALSE,Spring,FALSE,Good
2018-05-02,BT1,12.02,30.98,35.53,16.4,9.2,281,2018,5,Wed,FALSE,Spring,FALSE,Moderate
2018-05-03,BT1,4.69,6.29,45.29,16.5,5,49,2018,5,Thu,FALSE,Spring,FALSE,Good
2018-05-04,BT1,9.73,29.85,34.51,18,3.4,209,2018,5,Fri,FALSE,Spring,FALSE,Good
2018-05-05,BT1,5.57,22.47,25.22,16.7,2.6,169,2018,5,Sat,TRUE,Spring,FALSE,Good
2018-05-06,BT1,7.61,27.54,36.57,19,5.5,327,2018,5,Sun,TRUE,Spring,FALSE,Good
2018-05-07,BT1,9.75,40.19,41.22,10.5,2.6,297,2018,5,Mon,FALSE,Spring,FALSE,Good
2018-05-08,BT1,5.95,23.09,35.35,16.9,8.3,223,2018,5,Tue,FALSE,Spring,FALSE,Good
2018-05-09,BT1,7.97,26.94,34.88,18.5,4.6,309,2018,5,Wed,FALSE,Spring,FALSE,Good
2018-05-10,BT1,8.95,9.69,45.01,17.8,3.6,272,2018,5,Thu,FALSE,Spring,FALSE,Good
2018-05-11,BT1,10.76,28.13,38.15,16,5.4,93,2018,5,Fri,FALSE,Spring,FALSE,Moderate
2018-05-12,BT1,8.28,29.98,48.63,15.6,4.9,118,2018,5,Sat,TRUE,Spring,FALSE,Good
2018-05-13,BT1,1.71,15.74,38.76,15.6,2,259,2018,5,Sun,TRUE,Spring,FALSE,Good
2018-05-14,BT1,11.46,32.11,30.89,17.1,3,167,2018,5,Mon,FALSE,Spring,FALSE,Moderate
2018-05-15,BT1,10.19,32.29,41.22,16.8,9.5,249,2018,5,Tue,FALSE,Spring,FALSE,Moderate
2018-05-16,BT1,9.86,22.03,43.16,16.3,7,110,2018,5,Wed,FALSE,Spring,FALSE,Good
2018-05-17,BT1,7.76,15.05,47.36,14.8,3.1,241,2018,5,Thu,FALSE,Spring,FALSE,Good
2018-05-18,BT1,5.15,10.85,51.89,16.4,3.2,121,2018,5,Fri,FALSE,Spring,FALSE,Good
2018-05-19,BT1,8.67,33.5,34.41,14.9,2.5,18,2018,5,Sat,TRUE,Spring,FALSE,Good
2018-05-20,BT1,4.06,30.46,30.7,14.4,6.2,349,2018,5,Sun,TRUE,Spring,FALSE,Good
2018-05-21,BT1,8.73,33.26,34.82,19.2,4.5,31,2018,5,Mon,FALSE,Spring,FALSE,Good
2018-05-22,BT1,9.38,31.34,38.19,17.2,2.3,19,2018,5,Tue,FALSE,Spring,FALSE,Good
2018-05-23,BT1,7.96,20.72,36.19,14.9,3.3,271,2018,5,Wed,FALSE,Spring,FALSE,Good
2018-05-24,BT1,9.34,23.31,44.39,17.7,4,243,2018,5,Thu,FALSE,Spring,FALSE,Good
2018-05-25,BT1,11.68,34.31,31.26,19.5,1.8,20,2018,5,Fri,FALSE,Spring,FALSE,Moderate
2018-05-26,BT1,1.85,5,44.37,20,2.2,213,2018,5,Sat,TRUE,Spring,FALSE,Good
2018-05-27,BT1,3.11,14.25,41.3,14.9,2.4,316,2018,5,Sun,TRUE,Spring,FALSE,Good
2018-05-28,BT1,7.39,23.67,42.29,13.8,7,6,2018,5,Mon,FALSE,Spring,FALSE,Good
2018-05-29,BT1,7.37,14.32,44.4,14.6,2.5,75,2018,5,Tue,FALSE,Spring,FALSE,Good
2018-05-30,BT1,2.18,6.3,43.84,14.5,2.8,248,2018,5,Wed,FALSE,Spring,FALSE,Good
2018-05-31,BT1,9.65,35.7,33.99,17.2,2.2,17,2018,5,Thu,FALSE,Spring,FALSE,Good
2018-06-01,BT1,7.58,13.93,53.93,19.2,8.4,162,2018,6,Fri,FALSE,Summer,FALSE,Good
2018-06-02,BT1,6.29,28.06,35.66,19.2,3.7,110,2018,6,Sat,TRUE,Summer,FALSE,Good
2018-06-03,BT1,9.07,24.26,36.64,17.8,7.2,337,2018,6,Sun,TRUE,Summer,FALSE,Good
2018-06-04,BT1,6.22,26.6,40.89,17.3,3.6,111,2018,6,Mon,FALSE,Summer,FALSE,Good
2018-06-05,BT1,1,6.55,41.94,17.6,3.9,97,2018,6,Tue,FALSE,Summer,FALSE,Good
2018-06-06,BT1,9.8,28.96,36.58,19.2,3.4,257,2018,6,Wed,FALSE,Summer,FALSE,Good
2018-06-07,BT1,1,5,42.79,14,2.1,306,2018,6,Thu,FALSE,Summer,FALSE,Good
2018-06-08,BT1,11.99,21.99,36.5,19.5,5.7,80,2018,6,Fri,FALSE,Summer,FALSE,Moderate
2018-06-09,BT1,3.75,6.83,46.83,17.7,3.2,359,2018,6,Sat,TRUE,Summer,FALSE,Good
2018-06-10,BT1,7.7,24.29,37.42,18.2,1.7,92,2018,6,Sun,TRUE,Summer,FALSE,Good
2018-06-11,BT1,7.99,24.89,43,17.9,1.4,235,2018,6,Mon,FALSE,Summer,FALSE,Good
2018-06-12,BT1,13.47,34.62,40.27,18.3,4.3,221,2018,6,Tue,FALSE,Summer,FALSE,Moderate
2018-06-13,BT1,9.4,32.42,41.13,19.4,14.5,3,2018,6,Wed,FALSE,Summer,FALSE,Good
2018-06-14,BT1,11.25,33.53,32.38,16.7,2.5,212,2018,6,Thu,FALSE,Summer,FALSE,Moderate
2018-06-15,BT1,8.73,16.54,26.4,15.8,4.3,146,2018,6,Fri,FALSE,Summer,FALSE,Good
2018-06-16,BT1,1.05,12.87,25.92,18.4,1.9,321,2018,6,Sat,TRUE,Summer,FALSE,Good
2018-06-17,BT1,3.01,13.38,38.15,19.5,14.1,349,2018,6,Sun,TRUE,Summer,FALSE,Good
2018-06-18,BT1,3.85,13,32.66,18.9,1.8,320,2018,6,Mon,FALSE,Summer,FALSE,Good
2018-06-19,BT1,3.36,7.14,25.57,18.9,5.6,358,2018,6,Tue,FALSE,Summer,FALSE,Good
2018-06-20,BT1,3.05,5,33.57,18.9,3.8,287,2018,6,Wed,FALSE,Summer,FALSE,Good
2018-06-21,BT1,7.4,19.08,35.78,21.1,1.5,184,2018,6,Thu,FALSE,Summer,FALSE,Good
2018-06-22,BT1,6.8,21.03,29.62,23,3,163,2018,6,Fri,FALSE,Summer,FALSE,Good
2018-06-23,BT1,6.25,14.56,35.02,18.8,14.5,85,2018,6,Sat,TRUE,Summer,FALSE,Good
2018-06-24,BT1,1.68,6.24,44.49,17.2,4.1,281,2018,6,Sun,TRUE,Summer,FALSE,Good
2018-06-25,BT1,1.06,5,44.55,18.9,4.9,271,2018,6,Mon,FALSE,Summer,FALSE,Good
2018-06-26,BT1,4.36,5,50.32,20.6,6.4,191,2018,6,Tue,FALSE,Summer,FALSE,Good
2018-06-27,BT1,11.28,27.62,39.89,13.8,5.5,115,2018,6,Wed,FALSE,Summer,FALSE,Moderate
2018-06-28,BT1,11.75,34.51,30.67,26.2,1.4,283,2018,6,Thu,FALSE,Summer,FALSE,Moderate
2018-06-29,BT1,1,5,45.28,17.2,2,191,2018,6,Fri,FALSE,Summer,FALSE,Good
2018-06-30,BT1,8.97,17.26,32.26,18.7,7.9,276,2018,6,Sat,TRUE,Summer,FALSE,Good
2018-07-01,BT1,2.64,5,60.13,16.4,6.8,88,2018,7,Sun,TRUE,Summer,FALSE,Good
2018-07-02,BT1,8.68,26.65,31.74,20.3,6.1,13,2018,7,Mon,FALSE,Summer,FALSE,Good
2018-07-03,BT1,1,7.9,52.63,16.4,1,252,2018,7,Tue,FALSE,Summer,FALSE,Good
2018-07-04,BT1,8.68,21.1,38.5,22,2.5,195,2018,7,Wed,FALSE,Summer,FALSE,Good
2018-07-05,BT1,7.7,20.32,46.1,16,4.6,98,2018,7,Thu,FALSE,Summer,FALSE,Good
2018-07-06,BT1,6.24,24.7,35.4,19.1,3.3,19,2018,7,Fri,FALSE,Summer,FALSE,Good
2018-07-07,BT1,3.8,5,42.44,14.4,13,57,2018,7,Sat,TRUE,Summer,FALSE,Good
2018-07-08,BT1,1.38,8.46,41.11,18.7,2.7,162,2018,7,Sun,TRUE,Summer,FALSE,Good
2018-07-09,BT1,3.99,5,43.78,17.8,3.7,41,2018,7,Mon,FALSE,Summer,FALSE,Good
2018-07-10,BT1,8.88,13.38,40.05,13.1,6.5,91,2018,7,Tue,FALSE,Summer,FALSE,Good
2018-07-11,BT1,4.11,19.32,30.05,15.5,3.9,329,2018,7,Wed,FALSE,Summer,FALSE,Good
2018-07-12,BT1,10.05,26.29,36.04,14.1,2.5,200,2018,7,Thu,FALSE,Summer,FALSE,Moderate
2018-07-13,BT1,8.15,25.01,37.75,20.6,2.6,270,2018,7,Fri,FALSE,Summer,FALSE,Good
2018-07-14,BT1,3.16,5,51.5,16.4,4.1,173,2018,7,Sat,TRUE,Summer,FALSE,Good
2018-07-15,BT1,1,5,37.28,15.6,3.4,90,2018,7,Sun,TRUE,Summer,FALSE,Good
2018-07-16,BT1,1.41,5.51,49.91,17.9,4.6,106,2018,7,Mon,FALSE,Summer,FALSE,Good
2018-07-17,BT1,4.97,26.41,34.83,20.3,2.6,249,2018,7,Tue,FALSE,Summer,FALSE,Good
2018-07-18,BT1,2.1,9.43,38.62,17.3,6.2,172,2018,7,Wed,FALSE,Summer,FALSE,Good
2018-07-19,BT1,6.09,17.25,34.91,18.6,2.6,190,2018,7,Thu,FALSE,Summer,FALSE,Good
2018-07-20,BT1,7.42,6.59,43.51,19,4.6,306,2018,7,Fri,FALSE,Summer,FALSE,Good
2018-07-21,BT1,1.2,5,47.1,18.1,6,152,2018,7,Sat,TRUE,Summer,FALSE,Good
2018-07-22,BT1,3.61,8.42,37.94,21.5,5,274,2018,7,Sun,TRUE,Summer,FALSE,Good
2018-07-23,BT1,5.78,10.45,46.51,13.8,2.3,153,2018,7,Mon,FALSE,Summer,FALSE,Good
2018-07-24,BT1,5.1,11.73,46.59,16.2,2,132,2018,7,Tue,FALSE,Summer,FALSE,Good
2018-07-25,BT1,9.24,31.31,28.31,15.7,4.4,129,2018,7,Wed,FALSE,Summer,FALSE,Good
2018-07-26,BT1,8.96,14.91,49.06,17.3,3.1,54,2018,7,Thu,FALSE,Summer,FALSE,Good
2018-07-27,BT1,4.58,14.66,33.67,18.5,4.7,126,2018,7,Fri,FALSE,Summer,FALSE,Good
2018-07-28,BT1,6.68,18.01,38.14,16.4,3.1,211,2018,7,Sat,TRUE,Summer,FALSE,Good
2018-07-29,BT1,4.8,20.55,46.31,16,6.3,40,2018,7,Sun,TRUE,Summer,FALSE,Good
2018-07-30,BT1,4.5,11.59,35.73,16.2,1.5,275,2018,7,Mon,FALSE,Summer,FALSE,Good
2018-07-31,BT1,7.86,29.27,38.39,13.9,5.7,117,2018,7,Tue,FALSE,Summer,FALSE,Good
2018-08-01,BT1,4.13,5,36.28,18.1,4.3,90,2018,8,Wed,FALSE,Summer,FALSE,Good
2018-08-02,BT1,2.25,5,42.02,20.3,10.1,351,2018,8,Thu,FALSE,Summer,FALSE,Good
2018-08-03,BT1,3.09,5,30.32,13.8,3.4,142,2018,8,Fri,FALSE,Summer,FALSE,Good
2018-08-04,BT1,5.43,9.77,41.39,16.7,3.5,88,2018,8,Sat,TRUE,Summer,FALSE,Good
2018-08-05,BT1,1.95,6.93,46.22,16.9,6.6,72,2018,8,Sun,TRUE,Summer,FALSE,Good
2018-08-06,BT1,1.83,5,40.93,14.7,4.2,9,2018,8,Mon,FALSE,Summer,FALSE,Good
2018-08-07,BT1,3.25,5.29,37.91,19.1,3.6,5,2018,8,Tue,FALSE,Summer,FALSE,Good
2018-08-08,BT1,4.72,17.35,42.73,12.6,2.9,192,2018,8,Wed,FALSE,Summer,FALSE,Good
2018-08-09,BT1,5.08,14.54,51.38,17,2.8,319,2018,8,Thu,FALSE,Summer,FALSE,Good
2018-08-10,BT1,6.86,28.9,38.34,10.6,3.6,114,2018,8,Fri,FALSE,Summer,FALSE,Good
2018-08-11,BT1,2.21,14.14,36.15,17.6,3,88,2018,8,Sat,TRUE,Summer,FALSE,Good
2018-08-12,BT1,4.38,10.54,37.55,15.8,3.6,43,2018,8,Sun,TRUE,Summer,FALSE,Good
2018-08-13,BT1,5.37,8.59,53.86,16.7,5.3,224,2018,8,Mon,FALSE,Summer,FALSE,Good
2018-08-14,BT1,1.74,12.36,43.35,19.5,3.4,25,2018,8,Tue,FALSE,Summer,FALSE,Good
2018-08-15,BT1,6.58,5,41.91,15.2,3.4,182,2018,8,Wed,FALSE,Summer,FALSE,Good
2018-08-16,BT1,5.6,21.19,28.32,11.8,6.2,231,2018,8,Thu,FALSE,Summer,FALSE,Good
2018-08-17,BT1,2.33,5,47.17,10.2,1.7,12,2018,8,Fri,FALSE,Summer,FALSE,Good
2018-08-18,BT1,2.27,7.65,39.29,14.5,3.5,253,2018,8,Sat,TRUE,Summer,FALSE,Good
2018-08-19,BT1,6.4,19.4,47.74,13.3,5,57,2018,8,Sun,TRUE,Summer,FALSE,Good
2018-08-20,BT1,6.08,12.35,44.19,13.7,3.9,164,2018,8,Mon,FALSE,Summer,FALSE,Good
2018-08-21,BT1,8.42,18.6,36.28,12.2,4.2,109,2018,8,Tue,FALSE,Summer,FALSE,Good
2018-08-22,BT1,10.95,20.02,36.32,12.3,9.9,235,2018,8,Wed,FALSE,Summer,FALSE,Moderate
2018-08-23,BT1,2.52,12.42,39.83,16.8,2.7,329,2018,8,Thu,FALSE,Summer,FALSE,Good
2018-08-24,BT1,9.47,15.89,36.04,14.1,2.3,197,2018,8,Fri,FALSE,Summer,FALSE,Good
2018-08-25,BT1,4.47,5.78,31.41,12.9,3.5,255,2018,8,Sat,TRUE,Summer,FALSE,Good
2018-08-26,BT1,2.49,5,28.06,13.2,5.6,39,2018,8,Sun,TRUE,Summer,FALSE,Good
2018-08-27,BT1,6.78,40.56,34.27,14.7,3.5,137,2018,8,Mon,FALSE,Summer,FALSE,Good
2018-08-28,BT1,6.31,26.82,37.1,13.7,4.5,317,2018,8,Tue,FALSE,Summer,FALSE,Good
2018-08-29,BT1,4.16,5,35.44,14.5,4.3,150,2018,8,Wed,FALSE,Summer,FALSE,Good
2018-08-30,BT1,2.94,10.57,46.26,13.8,4.9,85,2018,8,Thu,FALSE,Summer,FALSE,Good
2018-08-31,BT1,11.8,33.66,33.54,14,3.5,107,2018,8,Fri,FALSE,Summer,FALSE,Moderate
2018-09-01,BT1,10.08,19.07,41.08,17.9,5.1,348,2018,9,Sat,TRUE,Autumn,FALSE,Moderate
2018-09-02,BT1,9.93,31.12,36.18,14.3,2.1,338,2018,9,Sun,TRUE,Autumn,FALSE,Good
2018-09-03,BT1,8.67,26.05,36.21,13,3.3,340,2018,9,Mon,FALSE,Autumn,FALSE,Good
2018-09-04,BT1,4.87,9.87,39.22,14.5,4.5,83,2018,9,Tue,FALSE,Autumn,FALSE,Good
2018-09-05,BT1,4,11.35,48.91,9.8,4.3,215,2018,9,Wed,FALSE,Autumn,FALSE,Good
2018-09-06,BT1,7.64,31.7,20.29,12.4,5.7,242,2018,9,Thu,FALSE,Autumn,FALSE,Good
2018-09-07,BT1,5.65,31.65,33.32,13,4.3,17,2018,9,Fri,FALSE,Autumn,FALSE,Good
2018-09-08,BT1,7.27,16.47,36.02,11.9,2.2,219,2018,9,Sat,TRUE,Autumn,FALSE,Good
2018-09-09,BT1,6.41,20.5,50.66,13.7,2.9,298,2018,9,Sun,TRUE,Autumn,FALSE,Good
2018-09-10,BT1,8.13,21.44,29.98,14.1,2.1,307,2018,9,Mon,FALSE,Autumn,FALSE,Good
2018-09-11,BT1,5.77,14.97,27.89,10,6.7,29,2018,9,Tue,FALSE,Autumn,FALSE,Good
2018-09-12,BT1,8.63,13.91,41.75,8.1,3.9,58,2018,9,Wed,FALSE,Autumn,FALSE,Good
2018-09-13,BT1,9.69,41.51,31.14,12.1,4.5,155,2018,9,Thu,FALSE,Autumn,FALSE,Good
2018-09-14,BT1,6.94,16.21,29.54,9.1,2.1,151,2018,9,Fri,FALSE,Autumn,FALSE,Good
2018-09-15,BT1,6.95,20.01,38.5,10.6,2.1,178,2018,9,Sat,TRUE,Autumn,FALSE,Good
2018-09-16,BT1,5.28,17.94,41.44,8.7,5,95,2018,9,Sun,TRUE,Autumn,FALSE,Good
2018-09-17,BT1,8.26,22.75,42.72,7.7,4.9,23,2018,9,Mon,FALSE,Autumn,FALSE,Good
2018-09-18,BT1,1.48,8.99,41.07,10.5,12.6,278,2018,9,Tue,FALSE,Autumn,FALSE,Good
2018-09-19,BT1,9.32,34.92,39.61,11,3.7,72,2018,9,Wed,FALSE,Autumn,FALSE,Good
2018-09-20,BT1,6.52,30.27,42.65,7.4,5.9,200,2018,9,Thu,FALSE,Autumn,FALSE,Good
2018-09-21,BT1,4.35,5,44.97,8.6,7.7,0,2018,9,Fri,FALSE,Autumn,FALSE,Good
2018-09-22,BT1,4.75,10.04,43.23,4.6,5.5,40,2018,9,Sat,TRUE,Autumn,FALSE,Good
2018-09-23,BT1,11.99,33.79,31.53,10.5,3.4,308,2018,9,Sun,TRUE,Autumn,FALSE,Moderate
2018-09-24,BT1,11.13,28.25,34.77,9.9,3.8,302,2018,9,Mon,FALSE,Autumn,FALSE,Moderate
2018-09-25,BT1,7.97,36.31,29.46,11.3,5.8,103,2018,9,Tue,FALSE,Autumn,FALSE,Good
2018-09-26,BT1,15.1,31,19.9,10.9,3,314,2018,9,Wed,FALSE,Autumn,FALSE,Moderate
2018-09-27,BT1,9.5,36.41,34.61,10.1,7.4,185,2018,9,Thu,FALSE,Autumn,FALSE,Good
2018-09-28,BT1,8.85,27.54,42.64,8.9,5.1,315,2018,9,Fri,FALSE,Autumn,FALSE,Good
2018-09-29,BT1,9.49,25.23,39.01,7.5,4.4,57,2018,9,Sat,TRUE,Autumn,FALSE,Good
2018-09-30,BT1,8.57,32.24,37.4,7.9,6.6,117,2018,9,Sun,TRUE,Autumn,FALSE,Good
2018-10-01,BT1,14.05,48.25,45.98,7,5.1,26,2018,10,Mon,FALSE,Autumn,FALSE,Moderate
2018-10-02,BT1,7.5,16.91,28.55,7,3.9,169,2018,10,Tue,FALSE,Autumn,FALSE,Good
2018-10-03,BT1,4.82,22.34,43.02,11.5,7.6,181,2018,10,Wed,FALSE,Autumn,FALSE,Good
2018-10-04,BT1,12.33,38.77,24.48,8.5,2.6,160,2018,10,Thu,FALSE,Autumn,FALSE,Moderate
2018-10-05,BT1,6.27,16.64,45.99,9.4,7,288,2018,10,Fri,FALSE,Autumn,FALSE,Good
2018-10-06,BT1,5.23,17.9,34.29,9.1,3.5,114,2018,10,Sat,TRUE,Autumn,FALSE,Good
2018-10-07,BT1,8.59,12.11,40.06,10.3,4.3,54,2018,10,Sun,TRUE,Autumn,FALSE,Good
2018-10-08,BT1,10.69,41.91,42.97,6.5,6.6,152,2018,10,Mon,FALSE,Autumn,FALSE,Moderate
2018-10-09,BT1,6.68,17.55,40.45,7.8,1.9,298,2018,10,Tue,FALSE,Autumn,FALSE,Good
2018-10-10,BT1,11.33,38.45,28.66,10.1,5.4,348,2018,10,Wed,FALSE,Autumn,FALSE,Moderate
2018-10-11,BT1,5.14,24.91,41.52,8.1,6.3,345,2018,10,Thu,FALSE,Autumn,FALSE,Good
2018-10-12,BT1,8.56,16.18,38.64,6.5,3.3,238,2018,10,Fri,FALSE,Autumn,FALSE,Good
2018-10-13,BT1,7.69,13.96,47.3,5.3,2.5,170,2018,10,Sat,TRUE,Autumn,FALSE,Good
2018-10-14,BT1,9.06,24.09,25.76,5.2,5,238,2018,10,Sun,TRUE,Autumn,FALSE,Good
2018-10-15,BT1,10.58,24.97,45.89,4.7,2.4,358,2018,10,Mon,FALSE,Autumn,FALSE,Moderate
2018-10-16,BT1,11.57,15.33,29.47,7.7,2.8,79,2018,10,Tue,FALSE,Autumn,FALSE,Moderate
2018-10-17,BT1,7.82,30.64,45.72,5.1,8.5,164,2018,10,Wed,FALSE,Autumn,FALSE,Good
2018-10-18,BT1,14.84,52.65,34.13,4.7,5.9,308,2018,10,Thu,FALSE,Autumn,FALSE,Moderate
2018-10-19,BT1,12.97,42.69,19.02,8.5,1.9,161,2018,10,Fri,FALSE,Autumn,FALSE,Moderate
2018-10-20,BT1,13.78,40.34,38.91,5.7,4.3,101,2018,10,Sat,TRUE,Autumn,FALSE,Moderate
2018-10-21,BT1,7.08,26.21,46.14,4.9,2.3,274,2018,10,Sun,TRUE,Autumn,FALSE,Good
2018-10-22,BT1,13.5,34.72,27.89,4.5,6.8,112,2018,10,Mon,FALSE,Autumn,FALSE,Moderate
2018-10-23,BT1,9.58,20.43,40.17,9.6,1.8,16,2018,10,Tue,FALSE,Autumn,FALSE,Good
2018-10-24,BT1,5.95,18.64,43.29,6.2,8.7,107,2018,10,Wed,FALSE,Autumn,FALSE,Good
2018-10-25,BT1,10.06,43.12,26.63,6.7,3.7,21,2018,10,Thu,FALSE,Autumn,FALSE,Moderate
2018-10-26,BT1,10.3,35.54,46.33,5.1,3.4,296,2018,10,Fri,FALSE,Autumn,FALSE,Moderate
2018-10-27,BT1,11.66,38.73,30.82,2.1,3.3,323,2018,10,Sat,TRUE,Autumn,FALSE,Moderate
2018-10-28,BT1,12.12,29.93,30.59,2.7,3.9,139,2018,10,Sun,TRUE,Autumn,FALSE,Moderate
2018-10-29,BT1,11.01,24.57,39.75,4.1,18.2,176,2018,10,Mon,FALSE,Autumn,FALSE,Moderate
2018-10-30,BT1,10.79,37.63,38.91,-0.5,8.6,145,2018,10,Tue,FALSE,Autumn,FALSE,Moderate
2018-10-31,BT1,9.71,40.45,37.16,5,6.3,86,2018,10,Wed,FALSE,Autumn,FALSE,Good
2018-11-01,BT1,19.89,45.59,32.13,4.9,2.8,191,2018,11,Thu,FALSE,Autumn,FALSE,Moderate
2018-11-02,BT1,12.11,24.73,47.46,4.5,3.9,244,2018,11,Fri,FALSE,Autumn,FALSE,Moderate
2018-11-03,BT1,9.19,26.09,37.22,4.3,2.9,147,2018,11,Sat,TRUE,Autumn,FALSE,Good
2018-11-04,BT1,7.02,12.51,42.59,3,4.3,149,2018,11,Sun,TRUE,Autumn,FALSE,Good
2018-11-05,BT1,18.69,61.22,28.26,4.8,4.6,238,2018,11,Mon,FALSE,Autumn,FALSE,Moderate
2018-11-06,BT1,10.44,35.87,36.64,2.6,6.3,181,2018,11,Tue,FALSE,Autumn,FALSE,Moderate
2018-11-07,BT1,9.37,16.15,33.69,5.4,13.7,14,2018,11,Wed,FALSE,Autumn,FALSE,Good
2018-11-08,BT1,17.04,66.84,23.8,5.9,3.4,183,2018,11,Thu,FALSE,Autumn,FALSE,Moderate
2018-11-09,BT1,12.97,22.5,34.81,5.8,5.1,166,2018,11,Fri,FALSE,Autumn,FALSE,Moderate
2018-11-10,BT1,8.76,9.28,46.89,5.4,6.2,106,2018,11,Sat,TRUE,Autumn,FALSE,Good
2018-11-11,BT1,14.8,25.6,48.37,4.1,2,328,2018,11,Sun,TRUE,Autumn,FALSE,Moderate
2018-11-12,BT1,10.63,41.34,29.88,1.2,6.7,295,2018,11,Mon,FALSE,Autumn,FALSE,Moderate
2018-11-13,BT1,14.38,51.84,32.42,3.9,1.6,6,2018,11,Tue,FALSE,Autumn,FALSE,Moderate
2018-11-14,BT1,11.1,28.37,35.23,8.5,5.2,72,2018,11,Wed,FALSE,Autumn,FALSE,Moderate
2018-11-15,BT1,10.53,21.47,40.45,3.1,4.1,258,2018,11,Thu,FALSE,Autumn,FALSE,Moderate
2018-11-16,BT1,12.59,37.27,25.39,2.4,3.7,9,2018,11,Fri,FALSE,Autumn,FALSE,Moderate
2018-11-17,BT1,10.12,17.34,41.96,2,6.4,128,2018,11,Sat,TRUE,Autumn,FALSE,Moderate
2018-11-18,BT1,11.06,27.04,42.09,3.5,4.3,126,2018,11,Sun,TRUE,Autumn,FALSE,Moderate
2018-11-19,BT1,12.15,33.68,38.55,6.8,5.8,123,2018,11,Mon,FALSE,Autumn,FALSE,Moderate
2018-11-20,BT1,14.13,40.37,21.38,2.2,12,10,2018,11,Tue,FALSE,Autumn,FALSE,Moderate
2018-11-21,BT1,15.78,35.29,28.49,7.2,2.1,248,2018,11,Wed,FALSE,Autumn,FALSE,Moderate
2018-11-22,BT1,16.02,54.99,23.74,4.1,2.4,255,2018,11,Thu,FALSE,Autumn,FALSE,Moderate
2018-11-23,BT1,18.89,44.26,24.23,3.3,7.7,178,2018,11,Fri,FALSE,Autumn,FALSE,Moderate
2018-11-24,BT1,6.73,19.98,46.55,3.2,3.2,172,2018,11,Sat,TRUE,Autumn,FALSE,Good
2018-11-25,BT1,10.02,29.97,29.91,5.3,2.7,111,2018,11,Sun,TRUE,Autumn,FALSE,Moderate
2018-11-26,BT1,15.71,45.75,28.86,-1.5,3.1,320,2018,11,Mon,FALSE,Autumn,FALSE,Moderate
2018-11-27,BT1,16.51,49.54,19.44,-0.1,8.7,284,2018,11,Tue,FALSE,Autumn,FALSE,Moderate
2018-11-28,BT1,8.41,38.97,29.11,1.2,2.8,228,2018,11,Wed,FALSE,Autumn,FALSE,Good
2018-11-29,BT1,14.77,53.46,18.18,4,5.2,250,2018,11,Thu,FALSE,Autumn,FALSE,Moderate
2018-11-30,BT1,12.84,33.2,37.01,-0.1,5.4,61,2018,11,Fri,FALSE,Autumn,FALSE,Moderate
2018-12-01,BT1,11.7,38.58,26.83,3.8,4.4,125,2018,12,Sat,TRUE,Winter,FALSE,Moderate
2018-12-02,BT1,13.82,30.13,36.89,0.9,6.9,284,2018,12,Sun,TRUE,Winter,FALSE,Moderate
2018-12-03,BT1,13.63,32.85,30.05,3.9,2.1,32,2018,12,Mon,FALSE,Winter,FALSE,Moderate
2018-12-04,BT1,16.86,43.22,30.78,3.5,2.8,19,2018,12,Tue,FALSE,Winter,FALSE,Moderate
2018-12-05,BT1,15.93,38.6,30.09,-0.2,8.5,53,2018,12,Wed,FALSE,Winter,FALSE,Moderate
2018-12-06,BT1,12.82,35.52,45.23,1.2,4.9,234,2018,12,Thu,FALSE,Winter,FALSE,Moderate
2018-12-07,BT1,16.29,35.24,40.17,4,1.6,205,2018,12,Fri,FALSE,Winter,FALSE,Moderate
2018-12-08,BT1,13.56,46.19,32.93,2.7,5.4,197,2018,12,Sat,TRUE,Winter,FALSE,Moderate
2018-12-09,BT1,14.9,53.18,36.88,3.4,6,219,2018,12,Sun,TRUE,Winter,FALSE,Moderate
2018-12-10,BT1,14.76,33.27,39.95,0.6,4.1,83,2018,12,Mon,FALSE,Winter,FALSE,Moderate
2018-12-11,BT1,15.03,32.66,31.8,1.1,2.4,329,2018,12,Tue,FALSE,Winter,FALSE,Moderate
2018-12-12,BT1,17.4,54.16,32.4,2.6,3.7,125,2018,12,Wed,FALSE,Winter,FALSE,Moderate
2018-12-13,BT1,12.24,26.57,40.62,0.9,3.8,215,2018,12,Thu,FALSE,Winter,FALSE,Moderate
2018-12-14,BT1,10.46,27.21,36.82,3.7,5.9,229,2018,12,Fri,FALSE,Winter,FALSE,Moderate
2018-12-15,BT1,14.64,31.35,39.37,0.9,2.4,7,2018,12,Sat,TRUE,Winter,FALSE,Moderate
2018-12-16,BT1,11.83,30.08,34.69,1.1,2.3,308,2018,12,Sun,TRUE,Winter,FALSE,Moderate
2018-12-17,BT1,18.61,50.9,33.3,4.6,4.4,68,2018,12,Mon,FALSE,Winter,FALSE,Moderate
2018-12-18,BT1,18.58,54.73,32.08,3.6,5.9,248,2018,12,Tue,FALSE,Winter,FALSE,Moderate
2018-12-19,BT1,24.86,71.54,25.19,1.1,5.9,81,2018,12,Wed,FALSE,Winter,FALSE,Unhealthy (sensitive)
2018-12-20,BT1,13.36,35.05,23.25,4.5,1.7,236,2018,12,Thu,FALSE,Winter,FALSE,Moderate
2018-12-21,BT1,15.92,45.04,25.48,0.8,3.9,293,2018,12,Fri,FALSE,Winter,FALSE,Moderate
2018-12-22,BT1,11.89,26.38,40.23,4.5,4,238,2018,12,Sat,TRUE,Winter,FALSE,Moderate
2018-12-23,BT1,10.06,23.51,37.32,3.2,4.8,165,2018,12,Sun,TRUE,Winter,FALSE,Moderate
2018-12-24,BT1,17.74,40.04,37.74,4.2,5.8,235,2018,12,Mon,FALSE,Winter,FALSE,Moderate
2018-12-25,BT1,15.22,43.09,29.72,2.3,2.5,156,2018,12,Tue,FALSE,Winter,FALSE,Moderate
2018-12-26,BT1,9.45,19.01,47.19,1.9,4.6,107,2018,12,Wed,FALSE,Winter,FALSE,Good
2018-12-27,BT1,11.96,36.92,25.64,1.8,3.8,265,2018,12,Thu,FALSE,Winter,FALSE,Moderate
2018-12-28,BT1,12.56,36.77,37.12,0.9,2.8,206,2018,12,Fri,FALSE,Winter,FALSE,Moderate
2018-12-29,BT1,11.57,37.15,31.29,1.2,6.2,35,2018,12,Sat,TRUE,Winter,FALSE,Moderate
2018-12-30,BT1,14.52,17.19,43.24,6,3.3,308,2018,12,Sun,TRUE,Winter,FALSE,Moderate
2018-12-31,BT1,21.36,58.43,34.4,1.1,1.4,56,2018,12,Mon,FALSE,Winter,FALSE,Unhealthy (sensitive)
2019-01-01,BT1,13.48,43.96,40.24,2.8,4.5,60,2019,1,Tue,FALSE,Winter,FALSE,Moderate
2019-01-02,BT1,13.37,36.33,36.7,1.6,2,142,2019,1,Wed,FALSE,Winter,FALSE,Moderate
2019-01-03,BT1,17.35,45.97,37.19,5.2,5.1,186,2019,1,Thu,FALSE,Winter,FALSE,Moderate
2019-01-04,BT1,6.87,11.79,35.25,0.9,3.6,331,2019,1,Fri,FALSE,Winter,FALSE,Good
2019-01-05,BT1,11.99,45.2,37.45,1.1,3.6,243,2019,1,Sat,TRUE,Winter,FALSE,Moderate
2019-01-06,BT1,12.31,30.99,42.12,3.3,8.7,44,2019,1,Sun,TRUE,Winter,FALSE,Moderate
2019-01-07,BT1,12.64,31.04,28.03,2.1,2.8,80,2019,1,Mon,FALSE,Winter,FALSE,Moderate
2019-01-08,BT1,15.62,46.54,40.46,1,2.6,138,2019,1,Tue,FALSE,Winter,FALSE,Moderate
2019-01-09,BT1,16.09,39.38,34.48,3.8,2.3,217,2019,1,Wed,FALSE,Winter,FALSE,Moderate
2019-01-10,BT1,18.66,48.19,25.33,3.1,2.4,302,2019,1,Thu,FALSE,Winter,FALSE,Moderate
2019-01-11,BT1,15.91,37.32,46.48,2.2,5.6,164,2019,1,Fri,FALSE,Winter,FALSE,Moderate
2019-01-12,BT1,10.94,34.69,39.31,4.7,2.3,179,2019,1,Sat,TRUE,Winter,FALSE,Moderate
2019-01-13,BT1,8.25,14.6,42.69,-0.6,5.2,140,2019,1,Sun,TRUE,Winter,FALSE,Good
2019-01-14,BT1,16.46,49.2,31.75,-0.5,6.6,11,2019,1,Mon,FALSE,Winter,FALSE,Moderate
2019-01-15,BT1,17.24,43.66,40.9,5.6,4,87,2019,1,Tue,FALSE,Winter,FALSE,Moderate
2019-01-16,BT1,20.69,48.91,28.53,1.7,1.9,264,2019,1,Wed,FALSE,Winter,FALSE,Unhealthy (sensitive)
2019-01-17,BT1,16.57,35.73,22.7,3.5,6.1,134,2019,1,Thu,FALSE,Winter,FALSE,Moderate
2019-01-18,BT1,11.09,22.84,33.02,3.7,4.8,23,2019,1,Fri,FALSE,Winter,FALSE,Moderate
2019-01-19,BT1,15.41,50.48,33.47,3,3.1,80,2019,1,Sat,TRUE,Winter,FALSE,Moderate
2019-01-20,BT1,17.05,47.33,31.63,5.5,7.8,180,2019,1,Sun,TRUE,Winter,FALSE,Moderate
2019-01-21,BT1,21.94,61.28,33.12,6,2.3,45,2019,1,Mon,FALSE,Winter,FALSE,Unhealthy (sensitive)
2019-01-22,BT1,14.83,28.98,39.62,-0,2.3,22,2019,1,Tue,FALSE,Winter,FALSE,Moderate
2019-01-23,BT1,14.95,41.23,30.41,0.2,2.2,104,2019,1,Wed,FALSE,Winter,FALSE,Moderate
2019-01-24,BT1,12.62,42.65,27.31,2.9,6.2,214,2019,1,Thu,FALSE,Winter,FALSE,Moderate
2019-01-25,BT1,21.34,69.99,17.13,5.1,7.8,302,2019,1,Fri,FALSE,Winter,FALSE,Unhealthy (sensitive)
2019-01-26,BT1,15.07,41.45,35.8,4,8.4,35,2019,1,Sat,TRUE,Winter,FALSE,Moderate
2019-01-27,BT1,13.65,51.87,26.23,0.7,5,45,2019,1,Sun,TRUE,Winter,FALSE,Moderate
2019-01-28,BT1,10.85,39.04,21.99,7.4,3,127,2019,1,Mon,FALSE,Winter,FALSE,Moderate
2019-01-29,BT1,21.22,55.55,27.16,1.8,3.7,28,2019,1,Tue,FALSE,Winter,FALSE,Unhealthy (sensitive)
2019-01-30,BT1,16.32,51.16,31.92,1.7,2.9,320,2019,1,Wed,FALSE,Winter,FALSE,Moderate
2019-01-31,BT1,15.78,42.23,38.87,4.9,7.3,274,2019,1,Thu,FALSE,Winter,FALSE,Moderate
2019-02-01,BT1,11.54,31.69,35.65,5.9,5.7,143,2019,2,Fri,FALSE,Winter,FALSE,Moderate
2019-02-02,BT1,14.89,43.61,21.51,6.1,4.7,145,2019,2,Sat,TRUE,Winter,FALSE,Moderate
2019-02-03,BT1,10.87,41.28,26.96,5.4,2.5,275,2019,2,Sun,TRUE,Winter,FALSE,Moderate
2019-02-04,BT1,15.09,52.64,25.71,1.7,3,149,2019,2,Mon,FALSE,Winter,FALSE,Moderate
2019-02-05,BT1,13.81,31.84,33.54,-0.6,2.4,306,2019,2,Tue,FALSE,Winter,FALSE,Moderate
2019-02-06,BT1,14.6,45.77,35.26,4.9,3.5,244,2019,2,Wed,FALSE,Winter,FALSE,Moderate
2019-02-07,BT1,12.88,44.11,26.61,6.5,10.8,38,2019,2,Thu,FALSE,Winter,FALSE,Moderate
2019-02-08,BT1,15.72,46.31,39.73,6.5,4.5,79,2019,2,Fri,FALSE,Winter,FALSE,Moderate
2019-02-09,BT1,11.44,27.18,31.4,6.4,3.6,122,2019,2,Sat,TRUE,Winter,FALSE,Moderate
2019-02-10,BT1,11.77,47.94,29.74,3.4,4.1,90,2019,2,Sun,TRUE,Winter,FALSE,Moderate
2019-02-11,BT1,9.52,29.53,43.72,3.9,5,74,2019,2,Mon,FALSE,Winter,FALSE,Good
2019-02-12,BT1,13.95,42.35,34.43,4.9,4.4,167,2019,2,Tue,FALSE,Winter,FALSE,Moderate
2019-02-13,BT1,7.3,17.58,32.7,6.8,2.7,48,2019,2,Wed,FALSE,Winter,FALSE,Good
2019-02-14,BT1,7.1,20.75,31.18,10.9,7.4,233,2019,2,Thu,FALSE,Winter,FALSE,Good
2019-02-15,BT1,7.85,8.08,46.12,4,5.1,16,2019,2,Fri,FALSE,Winter,FALSE,Good
2019-02-16,BT1,12.51,42.49,35.83,4.6,3.6,319,2019,2,Sat,TRUE,Winter,FALSE,Moderate
2019-02-17,BT1,10.12,26.08,36.23,5.8,11.9,118,2019,2,Sun,TRUE,Winter,FALSE,Moderate
2019-02-18,BT1,15.12,37.07,34.68,6.3,5.7,82,2019,2,Mon,FALSE,Winter,FALSE,Moderate
2019-02-19,BT1,19.16,62.79,28.32,7.1,2.9,342,2019,2,Tue,FALSE,Winter,FALSE,Moderate
2019-02-20,BT1,18.1,58.88,28.54,8.1,5.8,45,2019,2,Wed,FALSE,Winter,FALSE,Moderate
2019-02-21,BT1,8.82,31.94,32.22,8.4,2.3,204,2019,2,Thu,FALSE,Winter,FALSE,Good
2019-02-22,BT1,18.17,51.31,26.73,3.1,5.2,11,2019,2,Fri,FALSE,Winter,FALSE,Moderate
2019-02-23,BT1,13.16,37.5,38.35,7.7,2.2,263,2019,2,Sat,TRUE,Winter,FALSE,Moderate
2019-02-24,BT1,15.2,33.47,35.48,3.6,2.9,235,2019,2,Sun,TRUE,Winter,FALSE,Moderate
2019-02-25,BT1,13.53,50.28,44.79,7.5,4.7,74,2019,2,Mon,FALSE,Winter,FALSE,Moderate
2019-02-26,BT1,11.81,32,23.6,7,2.5,154,2019,2,Tue,FALSE,Winter,FALSE,Moderate
2019-02-27,BT1,15.68,38.44,29.77,6.3,4.1,278,2019,2,Wed,FALSE,Winter,FALSE,Moderate
2019-02-28,BT1,17.34,56.68,22.99,7.4,2.5,78,2019,2,Thu,FALSE,Winter,FALSE,Moderate
2019-03-01,BT1,16.99,37.12,32.24,6.5,2.9,182,2019,3,Fri,FALSE,Spring,FALSE,Moderate
2019-03-02,BT1,13.6,30.95,36.41,5.5,2.5,9,2019,3,Sat,TRUE,Spring,FALSE,Moderate
2019-03-03,BT1,11.99,35.3,22.25,7.9,8.6,284,2019,3,Sun,TRUE,Spring,FALSE,Moderate
2019-03-04,BT1,11.18,30.93,35.79,3.3,6.3,304,2019,3,Mon,FALSE,Spring,FALSE,Moderate
2019-03-05,BT1,8.15,20.31,43.16,10.8,3.6,78,2019,3,Tue,FALSE,Spring,FALSE,Good
2019-03-06,BT1,12.89,26.88,29,8.1,3.9,69,2019,3,Wed,FALSE,Spring,FALSE,Moderate
2019-03-07,BT1,14.83,29.76,32.35,8.7,5,90,2019,3,Thu,FALSE,Spring,FALSE,Moderate
2019-03-08,BT1,13.45,42.44,20.15,6.3,3.3,9,2019,3,Fri,FALSE,Spring,FALSE,Moderate
2019-03-09,BT1,13.68,29.11,32.87,9,4.3,338,2019,3,Sat,TRUE,Spring,FALSE,Moderate
2019-03-10,BT1,15.78,45.68,28.55,8,6.9,123,2019,3,Sun,TRUE,Spring,FALSE,Moderate
2019-03-11,BT1,12.22,36.27,43.61,5.9,7.6,273,2019,3,Mon,FALSE,Spring,FALSE,Moderate
2019-03-12,BT1,13.68,41.12,30.83,8.5,4,42,2019,3,Tue,FALSE,Spring,FALSE,Moderate
2019-03-13,BT1,14.23,36.94,31.99,9.7,5.1,279,2019,3,Wed,FALSE,Spring,FALSE,Moderate
2019-03-14,BT1,14.2,56.88,27.28,13.2,3.4,262,2019,3,Thu,FALSE,Spring,FALSE,Moderate
2019-03-15,BT1,7,19.11,41.71,4.8,2.4,222,2019,3,Fri,FALSE,Spring,FALSE,Good
2019-03-16,BT1,12.64,37.82,30.32,9.1,2.6,33,2019,3,Sat,TRUE,Spring,FALSE,Moderate
2019-03-17,BT1,10.87,20.55,38.9,9.9,6.8,67,2019,3,Sun,TRUE,Spring,FALSE,Moderate
2019-03-18,BT1,14.33,15.22,53.9,9.9,3.7,292,2019,3,Mon,FALSE,Spring,FALSE,Moderate
2019-03-19,BT1,10.83,34.04,41.43,11.1,4.8,124,2019,3,Tue,FALSE,Spring,FALSE,Moderate
2019-03-20,BT1,18.04,52.28,24.57,10,4,83,2019,3,Wed,FALSE,Spring,FALSE,Moderate
2019-03-21,BT1,11.33,20.15,41.03,9.8,5.5,268,2019,3,Thu,FALSE,Spring,FALSE,Moderate
2019-03-22,BT1,11.85,30.44,30.99,12.4,14.2,345,2019,3,Fri,FALSE,Spring,FALSE,Moderate
2019-03-23,BT1,7.69,30.46,51.57,11.3,2.9,356,2019,3,Sat,TRUE,Spring,FALSE,Good
2019-03-24,BT1,7.28,30.4,43.62,8.5,5.9,199,2019,3,Sun,TRUE,Spring,FALSE,Good
2019-03-25,BT1,14.31,28.89,35.82,13.8,3.8,27,2019,3,Mon,FALSE,Spring,FALSE,Moderate
2019-03-26,BT1,10.2,27.14,31.84,10.4,3,57,2019,3,Tue,FALSE,Spring,FALSE,Moderate
2019-03-27,BT1,8.3,23.15,37.27,9,3.7,334,2019,3,Wed,FALSE,Spring,FALSE,Good
2019-03-28,BT1,12.8,37.8,33.85,12.6,2.3,169,2019,3,Thu,FALSE,Spring,FALSE,Moderate
2019-03-29,BT1,12.2,43.96,30.58,7.9,4.5,118,2019,3,Fri,FALSE,Spring,FALSE,Moderate
2019-03-30,BT1,11.27,40.61,31.83,10.7,6.6,222,2019,3,Sat,TRUE,Spring,FALSE,Moderate
2019-03-31,BT1,15.84,29.22,37.61,6.8,6.3,89,2019,3,Sun,TRUE,Spring,FALSE,Moderate
2019-04-01,BT1,12.61,28.38,35.73,9.9,3.2,33,2019,4,Mon,FALSE,Spring,FALSE,Moderate
2019-04-02,BT1,13.7,43.98,18.51,11.3,6.2,162,2019,4,Tue,FALSE,Spring,FALSE,Moderate
2019-04-03,BT1,11.38,32,30.17,12.3,5.2,184,2019,4,Wed,FALSE,Spring,FALSE,Moderate
2019-04-04,BT1,16.92,51.06,27.37,12.9,2.2,104,2019,4,Thu,FALSE,Spring,FALSE,Moderate
2019-04-05,BT1,10.41,33.31,29.48,14.2,3.5,176,2019,4,Fri,FALSE,Spring,FALSE,Moderate
2019-04-06,BT1,10.72,37.47,27.03,11.6,5,65,2019,4,Sat,TRUE,Spring,FALSE,Moderate
2019-04-07,BT1,3.14,6.11,38.96,11.5,3.9,141,2019,4,Sun,TRUE,Spring,FALSE,Good
2019-04-08,BT1,6.83,9.43,45.79,14.7,3.8,195,2019,4,Mon,FALSE,Spring,FALSE,Good
2019-04-09,BT1,15.77,35.54,31.92,11.4,4.3,317,2019,4,Tue,FALSE,Spring,FALSE,Moderate
2019-04-10,BT1,9.39,19.71,49.21,13.9,2.6,262,2019,4,Wed,FALSE,Spring,FALSE,Good
2019-04-11,BT1,5.67,16.59,39.47,15.3,5.2,288,2019,4,Thu,FALSE,Spring,FALSE,Good
2019-04-12,BT1,12.84,25.97,33.55,13.2,2.6,31,2019,4,Fri,FALSE,Spring,FALSE,Moderate
2019-04-13,BT1,10.96,26.16,34.24,15.9,3.1,222,2019,4,Sat,TRUE,Spring,FALSE,Moderate
2019-04-14,BT1,11.63,34.7,34.41,17,4,346,2019,4,Sun,TRUE,Spring,FALSE,Moderate
2019-04-15,BT1,12.13,18.96,37.35,12.2,2.4,100,2019,4,Mon,FALSE,Spring,FALSE,Moderate
2019-04-16,BT1,9.14,25.74,36.2,13.7,2.6,180,2019,4,Tue,FALSE,Spring,FALSE,Good
2019-04-17,BT1,10.61,30.97,42.37,14.8,2.6,58,2019,4,Wed,FALSE,Spring,FALSE,Moderate
2019-04-18,BT1,14.37,47.77,34.09,13.5,3.3,153,2019,4,Thu,FALSE,Spring,FALSE,Moderate
2019-04-19,BT1,11.26,23.71,37.09,12.1,6.8,44,2019,4,Fri,FALSE,Spring,FALSE,Moderate
2019-04-20,BT1,8.57,28.7,49.61,14.5,4.2,358,2019,4,Sat,TRUE,Spring,FALSE,Good
2019-04-21,BT1,6.41,27.01,31.97,18.7,3.7,82,2019,4,Sun,TRUE,Spring,FALSE,Good
2019-04-22,BT1,12.4,26.19,39.49,13.9,4.3,349,2019,4,Mon,FALSE,Spring,FALSE,Moderate
2019-04-23,BT1,8.82,17.8,35.63,18.2,7.8,284,2019,4,Tue,FALSE,Spring,FALSE,Good
2019-04-24,BT1,5,11.68,47.06,14.1,1.8,315,2019,4,Wed,FALSE,Spring,FALSE,Good
2019-04-25,BT1,16.23,40.07,32.04,15.9,3.6,36,2019,4,Thu,FALSE,Spring,FALSE,Moderate
2019-04-26,BT1,9.54,22.64,40.94,15,2.9,340,2019,4,Fri,FALSE,Spring,FALSE,Good
2019-04-27,BT1,6.3,24.26,38.2,12.7,2.2,70,2019,4,Sat,TRUE,Spring,FALSE,Good
2019-04-28,BT1,1.22,15.83,40.44,18.4,2.2,298,2019,4,Sun,TRUE,Spring,FALSE,Good
2019-04-29,BT1,6.39,12.47,40.77,16.4,2.9,71,2019,4,Mon,FALSE,Spring,FALSE,Good
2019-04-30,BT1,7.09,17.46,34.26,14.3,2.7,249,2019,4,Tue,FALSE,Spring,FALSE,Good
2019-05-01,BT1,10.35,25.1,44.71,15.4,4.9,38,2019,5,Wed,FALSE,Spring,FALSE,Moderate
2019-05-02,BT1,9.37,16.28,37.28,14.6,4.2,139,2019,5,Thu,FALSE,Spring,FALSE,Good
2019-05-03,BT1,12.37,25.7,39.85,17.4,5.6,4,2019,5,Fri,FALSE,Spring,FALSE,Moderate
2019-05-04,BT1,6.69,13.99,43.18,14.8,2.4,54,2019,5,Sat,TRUE,Spring,FALSE,Good
2019-05-05,BT1,7.89,20.46,41.37,17.1,5.1,1,2019,5,Sun,TRUE,Spring,FALSE,Good
2019-05-06,BT1,11.7,40.86,47.53,16.9,2.4,244,2019,5,Mon,FALSE,Spring,FALSE,Moderate
2019-05-07,BT1,5.02,7.49,50.27,14.2,8,68,2019,5,Tue,FALSE,Spring,FALSE,Good
2019-05-08,BT1,11.51,19.08,37.07,19.2,7.3,38,2019,5,Wed,FALSE,Spring,FALSE,Moderate
2019-05-09,BT1,11,12.4,41.95,12.5,6.4,287,2019,5,Thu,FALSE,Spring,FALSE,Moderate
2019-05-10,BT1,11.17,30.34,38.71,19.5,6.7,307,2019,5,Fri,FALSE,Spring,FALSE,Moderate
2019-05-11,BT1,9.88,36.3,41.03,13.7,2.5,141,2019,5,Sat,TRUE,Spring,FALSE,Good
2019-05-12,BT1,6.09,8.82,41.25,15.5,4.1,78,2019,5,Sun,TRUE,Spring,FALSE,Good
2019-05-13,BT1,6.67,13.16,46.35,15.6,7.3,18,2019,5,Mon,FALSE,Spring,FALSE,Good
2019-05-14,BT1,4.95,16.78,40.89,13.8,4,63,2019,5,Tue,FALSE,Spring,FALSE,Good
2019-05-15,BT1,9.33,23.62,40.17,14.8,1.7,345,2019,5,Wed,FALSE,Spring,FALSE,Good
2019-05-16,BT1,10.91,36.29,45.77,20.5,3.9,92,2019,5,Thu,FALSE,Spring,FALSE,Moderate
2019-05-17,BT1,9.68,21.62,43.95,17.3,8.9,166,2019,5,Fri,FALSE,Spring,FALSE,Good
2019-05-18,BT1,4.03,5.46,52.48,19.6,2.8,266,2019,5,Sat,TRUE,Spring,FALSE,Good
2019-05-19,BT1,11.66,26.47,46.67,16.4,2.9,267,2019,5,Sun,TRUE,Spring,FALSE,Moderate
2019-05-20,BT1,12.96,35.3,36.1,18.3,8.9,57,2019,5,Mon,FALSE,Spring,FALSE,Moderate
2019-05-21,BT1,6.61,21.71,30.48,18.3,5.5,74,2019,5,Tue,FALSE,Spring,FALSE,Good
2019-05-22,BT1,5.91,20.05,30.35,16.5,4,345,2019,5,Wed,FALSE,Spring,FALSE,Good
2019-05-23,BT1,1,6.82,43.6,19.3,2.5,137,2019,5,Thu,FALSE,Spring,FALSE,Good
2019-05-24,BT1,9.57,14.89,33.47,17.1,4.8,355,2019,5,Fri,FALSE,Spring,FALSE,Good
2019-05-25,BT1,6.91,19.3,43.44,18,2.4,111,2019,5,Sat,TRUE,Spring,FALSE,Good
2019-05-26,BT1,10.92,39.38,22.25,16.6,2.7,37,2019,5,Sun,TRUE,Spring,FALSE,Moderate
2019-05-27,BT1,11.25,37.06,41.37,16.1,3.2,280,2019,5,Mon,FALSE,Spring,FALSE,Moderate
2019-05-28,BT1,6.66,18.56,39.31,20.5,8.9,302,2019,5,Tue,FALSE,Spring,FALSE,Good
2019-05-29,BT1,6.82,13.36,44.19,16,4.6,246,2019,5,Wed,FALSE,Spring,FALSE,Good
2019-05-30,BT1,5.85,7.94,38.72,18,14.4,217,2019,5,Thu,FALSE,Spring,FALSE,Good
2019-05-31,BT1,8.6,9.81,34.32,15.3,7.2,331,2019,5,Fri,FALSE,Spring,FALSE,Good
2019-06-01,BT1,6.9,16.37,40.25,18.7,7.5,152,2019,6,Sat,TRUE,Summer,FALSE,Good
2019-06-02,BT1,1.51,5,48.56,16.4,10,116,2019,6,Sun,TRUE,Summer,FALSE,Good
2019-06-03,BT1,9.74,24.62,43.29,15.7,3.9,257,2019,6,Mon,FALSE,Summer,FALSE,Good
2019-06-04,BT1,5.3,5,37.82,16.7,3,49,2019,6,Tue,FALSE,Summer,FALSE,Good
2019-06-05,BT1,7.27,17.86,38.65,15.7,5.8,146,2019,6,Wed,FALSE,Summer,FALSE,Good
2019-06-06,BT1,5.36,11.59,36.95,16.4,5.3,79,2019,6,Thu,FALSE,Summer,FALSE,Good
2019-06-07,BT1,6.39,7.74,45.32,20.2,4.6,12,2019,6,Fri,FALSE,Summer,FALSE,Good
2019-06-08,BT1,6.68,27.25,28.28,16.9,3.8,23,2019,6,Sat,TRUE,Summer,FALSE,Good
2019-06-09,BT1,3.37,18.66,38.27,17.7,5.1,296,2019,6,Sun,TRUE,Summer,FALSE,Good
2019-06-10,BT1,6.33,22.28,39.05,16.3,7.1,91,2019,6,Mon,FALSE,Summer,FALSE,Good
2019-06-11,BT1,1.39,9.9,47.62,20.2,4.1,218,2019,6,Tue,FALSE,Summer,FALSE,Good
2019-06-12,BT1,3.62,5,51.57,17.8,9.3,207,2019,6,Wed,FALSE,Summer,FALSE,Good
2019-06-13,BT1,4.9,12.01,30.63,15.8,2.4,162,2019,6,Thu,FALSE,Summer,FALSE,Good
2019-06-14,BT1,7.15,27.08,38.14,15.5,7.2,340,2019,6,Fri,FALSE,Summer,FALSE,Good
2019-06-15,BT1,1.45,5,41.52,18,2.2,167,2019,6,Sat,TRUE,Summer,FALSE,Good
2019-06-16,BT1,5.88,31.11,31.47,21.1,2.7,219,2019,6,Sun,TRUE,Summer,FALSE,Good
2019-06-17,BT1,2.93,9.52,30.45,18.7,6.2,35,2019,6,Mon,FALSE,Summer,FALSE,Good
2019-06-18,BT1,6.06,16.86,38.14,18,4.4,59,2019,6,Tue,FALSE,Summer,FALSE,Good
2019-06-19,BT1,5.3,19.61,44.11,17.6,4.6,56,2019,6,Wed,FALSE,Summer,FALSE,Good
2019-06-20,BT1,2.25,16.35,33.73,16,2.9,168,2019,6,Thu,FALSE,Summer,FALSE,Good
2019-06-21,BT1,5.97,21.93,29.72,18.9,4.2,332,2019,6,Fri,FALSE,Summer,FALSE,Good
2019-06-22,BT1,1.58,5,61.98,17.6,4.3,282,2019,6,Sat,TRUE,Summer,FALSE,Good
2019-06-23,BT1,9.02,23.94,41.39,20.2,5.1,84,2019,6,Sun,TRUE,Summer,FALSE,Good
2019-06-24,BT1,1,5,38.2,17.7,3.9,290,2019,6,Mon,FALSE,Summer,FALSE,Good
2019-06-25,BT1,5.49,26.08,45.3,17.5,6,266,2019,6,Tue,FALSE,Summer,FALSE,Good
2019-06-26,BT1,4.98,12.64,45.71,17.2,6.4,142,2019,6,Wed,FALSE,Summer,FALSE,Good
2019-06-27,BT1,7.13,18.03,44.85,18.6,2.8,40,2019,6,Thu,FALSE,Summer,FALSE,Good
2019-06-28,BT1,3.03,15.6,39.39,19.7,6.7,82,2019,6,Fri,FALSE,Summer,FALSE,Good
2019-06-29,BT1,2.01,5,40.1,19.2,5.3,125,2019,6,Sat,TRUE,Summer,FALSE,Good
2019-06-30,BT1,3.89,6.75,53.06,18,2.9,118,2019,6,Sun,TRUE,Summer,FALSE,Good
2019-07-01,BT1,6.51,23.25,34.87,17.8,2.3,282,2019,7,Mon,FALSE,Summer,FALSE,Good
2019-07-02,BT1,2.08,9,43.13,19.7,2.9,8,2019,7,Tue,FALSE,Summer,FALSE,Good
2019-07-03,BT1,5.36,13.21,46.54,19.1,8.4,73,2019,7,Wed,FALSE,Summer,FALSE,Good
2019-07-04,BT1,3.67,13.86,43.14,17.2,5.8,217,2019,7,Thu,FALSE,Summer,FALSE,Good
2019-07-05,BT1,8.03,32.88,32.37,17.6,5.3,104,2019,7,Fri,FALSE,Summer,FALSE,Good
2019-07-06,BT1,6.5,10.07,44.19,17.4,3.6,132,2019,7,Sat,TRUE,Summer,FALSE,Good
2019-07-07,BT1,2.09,8.55,42.77,13,6.8,331,2019,7,Sun,TRUE,Summer,FALSE,Good
2019-07-08,BT1,6.14,22.27,37.19,18.2,1.8,181,2019,7,Mon,FALSE,Summer,FALSE,Good
2019-07-09,BT1,4.54,5,42.34,19.9,3,250,2019,7,Tue,FALSE,Summer,FALSE,Good
2019-07-10,BT1,5.66,23.35,31.88,20.9,3.7,18,2019,7,Wed,FALSE,Summer,FALSE,Good
2019-07-11,BT1,5.68,8.05,43.07,18.7,6.6,294,2019,7,Thu,FALSE,Summer,FALSE,Good
2019-07-12,BT1,3.19,5,46.5,17.2,4.4,311,2019,7,Fri,FALSE,Summer,FALSE,Good
2019-07-13,BT1,1,13.03,40.99,15.7,8.4,69,2019,7,Sat,TRUE,Summer,FALSE,Good
2019-07-14,BT1,6,5,39.88,18,3.7,120,2019,7,Sun,TRUE,Summer,FALSE,Good
2019-07-15,BT1,1,7.49,45.71,15.8,3.2,123,2019,7,Mon,FALSE,Summer,FALSE,Good
2019-07-16,BT1,7.63,11.43,34.48,14.8,1.7,320,2019,7,Tue,FALSE,Summer,FALSE,Good
2019-07-17,BT1,5.78,16.1,54.99,17.6,10.7,320,2019,7,Wed,FALSE,Summer,FALSE,Good
2019-07-18,BT1,1,16.78,47.29,16.7,4.9,180,2019,7,Thu,FALSE,Summer,FALSE,Good
2019-07-19,BT1,6,17.2,34.72,19.8,6.5,267,2019,7,Fri,FALSE,Summer,FALSE,Good
2019-07-20,BT1,8.05,19.73,40.94,20,1.6,317,2019,7,Sat,TRUE,Summer,FALSE,Good
2019-07-21,BT1,6.57,7.1,44.41,14.9,5.2,188,2019,7,Sun,TRUE,Summer,FALSE,Good
2019-07-22,BT1,6.39,34.91,33,16.3,3.5,303,2019,7,Mon,FALSE,Summer,FALSE,Good
2019-07-23,BT1,9.99,26.43,42.27,15.9,6.6,42,2019,7,Tue,FALSE,Summer,FALSE,Good
2019-07-24,BT1,7.5,18.76,38.21,20.3,3.5,249,2019,7,Wed,FALSE,Summer,FALSE,Good
2019-07-25,BT1,6.12,30.89,37.7,18.6,2.1,162,2019,7,Thu,FALSE,Summer,FALSE,Good
2019-07-26,BT1,4.36,5,42.75,20.8,2.6,81,2019,7,Fri,FALSE,Summer,FALSE,Good
2019-07-27,BT1,1.54,5,48.88,17.9,4.7,72,2019,7,Sat,TRUE,Summer,FALSE,Good
2019-07-28,BT1,8.12,16.63,42.18,18.6,2.2,137,2019,7,Sun,TRUE,Summer,FALSE,Good
2019-07-29,BT1,4.43,14.3,40.87,15.8,8.8,124,2019,7,Mon,FALSE,Summer,FALSE,Good
2019-07-30,BT1,9.88,22.56,20.93,16.4,3.8,135,2019,7,Tue,FALSE,Summer,FALSE,Good
2019-07-31,BT1,1,5,54.32,16.1,3.1,327,2019,7,Wed,FALSE,Summer,FALSE,Good
2019-08-01,BT1,11.29,38.24,30.9,14.9,8.5,182,2019,8,Thu,FALSE,Summer,FALSE,Moderate
2019-08-02,BT1,1.67,5,39.48,14.3,5,213,2019,8,Fri,FALSE,Summer,FALSE,Good
2019-08-03,BT1,6.67,14.96,46.29,17.4,1.2,99,2019,8,Sat,TRUE,Summer,FALSE,Good
2019-08-04,BT1,4.95,5,46.01,18.5,14.9,326,2019,8,Sun,TRUE,Summer,FALSE,Good
2019-08-05,BT1,2.81,5,47.72,17.6,2.8,130,2019,8,Mon,FALSE,Summer,FALSE,Good
2019-08-06,BT1,5.67,13.3,40.77,21.6,1.9,300,2019,8,Tue,FALSE,Summer,FALSE,Good
2019-08-07,BT1,2.07,5,43.1,16,4.9,44,2019,8,Wed,FALSE,Summer,FALSE,Good
2019-08-08,BT1,1,5,37.68,15.7,1.8,114,2019,8,Thu,FALSE,Summer,FALSE,Good
2019-08-09,BT1,5.14,21.09,37.67,17,2.3,295,2019,8,Fri,FALSE,Summer,FALSE,Good
2019-08-10,BT1,5.81,5,35.45,16,3.1,186,2019,8,Sat,TRUE,Summer,FALSE,Good
2019-08-11,BT1,6.78,25.32,38.65,14.4,3.1,30,2019,8,Sun,TRUE,Summer,FALSE,Good
2019-08-12,BT1,1,5,34.09,12.1,5.9,6,2019,8,Mon,FALSE,Summer,FALSE,Good
2019-08-13,BT1,9.19,18.48,39.35,16.8,6.7,249,2019,8,Tue,FALSE,Summer,FALSE,Good
2019-08-14,BT1,10,22.32,42.77,16.7,8,7,2019,8,Wed,FALSE,Summer,FALSE,Good
2019-08-15,BT1,4.59,5.22,40.1,14.5,6.1,265,2019,8,Thu,FALSE,Summer,FALSE,Good
2019-08-16,BT1,3.75,16.04,40.84,14.8,3.3,335,2019,8,Fri,FALSE,Summer,FALSE,Good
2019-08-17,BT1,8.31,25.97,40.19,16.1,2.4,330,2019,8,Sat,TRUE,Summer,FALSE,Good
2019-08-18,BT1,1,5,56.31,15.1,3.8,284,2019,8,Sun,TRUE,Summer,FALSE,Good
2019-08-19,BT1,1.85,9.69,36.45,10.3,7.6,251,2019,8,Mon,FALSE,Summer,FALSE,Good
2019-08-20,BT1,8.49,22.18,39.87,14,7.7,282,2019,8,Tue,FALSE,Summer,FALSE,Good
2019-08-21,BT1,7.02,31.67,27.13,13.9,3.7,94,2019,8,Wed,FALSE,Summer,FALSE,Good
2019-08-22,BT1,5.44,17.92,36.96,13.6,14.5,234,2019,8,Thu,FALSE,Summer,FALSE,Good
2019-08-23,BT1,8.01,14.59,45.34,12.1,2.7,11,2019,8,Fri,FALSE,Summer,FALSE,Good
2019-08-24,BT1,1,5,50.42,10,3.1,350,2019,8,Sat,TRUE,Summer,FALSE,Good
2019-08-25,BT1,7.76,23.57,48.32,12,9.3,104,2019,8,Sun,TRUE,Summer,FALSE,Good
2019-08-26,BT1,10.17,40.84,31.57,14.4,2.6,215,2019,8,Mon,FALSE,Summer,FALSE,Moderate
2019-08-27,BT1,5.67,15.07,41.23,10.7,4.8,166,2019,8,Tue,FALSE,Summer,FALSE,Good
2019-08-28,BT1,7.83,37.76,26.75,15.7,2.2,224,2019,8,Wed,FALSE,Summer,FALSE,Good
2019-08-29,BT1,9.65,27.19,36.57,12.8,4.6,138,2019,8,Thu,FALSE,Summer,FALSE,Good
2019-08-30,BT1,11.29,28.43,35.73,13.6,4.3,120,2019,8,Fri,FALSE,Summer,FALSE,Moderate
2019-08-31,BT1,5.19,12.34,40.1,13.4,5.6,173,2019,8,Sat,TRUE,Summer,FALSE,Good
2019-09-01,BT1,6.58,7.07,41.25,12.3,3.6,66,2019,9,Sun,TRUE,Autumn,FALSE,Good
2019-09-02,BT1,8.59,23.76,40.28,12.4,2.9,26,2019,9,Mon,FALSE,Autumn,FALSE,Good
2019-09-03,BT1,11.05,23.42,31.94,13.7,4.7,107,2019,9,Tue,FALSE,Autumn,FALSE,Moderate
2019-09-04,BT1,10.43,33.28,36.56,10.8,5.5,24,2019,9,Wed,FALSE,Autumn,FALSE,Moderate
2019-09-05,BT1,6.2,21.4,52.78,9.6,10.7,53,2019,9,Thu,FALSE,Autumn,FALSE,Good
2019-09-06,BT1,9.38,29.32,30.66,14.1,3.9,180,2019,9,Fri,FALSE,Autumn,FALSE,Good
2019-09-07,BT1,6.06,5,41.85,13.4,9.1,9,2019,9,Sat,TRUE,Autumn,FALSE,Good
2019-09-08,BT1,8.18,33.63,33.31,8.4,2.8,229,2019,9,Sun,TRUE,Autumn,FALSE,Good
2019-09-09,BT1,5.17,22.78,34.36,9,3.5,180,2019,9,Mon,FALSE,Autumn,FALSE,Good
2019-09-10,BT1,9.53,24.86,27.32,11.6,2.5,257,2019,9,Tue,FALSE,Autumn,FALSE,Good
2019-09-11,BT1,6,20.18,36.48,7.6,2.4,12,2019,9,Wed,FALSE,Autumn,FALSE,Good
2019-09-12,BT1,11.5,32.95,33.55,10.8,2.4,352,2019,9,Thu,FALSE,Autumn,FALSE,Moderate
2019-09-13,BT1,5.66,5,37.41,11.8,5.8,212,2019,9,Fri,FALSE,Autumn,FALSE,Good
2019-09-14,BT1,1.96,5,50.1,8.6,7.7,94,2019,9,Sat,TRUE,Autumn,FALSE,Good
2019-09-15,BT1,12.37,21.95,37.53,10.2,10.4,117,2019,9,Sun,TRUE,Autumn,FALSE,Moderate
2019-09-16,BT1,5.61,11.63,41.8,12,2.5,16,2019,9,Mon,FALSE,Autumn,FALSE,Good
2019-09-17,BT1,6.98,19.45,47.69,12.2,4.4,165,2019,9,Tue,FALSE,Autumn,FALSE,Good
2019-09-18,BT1,6.33,22.39,34.83,10.3,1.9,8,2019,9,Wed,FALSE,Autumn,FALSE,Good
2019-09-19,BT1,4.68,10.46,42.23,9.5,3.3,158,2019,9,Thu,FALSE,Autumn,FALSE,Good
2019-09-20,BT1,2.28,16.35,45.65,9.5,3.1,48,2019,9,Fri,FALSE,Autumn,FALSE,Good
2019-09-21,BT1,10.53,36.19,34.25,9.5,4.3,237,2019,9,Sat,TRUE,Autumn,FALSE,Moderate
2019-09-22,BT1,3.62,16.57,41.89,9.5,2.8,50,2019,9,Sun,TRUE,Autumn,FALSE,Good
2019-09-23,BT1,11.03,42.22,34,10,7.1,117,2019,9,Mon,FALSE,Autumn,FALSE,Moderate
2019-09-24,BT1,10.22,37.66,32.32,10.8,1.4,104,2019,9,Tue,FALSE,Autumn,FALSE,Moderate
2019-09-25,BT1,6.63,26.14,40.42,11.2,4,100,2019,9,Wed,FALSE,Autumn,FALSE,Good
2019-09-26,BT1,6.04,19.12,39.17,9.8,5,141,2019,9,Thu,FALSE,Autumn,FALSE,Good
2019-09-27,BT1,4.96,16.23,41.69,7.2,2,144,2019,9,Fri,FALSE,Autumn,FALSE,Good
2019-09-28,BT1,8.61,28.97,35.54,12.1,10.5,228,2019,9,Sat,TRUE,Autumn,FALSE,Good
2019-09-29,BT1,7.48,8.72,49.11,12.2,9.4,331,2019,9,Sun,TRUE,Autumn,FALSE,Good
2019-09-30,BT1,11.94,42.05,19.58,7.6,3.3,46,2019,9,Mon,FALSE,Autumn,FALSE,Moderate
2019-10-01,BT1,11.18,34.02,43.22,10.2,4.5,281,2019,10,Tue,FALSE,Autumn,FALSE,Moderate
2019-10-02,BT1,8.51,14.22,41.49,9.7,6.4,161,2019,10,Wed,FALSE,Autumn,FALSE,Good
2019-10-03,BT1,10.19,14.21,52.3,6.1,1.9,340,2019,10,Thu,FALSE,Autumn,FALSE,Moderate
2019-10-04,BT1,7.55,29.55,40,6.1,2.3,260,2019,10,Fri,FALSE,Autumn,FALSE,Good
2019-10-05,BT1,10.69,26.26,39.27,8.1,6.2,295,2019,10,Sat,TRUE,Autumn,FALSE,Moderate
2019-10-06,BT1,9.55,32.82,22.53,10.2,5.4,281,2019,10,Sun,TRUE,Autumn,FALSE,Good
2019-10-07,BT1,5.94,15.19,41.6,6.6,2.8,73,2019,10,Mon,FALSE,Autumn,FALSE,Good
2019-10-08,BT1,3.03,10.98,48.65,8.3,3.1,148,2019,10,Tue,FALSE,Autumn,FALSE,Good
2019-10-09,BT1,5.7,18.19,39.1,8.9,3.4,184,2019,10,Wed,FALSE,Autumn,FALSE,Good
2019-10-10,BT1,11.02,35.89,33.3,7.2,4.7,340,2019,10,Thu,FALSE,Autumn,FALSE,Moderate
2019-10-11,BT1,11.54,29.68,40.8,6.5,2.9,179,2019,10,Fri,FALSE,Autumn,FALSE,Moderate
2019-10-12,BT1,7.85,15.46,40.01,6.3,5.7,135,2019,10,Sat,TRUE,Autumn,FALSE,Good
2019-10-13,BT1,6.73,14.26,42.37,4.6,1.8,0,2019,10,Sun,TRUE,Autumn,FALSE,Good
2019-10-14,BT1,18.31,52.67,26.38,6,10,296,2019,10,Mon,FALSE,Autumn,FALSE,Moderate
2019-10-15,BT1,7.57,16.15,49.98,6.1,9.9,83,2019,10,Tue,FALSE,Autumn,FALSE,Good
2019-10-16,BT1,11.82,35.79,24.48,6.9,4,266,2019,10,Wed,FALSE,Autumn,FALSE,Moderate
2019-10-17,BT1,11.55,31.87,43.99,4.9,7.7,314,2019,10,Thu,FALSE,Autumn,FALSE,Moderate
2019-10-18,BT1,12.6,48.15,20.41,3.9,3.2,137,2019,10,Fri,FALSE,Autumn,FALSE,Moderate
2019-10-19,BT1,7.39,21.46,34.19,5.4,3.7,208,2019,10,Sat,TRUE,Autumn,FALSE,Good
2019-10-20,BT1,8.44,37.22,26.85,3.8,7.6,181,2019,10,Sun,TRUE,Autumn,FALSE,Good
2019-10-21,BT1,8.65,17.1,38.17,3.8,5.8,191,2019,10,Mon,FALSE,Autumn,FALSE,Good
2019-10-22,BT1,13.75,38.05,37.94,5.6,8.1,200,2019,10,Tue,FALSE,Autumn,FALSE,Moderate
2019-10-23,BT1,15.2,41.38,33.78,5.3,3.1,36,2019,10,Wed,FALSE,Autumn,FALSE,Moderate
2019-10-24,BT1,14.83,41.42,37.78,3.9,3.5,158,2019,10,Thu,FALSE,Autumn,FALSE,Moderate
2019-10-25,BT1,10.43,28.33,45.5,6.3,6.3,45,2019,10,Fri,FALSE,Autumn,FALSE,Moderate
2019-10-26,BT1,5.22,6.99,41.6,6.3,2.2,296,2019,10,Sat,TRUE,Autumn,FALSE,Good
2019-10-27,BT1,3.68,16.8,32.39,3.1,16.3,307,2019,10,Sun,TRUE,Autumn,FALSE,Good
2019-10-28,BT1,9.49,31.65,38.71,9.9,3,24,2019,10,Mon,FALSE,Autumn,FALSE,Good
2019-10-29,BT1,12.63,35.32,38.4,3,5.1,342,2019,10,Tue,FALSE,Autumn,FALSE,Moderate
2019-10-30,BT1,7.88,11.04,43.78,5.6,7.2,348,2019,10,Wed,FALSE,Autumn,FALSE,Good
2019-10-31,BT1,9.05,21.18,33.46,6.1,5,228,2019,10,Thu,FALSE,Autumn,FALSE,Good
2019-11-01,BT1,10.06,40.4,42.05,1.4,3.3,184,2019,11,Fri,FALSE,Autumn,FALSE,Moderate
2019-11-02,BT1,11.41,39.58,30.4,3.8,4.1,8,2019,11,Sat,TRUE,Autumn,FALSE,Moderate
2019-11-03,BT1,13.79,37.19,31.56,9.5,2.3,17,2019,11,Sun,TRUE,Autumn,FALSE,Moderate
2019-11-04,BT1,14.68,38.35,26.95,2,5.7,77,2019,11,Mon,FALSE,Autumn,FALSE,Moderate
2019-11-05,BT1,10.16,30.52,42.12,4.6,3,194,2019,11,Tue,FALSE,Autumn,FALSE,Moderate
2019-11-06,BT1,14.83,40.38,31.35,4.4,2.7,197,2019,11,Wed,FALSE,Autumn,FALSE,Moderate
2019-11-07,BT1,14.51,46.99,35.23,4.9,2.5,134,2019,11,Thu,FALSE,Autumn,FALSE,Moderate
2019-11-08,BT1,15.44,40.82,38.36,2.7,3.2,122,2019,11,Fri,FALSE,Autumn,FALSE,Moderate
2019-11-09,BT1,14.16,39.02,39.9,2.2,1.3,359,2019,11,Sat,TRUE,Autumn,FALSE,Moderate
2019-11-10,BT1,9.97,36.53,34.45,4.3,2.8,156,2019,11,Sun,TRUE,Autumn,FALSE,Good
2019-11-11,BT1,9.75,24.74,33.93,5.2,2.1,193,2019,11,Mon,FALSE,Autumn,FALSE,Good
2019-11-12,BT1,17.07,43.46,23.34,2.6,16.3,284,2019,11,Tue,FALSE,Autumn,FALSE,Moderate
2019-11-13,BT1,12.1,30.01,44.11,1.8,2.8,59,2019,11,Wed,FALSE,Autumn,FALSE,Moderate
2019-11-14,BT1,13.7,31.55,36.09,4.5,6.9,73,2019,11,Thu,FALSE,Autumn,FALSE,Moderate
2019-11-15,BT1,13.32,25.96,34.21,5.6,4.3,37,2019,11,Fri,FALSE,Autumn,FALSE,Moderate
2019-11-16,BT1,11.15,16.44,42.53,2.5,3,349,2019,11,Sat,TRUE,Autumn,FALSE,Moderate
2019-11-17,BT1,12.61,32.13,24.55,3.4,5.9,311,2019,11,Sun,TRUE,Autumn,FALSE,Moderate
2019-11-18,BT1,13.75,41.1,29.88,4.8,2.4,226,2019,11,Mon,FALSE,Autumn,FALSE,Moderate
2019-11-19,BT1,9.95,20.04,41.82,1.3,8.5,179,2019,11,Tue,FALSE,Autumn,FALSE,Good
2019-11-20,BT1,14.47,52.75,25.55,0.1,2.4,353,2019,11,Wed,FALSE,Autumn,FALSE,Moderate
2019-11-21,BT1,14.08,30.07,37.12,2.7,3.4,78,2019,11,Thu,FALSE,Autumn,FALSE,Moderate
2019-11-22,BT1,12.03,32.98,38.99,3.1,7.3,265,2019,11,Fri,FALSE,Autumn,FALSE,Moderate
2019-11-23,BT1,12.28,39.61,32.29,3.8,15.4,178,2019,11,Sat,TRUE,Autumn,FALSE,Moderate
2019-11-24,BT1,7.68,24.59,40.77,4.1,7.2,257,2019,11,Sun,TRUE,Autumn,FALSE,Good
2019-11-25,BT1,8.3,25.54,42.89,5.6,2.1,319,2019,11,Mon,FALSE,Autumn,FALSE,Good
2019-11-26,BT1,14.92,40.11,30.46,1.8,2.1,63,2019,11,Tue,FALSE,Autumn,FALSE,Moderate
2019-11-27,BT1,19.58,50.01,19.24,-1.3,3.6,248,2019,11,Wed,FALSE,Autumn,FALSE,Moderate
2019-11-28,BT1,9.64,15.28,37.47,1.8,3.5,326,2019,11,Thu,FALSE,Autumn,FALSE,Good
2019-11-29,BT1,11.25,24.87,31.9,4.7,2.5,156,2019,11,Fri,FALSE,Autumn,FALSE,Moderate
2019-11-30,BT1,13.42,24.44,31.28,0.7,3.2,264,2019,11,Sat,TRUE,Autumn,FALSE,Moderate
2019-12-01,BT1,14.1,47.76,27.99,-0.4,5,254,2019,12,Sun,TRUE,Winter,FALSE,Moderate
2019-12-02,BT1,14.85,46.92,21.15,5.5,5.4,82,2019,12,Mon,FALSE,Winter,FALSE,Moderate
2019-12-03,BT1,11.04,41.32,37.75,-1.1,3,262,2019,12,Tue,FALSE,Winter,FALSE,Moderate
2019-12-04,BT1,7.59,21.87,47.88,1.2,1.3,142,2019,12,Wed,FALSE,Winter,FALSE,Good
2019-12-05,BT1,22.58,74.31,19.93,6.2,4.1,29,2019,12,Thu,FALSE,Winter,FALSE,Unhealthy (sensitive)
2019-12-06,BT1,14.57,49.82,30.34,1.8,2.3,317,2019,12,Fri,FALSE,Winter,FALSE,Moderate
2019-12-07,BT1,18.03,50.68,19.97,2.7,1.3,341,2019,12,Sat,TRUE,Winter,FALSE,Moderate
2019-12-08,BT1,13.45,34.23,44.1,-2.3,3.7,269,2019,12,Sun,TRUE,Winter,FALSE,Moderate
2019-12-09,BT1,12.06,41.93,29,3,1.9,78,2019,12,Mon,FALSE,Winter,FALSE,Moderate
2019-12-10,BT1,13.98,32.76,38.37,1.4,3.1,340,2019,12,Tue,FALSE,Winter,FALSE,Moderate
2019-12-11,BT1,13.49,30.11,33.05,1.7,4.7,336,2019,12,Wed,FALSE,Winter,FALSE,Moderate
2019-12-12,BT1,17.3,43.69,28.39,3.5,1.5,45,2019,12,Thu,FALSE,Winter,FALSE,Moderate
2019-12-13,BT1,15.87,46.4,20.1,7.2,2.8,1,2019,12,Fri,FALSE,Winter,FALSE,Moderate
2019-12-14,BT1,11.67,37.88,34.08,2.3,2.5,226,2019,12,Sat,TRUE,Winter,FALSE,Moderate
2019-12-15,BT1,12.26,41.74,33.08,-0.9,3.1,67,2019,12,Sun,TRUE,Winter,FALSE,Moderate
2019-12-16,BT1,16.31,51.07,28.87,-1,5.2,189,2019,12,Mon,FALSE,Winter,FALSE,Moderate
2019-12-17,BT1,13.57,40.8,30.35,-0.8,8.7,282,2019,12,Tue,FALSE,Winter,FALSE,Moderate
2019-12-18,BT1,14.51,54.82,28.98,-1.3,2.2,15,2019,12,Wed,FALSE,Winter,FALSE,Moderate
2019-12-19,BT1,12.48,44.77,31.07,0.6,2.8,117,2019,12,Thu,FALSE,Winter,FALSE,Moderate
2019-12-20,BT1,22.27,59.05,20.83,0.5,2.8,49,2019,12,Fri,FALSE,Winter,FALSE,Unhealthy (sensitive)
2019-12-21,BT1,10.08,14.48,46.64,3,3,1,2019,12,Sat,TRUE,Winter,FALSE,Moderate
2019-12-22,BT1,14.68,48.17,49.46,2,2.1,113,2019,12,Sun,TRUE,Winter,FALSE,Moderate
2019-12-23,BT1,17.13,50.03,34.2,2.1,2.3,297,2019,12,Mon,FALSE,Winter,FALSE,Moderate
2019-12-24,BT1,13.99,41.28,45.53,3.8,3,135,2019,12,Tue,FALSE,Winter,FALSE,Moderate
2019-12-25,BT1,13.95,32.24,45.67,0.9,1.9,175,2019,12,Wed,FALSE,Winter,FALSE,Moderate
2019-12-26,BT1,10.23,17.56,35.25,1.3,2,221,2019,12,Thu,FALSE,Winter,FALSE,Moderate
2019-12-27,BT1,19.07,43.4,25.62,3.6,2.4,4,2019,12,Fri,FALSE,Winter,FALSE,Moderate
2019-12-28,BT1,14.98,43.58,24.26,1.1,3.2,101,2019,12,Sat,TRUE,Winter,FALSE,Moderate
2019-12-29,BT1,13.12,35.46,22.63,8.8,2,244,2019,12,Sun,TRUE,Winter,FALSE,Moderate
2019-12-30,BT1,13.31,30.38,31.46,3.7,2.1,81,2019,12,Mon,FALSE,Winter,FALSE,Moderate
2019-12-31,BT1,14.99,45.36,34.4,3.5,2.1,136,2019,12,Tue,FALSE,Winter,FALSE,Moderate
2020-01-01,BT1,7.47,14.15,42.05,-1.3,3.6,83,2020,1,Wed,FALSE,Winter,FALSE,Good
2020-01-02,BT1,14.58,22.14,32.02,1.2,4.7,260,2020,1,Thu,FALSE,Winter,FALSE,Moderate
2020-01-03,BT1,13.28,37.23,38.77,6.6,4.3,266,2020,1,Fri,FALSE,Winter,FALSE,Moderate
2020-01-04,BT1,11.11,36.33,26.63,4.8,3.3,193,2020,1,Sat,TRUE,Winter,FALSE,Moderate
2020-01-05,BT1,10.5,15.03,35.49,-0.4,4,263,2020,1,Sun,TRUE,Winter,FALSE,Moderate
2020-01-06,BT1,16.81,51.32,19.49,0.5,3.9,301,2020,1,Mon,FALSE,Winter,FALSE,Moderate
2020-01-07,BT1,15.57,54.86,27.65,1.8,2.1,14,2020,1,Tue,FALSE,Winter,FALSE,Moderate
2020-01-08,BT1,16.86,42.67,21.82,4.4,5.3,42,2020,1,Wed,FALSE,Winter,FALSE,Moderate
2020-01-09,BT1,9.56,24.03,44.52,6.7,6.1,145,2020,1,Thu,FALSE,Winter,FALSE,Good
2020-01-10,BT1,10.66,49.03,18.26,1.4,8.2,25,2020,1,Fri,FALSE,Winter,FALSE,Moderate
2020-01-11,BT1,12.12,28.28,42.47,2.5,3.8,288,2020,1,Sat,TRUE,Winter,FALSE,Moderate
2020-01-12,BT1,12.94,39.66,33.64,-2,3.2,167,2020,1,Sun,TRUE,Winter,FALSE,Moderate
2020-01-13,BT1,13.68,51.07,25.56,2.9,6.5,313,2020,1,Mon,FALSE,Winter,FALSE,Moderate
2020-01-14,BT1,16.92,49.48,26.61,4.3,4.4,165,2020,1,Tue,FALSE,Winter,FALSE,Moderate
2020-01-15,BT1,15.05,45.87,35.95,6.8,6.4,133,2020,1,Wed,FALSE,Winter,FALSE,Moderate
2020-01-16,BT1,17.23,43.5,32.75,2.9,4.1,104,2020,1,Thu,FALSE,Winter,FALSE,Moderate
2020-01-17,BT1,17.09,50.67,33.6,1.2,11.9,174,2020,1,Fri,FALSE,Winter,FALSE,Moderate
2020-01-18,BT1,1.68,5,49.4,4.9,4.3,161,2020,1,Sat,TRUE,Winter,FALSE,Good
2020-01-19,BT1,16.41,55.63,42.42,7,1.9,226,2020,1,Sun,TRUE,Winter,FALSE,Moderate
2020-01-20,BT1,14.32,47.59,31.94,3.9,7.1,231,2020,1,Mon,FALSE,Winter,FALSE,Moderate
2020-01-21,BT1,15.71,54.02,27.91,-0.4,2.5,222,2020,1,Tue,FALSE,Winter,FALSE,Moderate
2020-01-22,BT1,13.02,38.21,29.75,5.4,2.1,52,2020,1,Wed,FALSE,Winter,FALSE,Moderate
2020-01-23,BT1,14.7,32.77,14.75,1.6,4,235,2020,1,Thu,FALSE,Winter,FALSE,Moderate
2020-01-24,BT1,13.99,42.12,29.91,4.1,4.3,116,2020,1,Fri,FALSE,Winter,FALSE,Moderate
2020-01-25,BT1,12.01,38.85,29.46,2.2,2.1,102,2020,1,Sat,TRUE,Winter,FALSE,Moderate
2020-01-26,BT1,13.3,41.1,32.63,1.5,3.4,145,2020,1,Sun,TRUE,Winter,FALSE,Moderate
2020-01-27,BT1,18.44,42.32,36.47,6.9,3.3,282,2020,1,Mon,FALSE,Winter,FALSE,Moderate
2020-01-28,BT1,14.67,48.18,28.82,7.7,2.6,337,2020,1,Tue,FALSE,Winter,FALSE,Moderate
2020-01-29,BT1,13.75,52.82,30.07,5.5,6.9,267,2020,1,Wed,FALSE,Winter,FALSE,Moderate
2020-01-30,BT1,19.48,46.02,36,4.5,4.6,331,2020,1,Thu,FALSE,Winter,FALSE,Moderate
2020-01-31,BT1,17.28,49.84,24.08,4.6,12.1,315,2020,1,Fri,FALSE,Winter,FALSE,Moderate
2020-02-01,BT1,21.07,51.04,32.59,5.7,3.6,70,2020,2,Sat,TRUE,Winter,FALSE,Unhealthy (sensitive)
2020-02-02,BT1,9.76,35.68,22.32,3.8,6.8,136,2020,2,Sun,TRUE,Winter,FALSE,Good
2020-02-03,BT1,18.86,42.54,18.85,2.2,4.8,268,2020,2,Mon,FALSE,Winter,FALSE,Moderate
2020-02-04,BT1,10.34,32.85,32.94,2.1,2.7,73,2020,2,Tue,FALSE,Winter,FALSE,Moderate
2020-02-05,BT1,19.92,50.67,28.44,6.3,4.3,272,2020,2,Wed,FALSE,Winter,FALSE,Moderate
2020-02-06,BT1,17.42,62.32,14.62,5.3,2.5,165,2020,2,Thu,FALSE,Winter,FALSE,Moderate
2020-02-07,BT1,12.34,27.76,35.48,4.7,5.1,328,2020,2,Fri,FALSE,Winter,FALSE,Moderate
2020-02-08,BT1,17.52,40.72,29.7,5,11.4,182,2020,2,Sat,TRUE,Winter,FALSE,Moderate
2020-02-09,BT1,20.1,59.47,22.5,3.5,3.1,333,2020,2,Sun,TRUE,Winter,FALSE,Unhealthy (sensitive)
2020-02-10,BT1,11.21,33.01,34.52,3.9,13.3,259,2020,2,Mon,FALSE,Winter,FALSE,Moderate
2020-02-11,BT1,19.83,61.74,14.47,3.7,3.6,282,2020,2,Tue,FALSE,Winter,FALSE,Moderate
2020-02-12,BT1,15.95,34.91,37,4,3.1,132,2020,2,Wed,FALSE,Winter,FALSE,Moderate
2020-02-13,BT1,14.93,37.82,33.84,4.5,1.4,70,2020,2,Thu,FALSE,Winter,FALSE,Moderate
2020-02-14,BT1,11.85,40.06,21.97,7.5,2.5,294,2020,2,Fri,FALSE,Winter,FALSE,Moderate
2020-02-15,BT1,14.13,36.81,34.33,3.6,8.6,29,2020,2,Sat,TRUE,Winter,FALSE,Moderate
2020-02-16,BT1,15.95,54.27,22.94,2.6,7.5,198,2020,2,Sun,TRUE,Winter,FALSE,Moderate
2020-02-17,BT1,17.99,45.73,31.46,6.6,8.5,354,2020,2,Mon,FALSE,Winter,FALSE,Moderate
2020-02-18,BT1,15.17,37.22,28.06,7.6,8.3,353,2020,2,Tue,FALSE,Winter,FALSE,Moderate
2020-02-19,BT1,21.51,56.43,26.64,6.7,12.7,288,2020,2,Wed,FALSE,Winter,FALSE,Unhealthy (sensitive)
2020-02-20,BT1,13.64,39.3,34.9,2.5,1.9,183,2020,2,Thu,FALSE,Winter,FALSE,Moderate
2020-02-21,BT1,12.24,25.69,42.35,7.9,2.6,125,2020,2,Fri,FALSE,Winter,FALSE,Moderate
2020-02-22,BT1,13.82,23.24,40.74,7.5,5.5,355,2020,2,Sat,TRUE,Winter,FALSE,Moderate
2020-02-23,BT1,13.67,30.84,33.29,6.7,11,146,2020,2,Sun,TRUE,Winter,FALSE,Moderate
2020-02-24,BT1,14.04,40.27,35.64,6.8,5,290,2020,2,Mon,FALSE,Winter,FALSE,Moderate
2020-02-25,BT1,11.93,38.48,25.36,7.1,3.2,96,2020,2,Tue,FALSE,Winter,FALSE,Moderate
2020-02-26,BT1,12.92,36.65,38.35,7.4,2.2,70,2020,2,Wed,FALSE,Winter,FALSE,Moderate
2020-02-27,BT1,15.5,44.82,41.18,7.5,2.9,61,2020,2,Thu,FALSE,Winter,FALSE,Moderate
2020-02-28,BT1,18,67.76,15.22,8.7,13.9,60,2020,2,Fri,FALSE,Winter,FALSE,Moderate
2020-02-29,BT1,11.03,29.42,31.33,6.4,3.3,357,2020,2,Sat,TRUE,Winter,FALSE,Moderate
2020-03-01,BT1,8.14,17.18,47.32,9,2,196,2020,3,Sun,TRUE,Spring,FALSE,Good
2020-03-02,BT1,16.33,46.09,29.32,4.7,4.8,32,2020,3,Mon,FALSE,Spring,FALSE,Moderate
2020-03-03,BT1,11.35,27.95,41.58,7,3.2,334,2020,3,Tue,FALSE,Spring,FALSE,Moderate
2020-03-04,BT1,16.52,50.27,26.55,7,8,244,2020,3,Wed,FALSE,Spring,FALSE,Moderate
2020-03-05,BT1,11.48,27.7,35.21,9.8,1.3,194,2020,3,Thu,FALSE,Spring,FALSE,Moderate
2020-03-06,BT1,13.91,39.97,30.28,9.9,3.7,92,2020,3,Fri,FALSE,Spring,FALSE,Moderate
2020-03-07,BT1,11.53,26.3,33.89,8.8,5.1,34,2020,3,Sat,TRUE,Spring,FALSE,Moderate
2020-03-08,BT1,8.1,27.62,28.39,12.2,4.6,306,2020,3,Sun,TRUE,Spring,FALSE,Good
2020-03-09,BT1,12.18,43.69,28.35,11.3,6.3,170,2020,3,Mon,FALSE,Spring,FALSE,Moderate
2020-03-10,BT1,11.77,26.2,35.93,8.8,5,124,2020,3,Tue,FALSE,Spring,FALSE,Moderate
2020-03-11,BT1,14.63,53.41,40.99,7.2,3.4,178,2020,3,Wed,FALSE,Spring,FALSE,Moderate
2020-03-12,BT1,7.97,5,45.21,8.1,4.6,331,2020,3,Thu,FALSE,Spring,FALSE,Good
2020-03-13,BT1,11.21,34.15,41.29,3.3,3.6,126,2020,3,Fri,FALSE,Spring,FALSE,Moderate
2020-03-14,BT1,8.11,14.88,47.21,8.1,6,108,2020,3,Sat,TRUE,Spring,FALSE,Good
2020-03-15,BT1,8.95,11.23,36.59,13,3,258,2020,3,Sun,TRUE,Spring,FALSE,Good
2020-03-16,BT1,10.41,30.68,29.36,7.4,10.7,9,2020,3,Mon,FALSE,Spring,FALSE,Moderate
2020-03-17,BT1,8.17,28.81,31.18,13.3,4.7,294,2020,3,Tue,FALSE,Spring,FALSE,Good
2020-03-18,BT1,11.69,24.72,39.28,8.1,13.2,35,2020,3,Wed,FALSE,Spring,FALSE,Moderate
2020-03-19,BT1,9.63,33.06,39.07,11.6,1.5,6,2020,3,Thu,FALSE,Spring,FALSE,Good
2020-03-20,BT1,13.52,39.75,29.28,14.6,6.1,90,2020,3,Fri,FALSE,Spring,FALSE,Moderate
2020-03-21,BT1,15.13,46.38,32.8,11.4,1.8,121,2020,3,Sat,TRUE,Spring,FALSE,Moderate
2020-03-22,BT1,9.97,44.56,26.22,12.9,3.8,13,2020,3,Sun,TRUE,Spring,FALSE,Good
2020-03-23,BT1,17.12,57.54,31.08,15,5.1,307,2020,3,Mon,FALSE,Spring,FALSE,Moderate
2020-03-24,BT1,12.62,34.62,47.84,9.8,4.2,209,2020,3,Tue,FALSE,Spring,FALSE,Moderate
2020-03-25,BT1,13.19,25.96,38.18,12.3,2.5,218,2020,3,Wed,FALSE,Spring,FALSE,Moderate
2020-03-26,BT1,12.37,28,46.33,11.4,1.7,141,2020,3,Thu,FALSE,Spring,FALSE,Moderate
2020-03-27,BT1,15.6,36.33,49.54,9.3,6.2,55,2020,3,Fri,FALSE,Spring,FALSE,Moderate
2020-03-28,BT1,16.79,49.24,25.29,10.5,5.4,262,2020,3,Sat,TRUE,Spring,FALSE,Moderate
2020-03-29,BT1,9.21,20.05,43.98,12.8,5.5,190,2020,3,Sun,TRUE,Spring,FALSE,Good
2020-03-30,BT1,19.11,52.36,16.9,11.5,3.2,104,2020,3,Mon,FALSE,Spring,FALSE,Moderate
2020-03-31,BT1,15.17,36.72,31.5,10.2,2.3,237,2020,3,Tue,FALSE,Spring,FALSE,Moderate
2020-04-01,BT1,10.68,22.16,56.37,11.6,1.9,161,2020,4,Wed,FALSE,Spring,FALSE,Moderate
2020-04-02,BT1,12.89,16.12,45.86,15,7.9,206,2020,4,Thu,FALSE,Spring,FALSE,Moderate
2020-04-03,BT1,7.04,10.6,31.84,11.6,6.2,221,2020,4,Fri,FALSE,Spring,FALSE,Good
2020-04-04,BT1,7.58,30.49,35.57,11.6,1.7,5,2020,4,Sat,TRUE,Spring,FALSE,Good
2020-04-05,BT1,5.52,26.21,31.12,10.8,9.4,108,2020,4,Sun,TRUE,Spring,FALSE,Good
2020-04-06,BT1,13.25,38.74,33.15,10.1,3.6,116,2020,4,Mon,FALSE,Spring,FALSE,Moderate
2020-04-07,BT1,12.43,34.98,36,11.5,7.3,76,2020,4,Tue,FALSE,Spring,FALSE,Moderate
2020-04-08,BT1,18.35,63.3,33.68,10.5,8.1,263,2020,4,Wed,FALSE,Spring,FALSE,Moderate
2020-04-09,BT1,13.28,25.81,36.44,10.6,2.8,116,2020,4,Thu,FALSE,Spring,FALSE,Moderate
2020-04-10,BT1,9.84,32.1,28.92,11.5,4.4,39,2020,4,Fri,FALSE,Spring,FALSE,Good
2020-04-11,BT1,5.89,22.53,33.52,10.1,4.2,289,2020,4,Sat,TRUE,Spring,FALSE,Good
2020-04-12,BT1,2.69,12.99,38.36,14.2,4.7,99,2020,4,Sun,TRUE,Spring,FALSE,Good
2020-04-13,BT1,7.81,9.6,41.45,11.6,1.6,139,2020,4,Mon,FALSE,Spring,FALSE,Good
2020-04-14,BT1,10.6,21.07,42.07,12.7,5.1,311,2020,4,Tue,FALSE,Spring,FALSE,Moderate
2020-04-15,BT1,15.9,38.74,33.77,15,7,211,2020,4,Wed,FALSE,Spring,FALSE,Moderate
2020-04-16,BT1,13.8,36.25,34.04,13.2,6.8,269,2020,4,Thu,FALSE,Spring,FALSE,Moderate
2020-04-17,BT1,4.77,18.04,36.44,15.8,6.2,90,2020,4,Fri,FALSE,Spring,FALSE,Good
2020-04-18,BT1,6.1,24.27,33.39,14.7,3,153,2020,4,Sat,TRUE,Spring,FALSE,Good
2020-04-19,BT1,7.25,33.92,32.85,15.5,2.2,24,2020,4,Sun,TRUE,Spring,FALSE,Good
2020-04-20,BT1,7.08,21.11,45.77,14.6,2.3,163,2020,4,Mon,FALSE,Spring,FALSE,Good
2020-04-21,BT1,7.09,14.25,42.32,14.8,3.3,88,2020,4,Tue,FALSE,Spring,FALSE,Good
2020-04-22,BT1,8.63,18.09,34.15,16.6,3.5,262,2020,4,Wed,FALSE,Spring,FALSE,Good
2020-04-23,BT1,7.91,13.7,53.71,11.7,4.1,44,2020,4,Thu,FALSE,Spring,FALSE,Good
2020-04-24,BT1,7.66,25.63,37.54,16.2,3.3,318,2020,4,Fri,FALSE,Spring,FALSE,Good
2020-04-25,BT1,4.51,7.64,40.43,19.4,3.4,135,2020,4,Sat,TRUE,Spring,FALSE,Good
2020-04-26,BT1,5.08,12.24,40.82,16.4,2.6,110,2020,4,Sun,TRUE,Spring,FALSE,Good
2020-04-27,BT1,5.15,17.77,48.43,15.5,6.3,293,2020,4,Mon,FALSE,Spring,FALSE,Good
2020-04-28,BT1,10.2,31.62,38.44,17.9,8.2,16,2020,4,Tue,FALSE,Spring,FALSE,Moderate
2020-04-29,BT1,1,14.46,44.76,16.3,2.8,339,2020,4,Wed,FALSE,Spring,FALSE,Good
2020-04-30,BT1,5.78,22.66,30.42,13.1,1.7,318,2020,4,Thu,FALSE,Spring,FALSE,Good
2020-05-01,BT1,13.05,35.21,34.11,17,2.2,47,2020,5,Fri,FALSE,Spring,FALSE,Moderate
2020-05-02,BT1,5.23,14.55,42.91,14,7.7,180,2020,5,Sat,TRUE,Spring,FALSE,Good
2020-05-03,BT1,8.58,24.95,37.67,17.3,1.9,133,2020,5,Sun,TRUE,Spring,FALSE,Good
2020-05-04,BT1,6.49,7.68,32.64,15.7,1.6,298,2020,5,Mon,FALSE,Spring,FALSE,Good
2020-05-05,BT1,10.5,28.81,34.81,15.7,2.9,298,2020,5,Tue,FALSE,Spring,FALSE,Moderate
2020-05-06,BT1,6.63,13.75,39.35,14,2.8,329,2020,5,Wed,FALSE,Spring,FALSE,Good
2020-05-07,BT1,13.29,34.35,26.45,14.3,3.6,285,2020,5,Thu,FALSE,Spring,FALSE,Moderate
2020-05-08,BT1,11.64,44.81,34.32,19,4,16,2020,5,Fri,FALSE,Spring,FALSE,Moderate
2020-05-09,BT1,4.13,5,38.53,18.5,2.3,288,2020,5,Sat,TRUE,Spring,FALSE,Good
2020-05-10,BT1,6.8,27.97,41.35,12.9,6.2,11,2020,5,Sun,TRUE,Spring,FALSE,Good
2020-05-11,BT1,10.34,43.08,35.93,16.4,4.8,209,2020,5,Mon,FALSE,Spring,FALSE,Moderate
2020-05-12,BT1,7.49,17.03,55.08,19.6,11.1,100,2020,5,Tue,FALSE,Spring,FALSE,Good
2020-05-13,BT1,5.34,13.52,44.54,15.1,1.8,8,2020,5,Wed,FALSE,Spring,FALSE,Good
2020-05-14,BT1,7.72,9.77,38.03,15.1,9.6,39,2020,5,Thu,FALSE,Spring,FALSE,Good
2020-05-15,BT1,4.44,15.82,30.57,17.7,28.6,237,2020,5,Fri,FALSE,Spring,FALSE,Good
2020-05-16,BT1,1,5,42.15,13.6,2.9,290,2020,5,Sat,TRUE,Spring,FALSE,Good
2020-05-17,BT1,6.49,23.93,25.97,19.6,7.3,228,2020,5,Sun,TRUE,Spring,FALSE,Good
2020-05-18,BT1,8.35,26.17,28.87,17.2,6.8,26,2020,5,Mon,FALSE,Spring,FALSE,Good
2020-05-19,BT1,7.28,19.5,41.14,12.7,2.2,319,2020,5,Tue,FALSE,Spring,FALSE,Good
2020-05-20,BT1,10.66,30.76,37.12,17,1.3,197,2020,5,Wed,FALSE,Spring,FALSE,Moderate
2020-05-21,BT1,12.75,34.64,38.36,18.9,6.6,51,2020,5,Thu,FALSE,Spring,FALSE,Moderate
2020-05-22,BT1,11.75,37.24,37.42,14.7,8.7,248,2020,5,Fri,FALSE,Spring,FALSE,Moderate
2020-05-23,BT1,6.86,34.37,33.75,13.9,6.1,119,2020,5,Sat,TRUE,Spring,FALSE,Good
2020-05-24,BT1,6.11,9.54,43.54,20,3.4,316,2020,5,Sun,TRUE,Spring,FALSE,Good
2020-05-25,BT1,13.16,33.49,38.82,17.6,3.1,356,2020,5,Mon,FALSE,Spring,FALSE,Moderate
2020-05-26,BT1,4.98,14.41,38.46,19.2,13.4,272,2020,5,Tue,FALSE,Spring,FALSE,Good
2020-05-27,BT1,7.46,20.87,26.01,15.6,3.7,250,2020,5,Wed,FALSE,Spring,FALSE,Good
2020-05-28,BT1,5.56,26.13,39.46,19.4,5.9,206,2020,5,Thu,FALSE,Spring,FALSE,Good
2020-05-29,BT1,8.22,20.03,29.55,15,3.4,0,2020,5,Fri,FALSE,Spring,FALSE,Good
2020-05-30,BT1,3.93,5,32.55,17.2,5.8,5,2020,5,Sat,TRUE,Spring,FALSE,Good
2020-05-31,BT1,1.02,20.63,25.36,19.3,5.3,257,2020,5,Sun,TRUE,Spring,FALSE,Good
2020-06-01,BT1,6.72,11.38,29.17,17.9,2.4,42,2020,6,Mon,FALSE,Summer,FALSE,Good
2020-06-02,BT1,7.03,16.67,48.91,15.4,10.8,307,2020,6,Tue,FALSE,Summer,FALSE,Good
2020-06-03,BT1,1,5,48.18,14.6,2.3,120,2020,6,Wed,FALSE,Summer,FALSE,Good
2020-06-04,BT1,4.41,10.47,48.29,19.6,4.8,280,2020,6,Thu,FALSE,Summer,FALSE,Good
2020-06-05,BT1,11.29,40.86,30.25,17.6,3.1,354,2020,6,Fri,FALSE,Summer,FALSE,Moderate
2020-06-06,BT1,1.22,5,32.97,14.2,3.8,37,2020,6,Sat,TRUE,Summer,FALSE,Good
2020-06-07,BT1,5.35,11.58,58.22,17.2,6.4,215,2020,6,Sun,TRUE,Summer,FALSE,Good
2020-06-08,BT1,6.3,20.36,44.1,19.3,4.6,139,2020,6,Mon,FALSE,Summer,FALSE,Good
2020-06-09,BT1,9.17,29.59,39.02,13.8,5.1,139,2020,6,Tue,FALSE,Summer,FALSE,Good
2020-06-10,BT1,6.71,14.05,39.9,17.5,2.8,34,2020,6,Wed,FALSE,Summer,FALSE,Good
2020-06-11,BT1,7.83,26.15,33,18,3.8,215,2020,6,Thu,FALSE,Summer,FALSE,Good
2020-06-12,BT1,5.49,19.55,36.22,14.5,6.6,359,2020,6,Fri,FALSE,Summer,FALSE,Good
2020-06-13,BT1,3.65,6.78,42.85,22.8,6.1,42,2020,6,Sat,TRUE,Summer,FALSE,Good
2020-06-14,BT1,1,5,46.3,17.1,4,114,2020,6,Sun,TRUE,Summer,FALSE,Good
2020-06-15,BT1,2.11,10.75,40.71,17.6,5.1,288,2020,6,Mon,FALSE,Summer,FALSE,Good
2020-06-16,BT1,4.94,29.51,27.97,18.7,1.6,278,2020,6,Tue,FALSE,Summer,FALSE,Good
2020-06-17,BT1,7.93,26.62,39.83,22.5,6.9,302,2020,6,Wed,FALSE,Summer,FALSE,Good
2020-06-18,BT1,4.83,21.42,34.25,16.9,2,271,2020,6,Thu,FALSE,Summer,FALSE,Good
2020-06-19,BT1,1,7.58,43.44,18.3,2.4,54,2020,6,Fri,FALSE,Summer,FALSE,Good
2020-06-20,BT1,4.87,12.61,47.23,14.5,2.4,190,2020,6,Sat,TRUE,Summer,FALSE,Good
2020-06-21,BT1,9.09,32.51,34.52,16.1,4.1,332,2020,6,Sun,TRUE,Summer,FALSE,Good
2020-06-22,BT1,2.34,13.29,44.29,18.1,4.4,311,2020,6,Mon,FALSE,Summer,FALSE,Good
2020-06-23,BT1,5.94,5,34.64,18.9,3.5,336,2020,6,Tue,FALSE,Summer,FALSE,Good
2020-06-24,BT1,5.18,17.95,51.48,18.9,1.7,66,2020,6,Wed,FALSE,Summer,FALSE,Good
2020-06-25,BT1,6.84,20.25,31.15,18.2,6.6,23,2020,6,Thu,FALSE,Summer,FALSE,Good
2020-06-26,BT1,3.22,5.35,47.91,20.4,5.4,250,2020,6,Fri,FALSE,Summer,FALSE,Good
2020-06-27,BT1,2.45,18.73,46.34,16.6,2.2,298,2020,6,Sat,TRUE,Summer,FALSE,Good
2020-06-28,BT1,8.18,26.79,36.69,16.4,5.9,72,2020,6,Sun,TRUE,Summer,FALSE,Good
2020-06-29,BT1,8.17,18.23,42.1,13.4,4.5,253,2020,6,Mon,FALSE,Summer,FALSE,Good
2020-06-30,BT1,8.26,25.56,33.48,14.6,2.2,152,2020,6,Tue,FALSE,Summer,FALSE,Good
2020-07-01,BT1,7.79,19.63,36.68,16.5,9,125,2020,7,Wed,FALSE,Summer,FALSE,Good
2020-07-02,BT1,5.07,10.73,29.84,22.2,1.1,144,2020,7,Thu,FALSE,Summer,FALSE,Good
2020-07-03,BT1,1.34,5,42.18,13.8,3,252,2020,7,Fri,FALSE,Summer,FALSE,Good
2020-07-04,BT1,1,5,50.5,18.6,5.4,263,2020,7,Sat,TRUE,Summer,FALSE,Good
2020-07-05,BT1,1,9.19,43.38,16.8,1.7,101,2020,7,Sun,TRUE,Summer,FALSE,Good
2020-07-06,BT1,2.65,5,47.42,17.7,2.3,38,2020,7,Mon,FALSE,Summer,FALSE,Good
2020-07-07,BT1,5.92,15.46,43.07,19.4,4.1,77,2020,7,Tue,FALSE,Summer,FALSE,Good
2020-07-08,BT1,5.52,13.43,47.46,14.4,4.1,21,2020,7,Wed,FALSE,Summer,FALSE,Good
2020-07-09,BT1,4.64,15.13,44.47,16.7,6.3,265,2020,7,Thu,FALSE,Summer,FALSE,Good
2020-07-10,BT1,7.76,11.61,43.88,16.5,2.5,303,2020,7,Fri,FALSE,Summer,FALSE,Good
2020-07-11,BT1,9.77,31.33,29.2,15.1,3.8,40,2020,7,Sat,TRUE,Summer,FALSE,Good
2020-07-12,BT1,2.74,5.83,31.84,16.8,4.2,246,2020,7,Sun,TRUE,Summer,FALSE,Good
2020-07-13,BT1,9.49,24.42,46.58,16.4,3.6,293,2020,7,Mon,FALSE,Summer,FALSE,Good
2020-07-14,BT1,1,5,38.73,15.6,2.2,85,2020,7,Tue,FALSE,Summer,FALSE,Good
2020-07-15,BT1,12.23,32.14,45.89,19.8,2.3,16,2020,7,Wed,FALSE,Summer,FALSE,Moderate
2020-07-16,BT1,5.56,5,36.16,20,8.7,100,2020,7,Thu,FALSE,Summer,FALSE,Good
2020-07-17,BT1,6.07,14.23,47.05,15.7,2.2,68,2020,7,Fri,FALSE,Summer,FALSE,Good
2020-07-18,BT1,1,5,44.95,17.8,4.1,189,2020,7,Sat,TRUE,Summer,FALSE,Good
2020-07-19,BT1,4.5,15.37,45.3,18.9,4.9,124,2020,7,Sun,TRUE,Summer,FALSE,Good
2020-07-20,BT1,10.03,47.7,21.73,13.4,7.3,34,2020,7,Mon,FALSE,Summer,FALSE,Moderate
2020-07-21,BT1,9.54,29.82,32.97,15.4,2.9,161,2020,7,Tue,FALSE,Summer,FALSE,Good
2020-07-22,BT1,6.49,20.64,36.41,15.4,4.9,286,2020,7,Wed,FALSE,Summer,FALSE,Good
2020-07-23,BT1,8.57,35.27,35.48,17.6,3.4,327,2020,7,Thu,FALSE,Summer,FALSE,Good
2020-07-24,BT1,1,5,46.41,17.2,6,213,2020,7,Fri,FALSE,Summer,FALSE,Good
2020-07-25,BT1,1.32,12.27,40.89,16.7,8.1,218,2020,7,Sat,TRUE,Summer,FALSE,Good
2020-07-26,BT1,4.94,28.05,39.61,16,3,37,2020,7,Sun,TRUE,Summer,FALSE,Good
2020-07-27,BT1,1.54,5,32.95,18.4,9.7,312,2020,7,Mon,FALSE,Summer,FALSE,Good
2020-07-28,BT1,8.03,25.49,26.86,15.9,10.6,249,2020,7,Tue,FALSE,Summer,FALSE,Good
2020-07-29,BT1,1,7.37,45.78,18.7,5.9,267,2020,7,Wed,FALSE,Summer,FALSE,Good
2020-07-30,BT1,4.05,16.53,41.23,16.8,2.4,219,2020,7,Thu,FALSE,Summer,FALSE,Good
2020-07-31,BT1,5.51,24.41,39.61,19,3.3,227,2020,7,Fri,FALSE,Summer,FALSE,Good
2020-08-01,BT1,1,5,60.45,14.9,4.2,197,2020,8,Sat,TRUE,Summer,FALSE,Good
2020-08-02,BT1,1.72,5,42.71,17.8,3.4,98,2020,8,Sun,TRUE,Summer,FALSE,Good
2020-08-03,BT1,4.63,16.25,52.88,18,3,61,2020,8,Mon,FALSE,Summer,FALSE,Good
2020-08-04,BT1,4.81,19.21,45.69,16.1,2.1,279,2020,8,Tue,FALSE,Summer,FALSE,Good
2020-08-05,BT1,2.66,17.01,36.47,15.8,3.2,335,2020,8,Wed,FALSE,Summer,FALSE,Good
2020-08-06,BT1,3.07,18.62,36.85,17.4,5.9,224,2020,8,Thu,FALSE,Summer,FALSE,Good
2020-08-07,BT1,1,5,43.6,17.4,3.8,329,2020,8,Fri,FALSE,Summer,FALSE,Good
2020-08-08,BT1,1.34,11.42,49.58,13.9,3,129,2020,8,Sat,TRUE,Summer,FALSE,Good
2020-08-09,BT1,5.87,20.66,31.13,16,8.1,285,2020,8,Sun,TRUE,Summer,FALSE,Good
2020-08-10,BT1,5.13,18.18,36.47,15.2,1.9,349,2020,8,Mon,FALSE,Summer,FALSE,Good
2020-08-11,BT1,4.5,6.31,44.17,14.3,2.6,174,2020,8,Tue,FALSE,Summer,FALSE,Good
2020-08-12,BT1,3.38,10.46,39.89,15,4,347,2020,8,Wed,FALSE,Summer,FALSE,Good
2020-08-13,BT1,5.11,15.5,35.47,13.4,3.5,22,2020,8,Thu,FALSE,Summer,FALSE,Good
2020-08-14,BT1,4.22,12.92,42.9,9.6,7.5,88,2020,8,Fri,FALSE,Summer,FALSE,Good
2020-08-15,BT1,5.6,9.09,35.44,15,1.5,353,2020,8,Sat,TRUE,Summer,FALSE,Good
2020-08-16,BT1,10.35,28.81,25.17,17.7,7.5,87,2020,8,Sun,TRUE,Summer,FALSE,Moderate
2020-08-17,BT1,8.43,22.09,39.37,13.8,4,79,2020,8,Mon,FALSE,Summer,FALSE,Good
2020-08-18,BT1,6.33,14.89,40.22,14.4,2.8,125,2020,8,Tue,FALSE,Summer,FALSE,Good
2020-08-19,BT1,7.58,26.38,35.73,10.6,1.5,44,2020,8,Wed,FALSE,Summer,FALSE,Good
2020-08-20,BT1,4.92,12.37,32.68,11.3,10,357,2020,8,Thu,FALSE,Summer,FALSE,Good
2020-08-21,BT1,2.78,15.81,44.56,14.3,2.9,344,2020,8,Fri,FALSE,Summer,FALSE,Good
2020-08-22,BT1,3.07,8.92,37.35,14.1,4.3,1,2020,8,Sat,TRUE,Summer,FALSE,Good
2020-08-23,BT1,1.76,5,45.22,12.6,6.3,349,2020,8,Sun,TRUE,Summer,FALSE,Good
2020-08-24,BT1,9.58,25.01,37.65,11.6,7.9,349,2020,8,Mon,FALSE,Summer,FALSE,Good
2020-08-25,BT1,6.6,21.7,22.35,15.2,6.2,252,2020,8,Tue,FALSE,Summer,FALSE,Good
2020-08-26,BT1,3.54,15.15,37.63,11.8,2.6,222,2020,8,Wed,FALSE,Summer,FALSE,Good
2020-08-27,BT1,3.32,9.81,50.61,11.8,4.5,232,2020,8,Thu,FALSE,Summer,FALSE,Good
2020-08-28,BT1,9.87,22.64,27.47,13.8,7.6,329,2020,8,Fri,FALSE,Summer,FALSE,Good
2020-08-29,BT1,3.26,16.34,39.23,17.6,2,213,2020,8,Sat,TRUE,Summer,FALSE,Good
2020-08-30,BT1,5.59,17.16,50.2,11.1,7.4,167,2020,8,Sun,TRUE,Summer,FALSE,Good
2020-08-31,BT1,1.24,5,40.84,11.5,6.1,314,2020,8,Mon,FALSE,Summer,FALSE,Good
2020-09-01,BT1,9.37,42.45,30.47,11.1,2.3,226,2020,9,Tue,FALSE,Autumn,FALSE,Good
2020-09-02,BT1,6.33,26.56,28.93,15.5,5.1,42,2020,9,Wed,FALSE,Autumn,FALSE,Good
2020-09-03,BT1,15.13,39.21,34.58,12,7.6,29,2020,9,Thu,FALSE,Autumn,FALSE,Moderate
2020-09-04,BT1,1,5,53,10.2,10.4,193,2020,9,Fri,FALSE,Autumn,FALSE,Good
2020-09-05,BT1,4.66,20.76,44.94,10.1,7.1,324,2020,9,Sat,TRUE,Autumn,FALSE,Good
2020-09-06,BT1,3.03,8.57,40,13.7,4.1,143,2020,9,Sun,TRUE,Autumn,FALSE,Good
2020-09-07,BT1,1.97,5,39.68,10.2,3.9,142,2020,9,Mon,FALSE,Autumn,FALSE,Good
2020-09-08,BT1,6.63,13.94,48.89,7.4,5.1,350,2020,9,Tue,FALSE,Autumn,FALSE,Good
2020-09-09,BT1,2.03,5,46.74,11.5,6.3,3,2020,9,Wed,FALSE,Autumn,FALSE,Good
2020-09-10,BT1,3.36,16.79,31.8,14.8,8,76,2020,9,Thu,FALSE,Autumn,FALSE,Good
2020-09-11,BT1,11.99,29.73,41.43,10.5,7.6,259,2020,9,Fri,FALSE,Autumn,FALSE,Moderate
2020-09-12,BT1,8.85,44.28,28.85,10.7,1.8,10,2020,9,Sat,TRUE,Autumn,FALSE,Good
2020-09-13,BT1,7.88,17.61,44.84,9.8,3.2,253,2020,9,Sun,TRUE,Autumn,FALSE,Good
2020-09-14,BT1,10.43,30.32,42.72,11.1,2.3,32,2020,9,Mon,FALSE,Autumn,FALSE,Moderate
2020-09-15,BT1,9.96,32.85,25.77,11.6,5.8,54,2020,9,Tue,FALSE,Autumn,FALSE,Good
2020-09-16,BT1,9.78,26.54,45.91,9,5.3,273,2020,9,Wed,FALSE,Autumn,FALSE,Good
2020-09-17,BT1,7.45,47.59,33.11,11.7,12.7,143,2020,9,Thu,FALSE,Autumn,FALSE,Good
2020-09-18,BT1,6.05,8.63,45.48,7.6,3.9,9,2020,9,Fri,FALSE,Autumn,FALSE,Good
2020-09-19,BT1,5.27,13.85,51.65,12.1,5,337,2020,9,Sat,TRUE,Autumn,FALSE,Good
2020-09-20,BT1,3.89,12.24,43.08,8.1,2.5,259,2020,9,Sun,TRUE,Autumn,FALSE,Good
2020-09-21,BT1,6.82,5,33.53,8.5,5.6,10,2020,9,Mon,FALSE,Autumn,FALSE,Good
2020-09-22,BT1,5.95,17.63,33.7,8.2,4.3,314,2020,9,Tue,FALSE,Autumn,FALSE,Good
2020-09-23,BT1,5.8,30.85,36.89,11.4,2.4,314,2020,9,Wed,FALSE,Autumn,FALSE,Good
2020-09-24,BT1,8.98,35.64,29.8,7.4,4.2,16,2020,9,Thu,FALSE,Autumn,FALSE,Good
2020-09-25,BT1,7.55,25.66,45.13,6.2,3.6,145,2020,9,Fri,FALSE,Autumn,FALSE,Good
2020-09-26,BT1,4.79,25.49,39.99,8.7,9.3,340,2020,9,Sat,TRUE,Autumn,FALSE,Good
2020-09-27,BT1,6.18,14.2,39.7,5.2,3.7,83,2020,9,Sun,TRUE,Autumn,FALSE,Good
2020-09-28,BT1,8.59,34.68,36.79,11.6,4.7,161,2020,9,Mon,FALSE,Autumn,FALSE,Good
2020-09-29,BT1,8.86,25.8,33.41,5,6.2,223,2020,9,Tue,FALSE,Autumn,FALSE,Good
2020-09-30,BT1,6.32,27.78,32.98,2.8,2,166,2020,9,Wed,FALSE,Autumn,FALSE,Good
2020-10-01,BT1,11.97,35.92,48.28,7,2.6,141,2020,10,Thu,FALSE,Autumn,FALSE,Moderate
2020-10-02,BT1,7.43,13.1,48.46,8.3,2.5,122,2020,10,Fri,FALSE,Autumn,FALSE,Good
2020-10-03,BT1,12.65,27,35.63,8,2,284,2020,10,Sat,TRUE,Autumn,FALSE,Moderate
2020-10-04,BT1,6.79,21.17,32.27,4.8,4.8,123,2020,10,Sun,TRUE,Autumn,FALSE,Good
2020-10-05,BT1,9.05,11.32,49.27,7.5,2.8,312,2020,10,Mon,FALSE,Autumn,FALSE,Good
2020-10-06,BT1,10.86,34.61,37.51,11.6,3.1,354,2020,10,Tue,FALSE,Autumn,FALSE,Moderate
2020-10-07,BT1,13.27,26.53,39.25,9,1.9,133,2020,10,Wed,FALSE,Autumn,FALSE,Moderate
2020-10-08,BT1,7.96,26.12,34.75,8.2,5.6,144,2020,10,Thu,FALSE,Autumn,FALSE,Good
2020-10-09,BT1,10.92,28.85,35.08,5.8,3.4,221,2020,10,Fri,FALSE,Autumn,FALSE,Moderate
2020-10-10,BT1,10.8,36.74,28.53,5.6,4.9,228,2020,10,Sat,TRUE,Autumn,FALSE,Moderate
2020-10-11,BT1,7.32,43.39,39.66,8.4,3.1,293,2020,10,Sun,TRUE,Autumn,FALSE,Good
2020-10-12,BT1,15.26,54.46,23.12,5.1,3.3,100,2020,10,Mon,FALSE,Autumn,FALSE,Moderate
2020-10-13,BT1,9.56,27.14,40.34,4.1,2.8,285,2020,10,Tue,FALSE,Autumn,FALSE,Good
2020-10-14,BT1,11.66,28.65,40.52,7.7,3.3,23,2020,10,Wed,FALSE,Autumn,FALSE,Moderate
2020-10-15,BT1,6.58,10.84,43.28,7.2,3.2,340,2020,10,Thu,FALSE,Autumn,FALSE,Good
2020-10-16,BT1,12.7,54.6,30.63,2.8,3.2,347,2020,10,Fri,FALSE,Autumn,FALSE,Moderate
2020-10-17,BT1,4.69,17.77,42.27,7.6,3.9,232,2020,10,Sat,TRUE,Autumn,FALSE,Good
2020-10-18,BT1,7.05,23.55,28.37,9.6,3.4,105,2020,10,Sun,TRUE,Autumn,FALSE,Good
2020-10-19,BT1,15.12,39.98,32.76,9.2,5.7,53,2020,10,Mon,FALSE,Autumn,FALSE,Moderate
2020-10-20,BT1,12.33,22.97,38.44,8.4,5.3,269,2020,10,Tue,FALSE,Autumn,FALSE,Moderate
2020-10-21,BT1,12.88,27.91,31.46,6.6,5.7,191,2020,10,Wed,FALSE,Autumn,FALSE,Moderate
2020-10-22,BT1,14.47,34.42,25.5,8.3,2.8,30,2020,10,Thu,FALSE,Autumn,FALSE,Moderate
2020-10-23,BT1,13.77,53.23,28.75,5.1,4.1,156,2020,10,Fri,FALSE,Autumn,FALSE,Moderate
2020-10-24,BT1,4.06,19.18,47.15,8.1,4.2,195,2020,10,Sat,TRUE,Autumn,FALSE,Good
2020-10-25,BT1,10.35,5,53.9,5.5,3.3,267,2020,10,Sun,TRUE,Autumn,FALSE,Moderate
2020-10-26,BT1,8.81,14.33,45.71,4.1,4,322,2020,10,Mon,FALSE,Autumn,FALSE,Good
2020-10-27,BT1,9.33,29.24,30.95,2.3,3.2,35,2020,10,Tue,FALSE,Autumn,FALSE,Good
2020-10-28,BT1,9.45,13.53,49.03,9.9,8.9,39,2020,10,Wed,FALSE,Autumn,FALSE,Good
2020-10-29,BT1,12.41,38.35,29.44,5.1,2.4,356,2020,10,Thu,FALSE,Autumn,FALSE,Moderate
2020-10-30,BT1,12.17,34.49,34.3,5.7,2.7,173,2020,10,Fri,FALSE,Autumn,FALSE,Moderate
2020-10-31,BT1,7.61,5,49.94,7.1,4.5,222,2020,10,Sat,TRUE,Autumn,FALSE,Good
2020-11-01,BT1,8.93,32.21,39.3,6.6,4.3,16,2020,11,Sun,TRUE,Autumn,FALSE,Good
2020-11-02,BT1,8.18,35.06,38.22,3.7,6.9,274,2020,11,Mon,FALSE,Autumn,FALSE,Good
2020-11-03,BT1,10.99,27.26,38.29,3.2,3.1,196,2020,11,Tue,FALSE,Autumn,FALSE,Moderate
2020-11-04,BT1,10.72,31.93,38.3,0.9,4.1,36,2020,11,Wed,FALSE,Autumn,FALSE,Moderate
2020-11-05,BT1,14.58,33.41,30.93,3.9,2.7,46,2020,11,Thu,FALSE,Autumn,FALSE,Moderate
2020-11-06,BT1,9.27,39.19,35.52,1.8,3.1,209,2020,11,Fri,FALSE,Autumn,FALSE,Good
2020-11-07,BT1,8.39,14.78,36.64,5,4.9,222,2020,11,Sat,TRUE,Autumn,FALSE,Good
2020-11-08,BT1,9.21,27.61,30.42,2.1,3.7,39,2020,11,Sun,TRUE,Autumn,FALSE,Good
2020-11-09,BT1,9.09,25.15,32.17,3.1,3.9,64,2020,11,Mon,FALSE,Autumn,FALSE,Good
2020-11-10,BT1,12.85,39,35.57,4.6,3.3,281,2020,11,Tue,FALSE,Autumn,FALSE,Moderate
2020-11-11,BT1,13.04,31.6,29.66,2.5,2.8,198,2020,11,Wed,FALSE,Autumn,FALSE,Moderate
2020-11-12,BT1,13.89,41.3,29.97,5.5,6.1,106,2020,11,Thu,FALSE,Autumn,FALSE,Moderate
2020-11-13,BT1,6.85,26.58,39.64,-0.3,5.1,353,2020,11,Fri,FALSE,Autumn,FALSE,Good
2020-11-14,BT1,9.77,30.32,38.27,-1,2.7,158,2020,11,Sat,TRUE,Autumn,FALSE,Good
2020-11-15,BT1,7.94,14.75,51.77,3.9,2.6,178,2020,11,Sun,TRUE,Autumn,FALSE,Good
2020-11-16,BT1,15.18,39.16,38.88,3,11.4,9,2020,11,Mon,FALSE,Autumn,FALSE,Moderate
2020-11-17,BT1,12.76,36.44,33.05,3.6,4.7,299,2020,11,Tue,FALSE,Autumn,FALSE,Moderate
2020-11-18,BT1,7.04,19.58,41.79,0.8,4.2,314,2020,11,Wed,FALSE,Autumn,FALSE,Good
2020-11-19,BT1,13.25,28.54,39.7,3.5,4.9,294,2020,11,Thu,FALSE,Autumn,FALSE,Moderate
2020-11-20,BT1,16.99,36.48,42.8,5,4,13,2020,11,Fri,FALSE,Autumn,FALSE,Moderate
2020-11-21,BT1,12.64,41.55,42.24,1.3,3.5,82,2020,11,Sat,TRUE,Autumn,FALSE,Moderate
2020-11-22,BT1,11.28,23.79,39,2.4,2.9,105,2020,11,Sun,TRUE,Autumn,FALSE,Moderate
2020-11-23,BT1,14.3,45.6,25.21,2.8,9.4,329,2020,11,Mon,FALSE,Autumn,FALSE,Moderate
2020-11-24,BT1,13.39,46.08,31.23,5,2.5,48,2020,11,Tue,FALSE,Autumn,FALSE,Moderate
2020-11-25,BT1,13.55,36.2,33.73,3.8,5.9,48,2020,11,Wed,FALSE,Autumn,FALSE,Moderate
2020-11-26,BT1,9.75,18.14,38.99,5.6,5.2,343,2020,11,Thu,FALSE,Autumn,FALSE,Good
2020-11-27,BT1,12.17,40.54,31.2,1.7,4.1,111,2020,11,Fri,FALSE,Autumn,FALSE,Moderate
2020-11-28,BT1,12.24,37.65,29.54,1.5,1.7,144,2020,11,Sat,TRUE,Autumn,FALSE,Moderate
2020-11-29,BT1,10.09,35.3,42.01,1,4.7,142,2020,11,Sun,TRUE,Autumn,FALSE,Moderate
2020-11-30,BT1,19.56,47.63,27.43,3.2,2.4,225,2020,11,Mon,FALSE,Autumn,FALSE,Moderate
2020-12-01,BT1,12.6,34.61,38.94,6.1,3.6,319,2020,12,Tue,FALSE,Winter,FALSE,Moderate
2020-12-02,BT1,17.03,53,34.5,-1.6,1.6,274,2020,12,Wed,FALSE,Winter,FALSE,Moderate
2020-12-03,BT1,11.43,30.11,38.74,1,10.7,6,2020,12,Thu,FALSE,Winter,FALSE,Moderate
2020-12-04,BT1,16.56,51.02,33.51,2.9,5.5,313,2020,12,Fri,FALSE,Winter,FALSE,Moderate
2020-12-05,BT1,8.2,27.15,31.12,4.4,4,258,2020,12,Sat,TRUE,Winter,FALSE,Good
2020-12-06,BT1,12.5,46.28,28.59,0.8,6,106,2020,12,Sun,TRUE,Winter,FALSE,Moderate
2020-12-07,BT1,13.36,26.71,38.48,3,6.8,57,2020,12,Mon,FALSE,Winter,FALSE,Moderate
2020-12-08,BT1,9.53,54.04,35.32,3.8,7.4,226,2020,12,Tue,FALSE,Winter,FALSE,Good
2020-12-09,BT1,8.46,20.29,41.05,-3,5.3,5,2020,12,Wed,FALSE,Winter,FALSE,Good
2020-12-10,BT1,13.8,50.75,33.95,0.6,3.3,103,2020,12,Thu,FALSE,Winter,FALSE,Moderate
2020-12-11,BT1,18.6,48.5,34.28,3.5,3.3,98,2020,12,Fri,FALSE,Winter,FALSE,Moderate
2020-12-12,BT1,12.72,23.52,30.66,1.8,3,293,2020,12,Sat,TRUE,Winter,FALSE,Moderate
2020-12-13,BT1,13.39,39.91,43.27,0.9,2.2,305,2020,12,Sun,TRUE,Winter,FALSE,Moderate
2020-12-14,BT1,13.54,44,30.19,-0.7,2.9,242,2020,12,Mon,FALSE,Winter,FALSE,Moderate
2020-12-15,BT1,14.84,53.59,27.12,4.5,4.2,259,2020,12,Tue,FALSE,Winter,FALSE,Moderate
2020-12-16,BT1,12.92,39.45,25.98,3.2,2.8,229,2020,12,Wed,FALSE,Winter,FALSE,Moderate
2020-12-17,BT1,20.64,68.48,20.71,0.2,3.6,49,2020,12,Thu,FALSE,Winter,FALSE,Unhealthy (sensitive)
2020-12-18,BT1,16.57,37.93,38.92,0.8,2.3,191,2020,12,Fri,FALSE,Winter,FALSE,Moderate
2020-12-19,BT1,11.63,33.5,33.32,-1.5,6.9,69,2020,12,Sat,TRUE,Winter,FALSE,Moderate
2020-12-20,BT1,12.29,20.78,43.74,4.8,4.1,314,2020,12,Sun,TRUE,Winter,FALSE,Moderate
2020-12-21,BT1,17.63,43.29,36.56,3,8.8,168,2020,12,Mon,FALSE,Winter,FALSE,Moderate
2020-12-22,BT1,16.86,34.58,37.89,-0.1,4.1,284,2020,12,Tue,FALSE,Winter,FALSE,Moderate
2020-12-23,BT1,9.78,32.37,33.03,3.8,2.7,343,2020,12,Wed,FALSE,Winter,FALSE,Good
2020-12-24,BT1,9.2,16.3,53.1,2.8,1.4,40,2020,12,Thu,FALSE,Winter,FALSE,Good
2020-12-25,BT1,14.73,56.26,40.16,2.7,8.3,78,2020,12,Fri,FALSE,Winter,FALSE,Moderate
2020-12-26,BT1,11.43,37.89,37.42,2,4.5,115,2020,12,Sat,TRUE,Winter,FALSE,Moderate
2020-12-27,BT1,8.55,26,42.86,-0.6,1.1,157,2020,12,Sun,TRUE,Winter,FALSE,Good
2020-12-28,BT1,13.96,31.42,40.2,1.8,2.3,29,2020,12,Mon,FALSE,Winter,FALSE,Moderate
2020-12-29,BT1,15.42,39.41,30.42,4.9,2.9,209,2020,12,Tue,FALSE,Winter,FALSE,Moderate
2020-12-30,BT1,18.62,36.09,39.72,4.6,5.3,184,2020,12,Wed,FALSE,Winter,FALSE,Moderate
2020-12-31,BT1,10.85,14.8,34.15,1,4.6,233,2020,12,Thu,FALSE,Winter,FALSE,Moderate
2021-01-01,BT1,9.28,21.06,42.02,2.2,8.8,198,2021,1,Fri,FALSE,Winter,FALSE,Good
2021-01-02,BT1,14.79,39.81,27.37,-1.5,8.1,322,2021,1,Sat,TRUE,Winter,FALSE,Moderate
2021-01-03,BT1,10.94,36.15,39.74,3.7,3.3,206,2021,1,Sun,TRUE,Winter,FALSE,Moderate
2021-01-04,BT1,16.9,40.92,19.35,0.1,4.7,200,2021,1,Mon,FALSE,Winter,FALSE,Moderate
2021-01-05,BT1,16.3,43.95,32.36,3.5,1.6,252,2021,1,Tue,FALSE,Winter,FALSE,Moderate
2021-01-06,BT1,12.81,41.29,36.05,-0,1.6,299,2021,1,Wed,FALSE,Winter,FALSE,Moderate
2021-01-07,BT1,13.98,46.06,28.62,1.1,5.2,208,2021,1,Thu,FALSE,Winter,FALSE,Moderate
2021-01-08,BT1,12.25,38.51,24.62,0.5,7.5,162,2021,1,Fri,FALSE,Winter,FALSE,Moderate
2021-01-09,BT1,14.02,36.92,35.74,1.9,8.8,80,2021,1,Sat,TRUE,Winter,FALSE,Moderate
2021-01-10,BT1,11.31,36.36,29.39,0.3,5.6,267,2021,1,Sun,TRUE,Winter,FALSE,Moderate
2021-01-11,BT1,17.31,63.69,32.87,3.8,5.6,145,2021,1,Mon,FALSE,Winter,FALSE,Moderate
2021-01-12,BT1,17.09,54.11,15.89,2.1,1.9,351,2021,1,Tue,FALSE,Winter,FALSE,Moderate
2021-01-13,BT1,11.14,26.9,44.87,3.9,7.6,22,2021,1,Wed,FALSE,Winter,FALSE,Moderate
2021-01-14,BT1,16.64,48.39,33.37,2.5,5.8,159,2021,1,Thu,FALSE,Winter,FALSE,Moderate
2021-01-15,BT1,12.55,22.78,30.05,-1.6,2.4,59,2021,1,Fri,FALSE,Winter,FALSE,Moderate
2021-01-16,BT1,14.16,41.98,34.39,3.8,3.5,3,2021,1,Sat,TRUE,Winter,FALSE,Moderate
2021-01-17,BT1,12.61,37.7,26.59,3.3,5.1,197,2021,1,Sun,TRUE,Winter,FALSE,Moderate
2021-01-18,BT1,16.38,47.35,28.44,3.2,3.1,8,2021,1,Mon,FALSE,Winter,FALSE,Moderate
2021-01-19,BT1,16.54,43.24,32.23,1.7,7.8,216,2021,1,Tue,FALSE,Winter,FALSE,Moderate
2021-01-20,BT1,8.09,46.13,21.82,2.7,2.5,300,2021,1,Wed,FALSE,Winter,FALSE,Good
2021-01-21,BT1,11.03,30.06,44.74,2.8,5,243,2021,1,Thu,FALSE,Winter,FALSE,Moderate
2021-01-22,BT1,10.46,27.44,41.31,0.3,9,257,2021,1,Fri,FALSE,Winter,FALSE,Moderate
2021-01-23,BT1,9.86,11.45,45.81,3.1,6.5,18,2021,1,Sat,TRUE,Winter,FALSE,Good
2021-01-24,BT1,11.68,40.77,26.65,8.1,4.3,324,2021,1,Sun,TRUE,Winter,FALSE,Moderate
2021-01-25,BT1,16.39,28.39,29.55,2.3,4.8,240,2021,1,Mon,FALSE,Winter,FALSE,Moderate
2021-01-26,BT1,12.7,37.56,39.01,5.4,6.8,109,2021,1,Tue,FALSE,Winter,FALSE,Moderate
2021-01-27,BT1,18.87,59.39,18.2,5.6,3.6,273,2021,1,Wed,FALSE,Winter,FALSE,Moderate
2021-01-28,BT1,13.48,16.17,50.76,5.8,1.8,230,2021,1,Thu,FALSE,Winter,FALSE,Moderate
2021-01-29,BT1,10.43,23.29,46.65,4,3.4,112,2021,1,Fri,FALSE,Winter,FALSE,Moderate
2021-01-30,BT1,10.34,22.95,43.62,4.5,2,114,2021,1,Sat,TRUE,Winter,FALSE,Moderate
2021-01-31,BT1,10.12,36.29,40.16,2.8,3.1,244,2021,1,Sun,TRUE,Winter,FALSE,Moderate
2021-02-01,BT1,17.38,58.13,27.29,2.9,10,80,2021,2,Mon,FALSE,Winter,FALSE,Moderate
2021-02-02,BT1,15.76,51.17,34.91,5.1,1.6,51,2021,2,Tue,FALSE,Winter,FALSE,Moderate
2021-02-03,BT1,13.76,27.27,41.1,6,6.4,308,2021,2,Wed,FALSE,Winter,FALSE,Moderate
2021-02-04,BT1,14.31,42.91,35.21,2.2,2.6,10,2021,2,Thu,FALSE,Winter,FALSE,Moderate
2021-02-05,BT1,14.17,37.69,30.63,2.8,3.6,289,2021,2,Fri,FALSE,Winter,FALSE,Moderate
2021-02-06,BT1,6.54,10.26,43.55,4.2,2.5,162,2021,2,Sat,TRUE,Winter,FALSE,Good
2021-02-07,BT1,8.88,20.29,39.64,6.5,9.2,179,2021,2,Sun,TRUE,Winter,FALSE,Good
2021-02-08,BT1,11.9,32.82,23.77,5.5,2.9,64,2021,2,Mon,FALSE,Winter,FALSE,Moderate
2021-02-09,BT1,9.98,16.6,33.02,8,2.4,270,2021,2,Tue,FALSE,Winter,FALSE,Good
2021-02-10,BT1,8.97,24.48,38.55,9.2,8.2,153,2021,2,Wed,FALSE,Winter,FALSE,Good
2021-02-11,BT1,12.11,17.9,48.46,3.9,15.9,173,2021,2,Thu,FALSE,Winter,FALSE,Moderate
2021-02-12,BT1,11.27,31.25,27.88,6.7,2.7,240,2021,2,Fri,FALSE,Winter,FALSE,Moderate
2021-02-13,BT1,18.43,65.25,28.37,7.9,3.4,94,2021,2,Sat,TRUE,Winter,FALSE,Moderate
2021-02-14,BT1,11.77,20.83,40.77,5.9,3.9,123,2021,2,Sun,TRUE,Winter,FALSE,Moderate
2021-02-15,BT1,10.95,29.2,44.77,6.6,2.5,126,2021,2,Mon,FALSE,Winter,FALSE,Moderate
2021-02-16,BT1,17.3,48.29,37.47,6.1,4,345,2021,2,Tue,FALSE,Winter,FALSE,Moderate
2021-02-17,BT1,15.5,58.2,29.87,4.2,4.2,205,2021,2,Wed,FALSE,Winter,FALSE,Moderate
2021-02-18,BT1,12.6,33.44,34.89,6.2,8.6,302,2021,2,Thu,FALSE,Winter,FALSE,Moderate
2021-02-19,BT1,13.41,37.66,29.36,3.4,5.2,141,2021,2,Fri,FALSE,Winter,FALSE,Moderate
2021-02-20,BT1,11.19,42.01,31.15,6.2,4,58,2021,2,Sat,TRUE,Winter,FALSE,Moderate
2021-02-21,BT1,9.76,30.54,35.59,6.7,4.9,211,2021,2,Sun,TRUE,Winter,FALSE,Good
2021-02-22,BT1,16.16,44.91,25.99,8.8,5.1,82,2021,2,Mon,FALSE,Winter,FALSE,Moderate
2021-02-23,BT1,14.26,40.6,28,6.1,4,126,2021,2,Tue,FALSE,Winter,FALSE,Moderate
2021-02-24,BT1,12.99,45.83,31.38,3.9,1.7,132,2021,2,Wed,FALSE,Winter,FALSE,Moderate
2021-02-25,BT1,11.26,36.01,31.78,4.3,7.3,254,2021,2,Thu,FALSE,Winter,FALSE,Moderate
2021-02-26,BT1,11.49,14.94,46.36,6.7,2.8,94,2021,2,Fri,FALSE,Winter,FALSE,Moderate
2021-02-27,BT1,15.23,52.27,27.33,10.1,3.7,129,2021,2,Sat,TRUE,Winter,FALSE,Moderate
2021-02-28,BT1,16.44,34.2,45.67,7.3,2.8,130,2021,2,Sun,TRUE,Winter,FALSE,Moderate
2021-03-01,BT1,11.45,36.16,25.14,6.9,4,243,2021,3,Mon,FALSE,Spring,FALSE,Moderate
2021-03-02,BT1,16.21,48.03,30.08,8.9,4.6,161,2021,3,Tue,FALSE,Spring,FALSE,Moderate
2021-03-03,BT1,16.13,55,19.41,5.7,3.1,212,2021,3,Wed,FALSE,Spring,FALSE,Moderate
2021-03-04,BT1,11.97,30.86,40.48,9.1,2.8,193,2021,3,Thu,FALSE,Spring,FALSE,Moderate
2021-03-05,BT1,14.3,46.87,21.06,11.4,5.9,230,2021,3,Fri,FALSE,Spring,FALSE,Moderate
2021-03-06,BT1,5,24.64,37.83,5.2,4.7,290,2021,3,Sat,TRUE,Spring,FALSE,Good
2021-03-07,BT1,13.46,29.38,41.1,8.1,2.8,177,2021,3,Sun,TRUE,Spring,FALSE,Moderate
2021-03-08,BT1,6.07,12.41,40.19,5.7,3.1,20,2021,3,Mon,FALSE,Spring,FALSE,Good
2021-03-09,BT1,11.4,44.18,48.96,8.5,3.9,96,2021,3,Tue,FALSE,Spring,FALSE,Moderate
2021-03-10,BT1,15.81,37.11,36.23,7.6,2.9,341,2021,3,Wed,FALSE,Spring,FALSE,Moderate
2021-03-11,BT1,13.09,34.28,25.61,11.3,6.1,152,2021,3,Thu,FALSE,Spring,FALSE,Moderate
2021-03-12,BT1,15.65,45.52,33.06,10,7.8,132,2021,3,Fri,FALSE,Spring,FALSE,Moderate
2021-03-13,BT1,9.06,22.12,28.88,5.9,4.2,150,2021,3,Sat,TRUE,Spring,FALSE,Good
2021-03-14,BT1,7.18,28.81,38.24,10.1,2.4,352,2021,3,Sun,TRUE,Spring,FALSE,Good
2021-03-15,BT1,10.02,46.29,25.04,8.7,11.7,4,2021,3,Mon,FALSE,Spring,FALSE,Moderate
2021-03-16,BT1,14.56,42.37,30.95,11.7,3.1,128,2021,3,Tue,FALSE,Spring,FALSE,Moderate
2021-03-17,BT1,18.59,54.39,23.8,6.9,6.8,21,2021,3,Wed,FALSE,Spring,FALSE,Moderate
2021-03-18,BT1,10.18,45.4,22.4,9,6.2,348,2021,3,Thu,FALSE,Spring,FALSE,Moderate
2021-03-19,BT1,15.15,49.8,36.39,10.5,2.1,329,2021,3,Fri,FALSE,Spring,FALSE,Moderate
2021-03-20,BT1,12.2,36.61,29.91,10.2,3.3,164,2021,3,Sat,TRUE,Spring,FALSE,Moderate
2021-03-21,BT1,9.57,19.7,39.28,7,2,333,2021,3,Sun,TRUE,Spring,FALSE,Good
2021-03-22,BT1,11.47,27.92,39.18,14.3,3.9,359,2021,3,Mon,FALSE,Spring,FALSE,Moderate
2021-03-23,BT1,13.85,43.41,33.05,9.4,4.8,214,2021,3,Tue,FALSE,Spring,FALSE,Moderate
2021-03-24,BT1,7.15,19.08,36.59,11.1,1.5,207,2021,3,Wed,FALSE,Spring,FALSE,Good
2021-03-25,BT1,16.33,45.97,31.77,10.7,2.8,211,2021,3,Thu,FALSE,Spring,FALSE,Moderate
2021-03-26,BT1,10.4,19.57,28.71,11.4,8.1,33,2021,3,Fri,FALSE,Spring,FALSE,Moderate
2021-03-27,BT1,3.55,18.13,36.78,10.5,3.2,128,2021,3,Sat,TRUE,Spring,FALSE,Good
2021-03-28,BT1,7.99,23.21,44.55,14,2.8,169,2021,3,Sun,TRUE,Spring,FALSE,Good
2021-03-29,BT1,10.35,24.43,43.92,8.2,5.2,137,2021,3,Mon,FALSE,Spring,FALSE,Moderate
2021-03-30,BT1,9.93,19.84,34.8,13.6,4.5,349,2021,3,Tue,FALSE,Spring,FALSE,Good
2021-03-31,BT1,6.48,22.1,37.03,12,6.4,181,2021,3,Wed,FALSE,Spring,FALSE,Good
2021-04-01,BT1,5.05,24.61,29.47,12.3,3.3,170,2021,4,Thu,FALSE,Spring,FALSE,Good
2021-04-02,BT1,13.59,48.23,25.2,7.1,2.2,276,2021,4,Fri,FALSE,Spring,FALSE,Moderate
2021-04-03,BT1,10.91,23.26,53.74,10.6,3.7,87,2021,4,Sat,TRUE,Spring,FALSE,Moderate
2021-04-04,BT1,12.06,40.1,39.6,10.9,3.2,286,2021,4,Sun,TRUE,Spring,FALSE,Moderate
2021-04-05,BT1,11.38,30.62,42.58,12.7,3.5,110,2021,4,Mon,FALSE,Spring,FALSE,Moderate
2021-04-06,BT1,11.36,28,44.48,12.2,4.4,186,2021,4,Tue,FALSE,Spring,FALSE,Moderate
2021-04-07,BT1,7.12,26.33,31.23,13.3,2.6,80,2021,4,Wed,FALSE,Spring,FALSE,Good
2021-04-08,BT1,10.76,24.55,32.15,13.8,3.6,182,2021,4,Thu,FALSE,Spring,FALSE,Moderate
2021-04-09,BT1,12.09,24.66,29.8,11.7,2.6,297,2021,4,Fri,FALSE,Spring,FALSE,Moderate
2021-04-10,BT1,11.46,31.86,33.51,13.7,1.8,157,2021,4,Sat,TRUE,Spring,FALSE,Moderate
2021-04-11,BT1,10.46,30.44,28.7,12.9,2.2,1,2021,4,Sun,TRUE,Spring,FALSE,Moderate
2021-04-12,BT1,9.45,20.63,32.88,9.8,2.4,148,2021,4,Mon,FALSE,Spring,FALSE,Good
2021-04-13,BT1,12.33,28.89,38.4,14.8,2.8,218,2021,4,Tue,FALSE,Spring,FALSE,Moderate
2021-04-14,BT1,10.17,20.63,24.51,14.4,4.6,95,2021,4,Wed,FALSE,Spring,FALSE,Moderate
2021-04-15,BT1,14.18,43.59,32.68,14.2,5.1,172,2021,4,Thu,FALSE,Spring,FALSE,Moderate
2021-04-16,BT1,15.8,56.77,28.51,15.9,3.8,0,2021,4,Fri,FALSE,Spring,FALSE,Moderate
2021-04-17,BT1,10.04,25.72,49.96,13.4,3.5,28,2021,4,Sat,TRUE,Spring,FALSE,Moderate
2021-04-18,BT1,4.94,20.27,32.53,12.7,8,291,2021,4,Sun,TRUE,Spring,FALSE,Good
2021-04-19,BT1,5.66,20.47,40.16,15,4.9,268,2021,4,Mon,FALSE,Spring,FALSE,Good
2021-04-20,BT1,8.24,33.37,41.57,12.8,4.9,18,2021,4,Tue,FALSE,Spring,FALSE,Good
2021-04-21,BT1,7.68,20.03,45.15,15.7,2.8,336,2021,4,Wed,FALSE,Spring,FALSE,Good
2021-04-22,BT1,6.84,23.52,43.9,15.3,2,130,2021,4,Thu,FALSE,Spring,FALSE,Good
2021-04-23,BT1,4.35,5,36.3,11.8,2.6,108,2021,4,Fri,FALSE,Spring,FALSE,Good
2021-04-24,BT1,9.71,32.35,42.1,17.3,4.2,60,2021,4,Sat,TRUE,Spring,FALSE,Good
2021-04-25,BT1,4.65,18.75,39.43,15.1,2.9,297,2021,4,Sun,TRUE,Spring,FALSE,Good
2021-04-26,BT1,7.19,23.22,36.95,13.7,3.1,18,2021,4,Mon,FALSE,Spring,FALSE,Good
2021-04-27,BT1,8.84,26.47,42.89,15.2,4.5,322,2021,4,Tue,FALSE,Spring,FALSE,Good
2021-04-28,BT1,12.61,42.9,29.35,14,3.4,57,2021,4,Wed,FALSE,Spring,FALSE,Moderate
2021-04-29,BT1,5.18,5,35.96,17.2,3.7,49,2021,4,Thu,FALSE,Spring,FALSE,Good
2021-04-30,BT1,9.61,26.36,31.3,14.5,3.6,323,2021,4,Fri,FALSE,Spring,FALSE,Good
2021-05-01,BT1,9.59,31.21,34.2,14.5,5.9,184,2021,5,Sat,TRUE,Spring,FALSE,Good
2021-05-02,BT1,5.16,11.67,46.48,17.6,2.4,67,2021,5,Sun,TRUE,Spring,FALSE,Good
2021-05-03,BT1,6.97,5.39,40.16,15,2.4,125,2021,5,Mon,FALSE,Spring,FALSE,Good
2021-05-04,BT1,4.66,5,32.87,15.1,3.8,305,2021,5,Tue,FALSE,Spring,FALSE,Good
2021-05-05,BT1,9.69,31.74,36.64,16.3,3.2,18,2021,5,Wed,FALSE,Spring,FALSE,Good
2021-05-06,BT1,11.62,31.49,31.75,18.7,5.5,308,2021,5,Thu,FALSE,Spring,FALSE,Moderate
2021-05-07,BT1,8.67,26.67,40.93,16.6,7.2,226,2021,5,Fri,FALSE,Spring,FALSE,Good
2021-05-08,BT1,4.35,5,50.27,16.6,6.1,292,2021,5,Sat,TRUE,Spring,FALSE,Good
2021-05-09,BT1,9.49,38.75,30.83,19.5,7.2,67,2021,5,Sun,TRUE,Spring,FALSE,Good
2021-05-10,BT1,6.64,32.17,23.7,16.9,1.9,82,2021,5,Mon,FALSE,Spring,FALSE,Good
2021-05-11,BT1,10.27,30.35,34.99,13.4,3.9,355,2021,5,Tue,FALSE,Spring,FALSE,Moderate
2021-05-12,BT1,1.42,7.65,36.47,13.2,9.4,150,2021,5,Wed,FALSE,Spring,FALSE,Good
2021-05-13,BT1,4.06,10.89,42.27,18,2,160,2021,5,Thu,FALSE,Spring,FALSE,Good
2021-05-14,BT1,1,5,45.09,16.6,6.1,18,2021,5,Fri,FALSE,Spring,FALSE,Good
2021-05-15,BT1,3.08,5,45.84,19.7,4.5,279,2021,5,Sat,TRUE,Spring,FALSE,Good
2021-05-16,BT1,1,5,56.71,15.9,3.6,36,2021,5,Sun,TRUE,Spring,FALSE,Good
2021-05-17,BT1,11.37,32.36,29.7,13.3,4.1,38,2021,5,Mon,FALSE,Spring,FALSE,Moderate
2021-05-18,BT1,7.21,23.11,48.36,17.4,2.2,338,2021,5,Tue,FALSE,Spring,FALSE,Good
2021-05-19,BT1,8.09,22.85,35.44,15.4,3.8,283,2021,5,Wed,FALSE,Spring,FALSE,Good
2021-05-20,BT1,13.08,43.93,36.1,14.5,5,130,2021,5,Thu,FALSE,Spring,FALSE,Moderate
2021-05-21,BT1,7.79,27.14,38.21,20.9,5.1,148,2021,5,Fri,FALSE,Spring,FALSE,Good
2021-05-22,BT1,4.9,12.79,41.4,14.4,2.4,16,2021,5,Sat,TRUE,Spring,FALSE,Good
2021-05-23,BT1,7.37,13.97,39.16,18.4,2.7,203,2021,5,Sun,TRUE,Spring,FALSE,Good
2021-05-24,BT1,2.61,5,47.97,19,2.4,192,2021,5,Mon,FALSE,Spring,FALSE,Good
2021-05-25,BT1,6.43,27.91,38.52,16.7,2.2,17,2021,5,Tue,FALSE,Spring,FALSE,Good
2021-05-26,BT1,8.83,32.74,42.63,15.3,2.3,118,2021,5,Wed,FALSE,Spring,FALSE,Good
2021-05-27,BT1,10.72,25.41,31.63,17,6.2,297,2021,5,Thu,FALSE,Spring,FALSE,Moderate
2021-05-28,BT1,4.3,5,39.71,17.6,7.4,285,2021,5,Fri,FALSE,Spring,FALSE,Good
2021-05-29,BT1,3.71,14.17,44.09,18.1,2.8,345,2021,5,Sat,TRUE,Spring,FALSE,Good
2021-05-30,BT1,4.49,18.93,39.33,20.6,2.4,63,2021,5,Sun,TRUE,Spring,FALSE,Good
2021-05-31,BT1,1.41,12.26,43.71,17.9,6.4,320,2021,5,Mon,FALSE,Spring,FALSE,Good
2021-06-01,BT1,1.69,5,36.89,20.5,3.3,102,2021,6,Tue,FALSE,Summer,FALSE,Good
2021-06-02,BT1,6.6,20.47,35.61,20.7,6.7,277,2021,6,Wed,FALSE,Summer,FALSE,Good
2021-06-03,BT1,3.44,5,39.66,17.8,15.1,16,2021,6,Thu,FALSE,Summer,FALSE,Good
2021-06-04,BT1,2.54,5,44.04,17.4,2.9,82,2021,6,Fri,FALSE,Summer,FALSE,Good
2021-06-05,BT1,4.08,20.82,30.16,23.6,6.5,336,2021,6,Sat,TRUE,Summer,FALSE,Good
2021-06-06,BT1,7.27,17.66,41.67,17.6,4.3,207,2021,6,Sun,TRUE,Summer,FALSE,Good
2021-06-07,BT1,6.97,17.06,42.2,16.7,4.5,93,2021,6,Mon,FALSE,Summer,FALSE,Good
2021-06-08,BT1,8.33,24.27,41.84,21.1,5.9,67,2021,6,Tue,FALSE,Summer,FALSE,Good
2021-06-09,BT1,6.94,26.94,44.89,21.2,5.8,191,2021,6,Wed,FALSE,Summer,FALSE,Good
2021-06-10,BT1,4.83,21.02,40.01,20.6,3.4,305,2021,6,Thu,FALSE,Summer,FALSE,Good
2021-06-11,BT1,7.81,19.01,48.6,20.1,3.9,296,2021,6,Fri,FALSE,Summer,FALSE,Good
2021-06-12,BT1,2.12,11.58,31.35,21.4,4.7,187,2021,6,Sat,TRUE,Summer,FALSE,Good
2021-06-13,BT1,5.13,18.16,40.09,19.2,5.9,352,2021,6,Sun,TRUE,Summer,FALSE,Good
2021-06-14,BT1,4.16,14.77,35.88,17.5,3.5,321,2021,6,Mon,FALSE,Summer,FALSE,Good
2021-06-15,BT1,7.01,22.82,38.81,16.4,1.3,194,2021,6,Tue,FALSE,Summer,FALSE,Good
2021-06-16,BT1,5.77,13.63,46.33,17.4,1.5,173,2021,6,Wed,FALSE,Summer,FALSE,Good
2021-06-17,BT1,4.81,25.57,43.55,15.4,4.3,59,2021,6,Thu,FALSE,Summer,FALSE,Good
2021-06-18,BT1,7.16,17.34,32.85,18.2,4.4,89,2021,6,Fri,FALSE,Summer,FALSE,Good
2021-06-19,BT1,3.02,12.86,38.4,16.7,4.4,98,2021,6,Sat,TRUE,Summer,FALSE,Good
2021-06-20,BT1,1,5,55.86,21.4,5.7,96,2021,6,Sun,TRUE,Summer,FALSE,Good
2021-06-21,BT1,3.67,9.69,34.72,20.9,5,97,2021,6,Mon,FALSE,Summer,FALSE,Good
2021-06-22,BT1,11.24,25.83,38.34,21.5,5.3,219,2021,6,Tue,FALSE,Summer,FALSE,Moderate
2021-06-23,BT1,7.11,24.54,34.57,17.1,2.3,58,2021,6,Wed,FALSE,Summer,FALSE,Good
2021-06-24,BT1,1,5,34.33,21.2,3.7,27,2021,6,Thu,FALSE,Summer,FALSE,Good
2021-06-25,BT1,7.44,15.2,35.82,16.7,3.2,316,2021,6,Fri,FALSE,Summer,FALSE,Good
2021-06-26,BT1,6.96,23.42,42.39,16.4,2.7,143,2021,6,Sat,TRUE,Summer,FALSE,Good
2021-06-27,BT1,3.26,5,36.97,16.2,9.3,107,2021,6,Sun,TRUE,Summer,FALSE,Good
2021-06-28,BT1,2.83,8.05,54.41,18.5,0.9,227,2021,6,Mon,FALSE,Summer,FALSE,Good
2021-06-29,BT1,8.58,29.61,43.86,16.4,11.8,186,2021,6,Tue,FALSE,Summer,FALSE,Good
2021-06-30,BT1,11.4,40.71,29.44,18.9,2,27,2021,6,Wed,FALSE,Summer,FALSE,Moderate
2021-07-01,BT1,7.8,19.29,47.89,17.6,3,333,2021,7,Thu,FALSE,Summer,FALSE,Good
2021-07-02,BT1,2.46,19.66,38.61,15.5,10.9,308,2021,7,Fri,FALSE,Summer,FALSE,Good
2021-07-03,BT1,4.21,19.15,45.08,19.8,4.1,68,2021,7,Sat,TRUE,Summer,FALSE,Good
2021-07-04,BT1,3.75,7.38,43.38,19.2,4.4,99,2021,7,Sun,TRUE,Summer,FALSE,Good
2021-07-05,BT1,9.39,33.8,36.5,16.6,6.2,104,2021,7,Mon,FALSE,Summer,FALSE,Good
2021-07-06,BT1,2.3,5,50.2,16.9,6.1,141,2021,7,Tue,FALSE,Summer,FALSE,Good
2021-07-07,BT1,3.54,11.04,42.06,16.4,7.4,142,2021,7,Wed,FALSE,Summer,FALSE,Good
2021-07-08,BT1,3.32,5.86,42.29,17.5,6.5,151,2021,7,Thu,FALSE,Summer,FALSE,Good
2021-07-09,BT1,7.95,34.69,28.01,18.2,2.5,265,2021,7,Fri,FALSE,Summer,FALSE,Good
2021-07-10,BT1,3.75,9.97,45.69,19.3,6.3,36,2021,7,Sat,TRUE,Summer,FALSE,Good
2021-07-11,BT1,4.79,11.91,46.1,18.5,4.4,157,2021,7,Sun,TRUE,Summer,FALSE,Good
2021-07-12,BT1,8.35,18.21,38.44,16,3.1,72,2021,7,Mon,FALSE,Summer,FALSE,Good
2021-07-13,BT1,1,5,37.61,15.2,2.1,60,2021,7,Tue,FALSE,Summer,FALSE,Good
2021-07-14,BT1,3.19,8.68,44.78,14.8,3.4,123,2021,7,Wed,FALSE,Summer,FALSE,Good
2021-07-15,BT1,1,10.49,39.08,19.2,3.4,277,2021,7,Thu,FALSE,Summer,FALSE,Good
2021-07-16,BT1,8.48,26.76,48.46,15.6,2.5,64,2021,7,Fri,FALSE,Summer,FALSE,Good
2021-07-17,BT1,3.23,16.55,45.56,14.8,1.9,129,2021,7,Sat,TRUE,Summer,FALSE,Good
2021-07-18,BT1,4.15,8.17,45.81,16.4,2.1,332,2021,7,Sun,TRUE,Summer,FALSE,Good
2021-07-19,BT1,5.61,24.01,35.83,20,2.9,220,2021,7,Mon,FALSE,Summer,FALSE,Good
2021-07-20,BT1,1,5,29.08,17.9,2.5,0,2021,7,Tue,FALSE,Summer,FALSE,Good
2021-07-21,BT1,5.37,18.59,34.11,18.4,2.6,89,2021,7,Wed,FALSE,Summer,FALSE,Good
2021-07-22,BT1,7.22,29.04,39.42,17.3,9.7,231,2021,7,Thu,FALSE,Summer,FALSE,Good
2021-07-23,BT1,5.62,26.81,36.36,15.6,6,283,2021,7,Fri,FALSE,Summer,FALSE,Good
2021-07-24,BT1,10.6,17.34,48.25,18,1.3,107,2021,7,Sat,TRUE,Summer,FALSE,Moderate
2021-07-25,BT1,3.8,5.14,38.59,19.4,1.6,66,2021,7,Sun,TRUE,Summer,FALSE,Good
2021-07-26,BT1,4.13,5,49.38,14.6,2.2,212,2021,7,Mon,FALSE,Summer,FALSE,Good
2021-07-27,BT1,1,15.97,39.9,19.3,3.9,267,2021,7,Tue,FALSE,Summer,FALSE,Good
2021-07-28,BT1,11.43,43.22,23.09,14.5,3.6,217,2021,7,Wed,FALSE,Summer,FALSE,Moderate
2021-07-29,BT1,4.63,9.9,41.99,19.3,4.2,283,2021,7,Thu,FALSE,Summer,FALSE,Good
2021-07-30,BT1,1.92,12.98,39.23,14.2,5.6,193,2021,7,Fri,FALSE,Summer,FALSE,Good
2021-07-31,BT1,1.02,9.05,40.34,16.4,2.5,305,2021,7,Sat,TRUE,Summer,FALSE,Good
2021-08-01,BT1,6.93,25.03,38.55,16.1,3.1,195,2021,8,Sun,TRUE,Summer,FALSE,Good
2021-08-02,BT1,6.62,11.22,44.18,14.1,2.5,168,2021,8,Mon,FALSE,Summer,FALSE,Good
2021-08-03,BT1,8.3,20.64,39.63,18.8,1.5,266,2021,8,Tue,FALSE,Summer,FALSE,Good
2021-08-04,BT1,3.75,9.19,39.57,15.3,12.2,205,2021,8,Wed,FALSE,Summer,FALSE,Good
2021-08-05,BT1,10.11,29.43,33.55,15.2,3.1,193,2021,8,Thu,FALSE,Summer,FALSE,Moderate
2021-08-06,BT1,8.66,8.43,45.77,12.9,4.4,215,2021,8,Fri,FALSE,Summer,FALSE,Good
2021-08-07,BT1,1.05,5,43.79,11.9,1.7,67,2021,8,Sat,TRUE,Summer,FALSE,Good
2021-08-08,BT1,4.06,5.69,44.58,16.9,1.6,30,2021,8,Sun,TRUE,Summer,FALSE,Good
2021-08-09,BT1,3.64,5,38.03,17.3,2,285,2021,8,Mon,FALSE,Summer,FALSE,Good
2021-08-10,BT1,9.28,29.71,30.76,13.1,2.9,299,2021,8,Tue,FALSE,Summer,FALSE,Good
2021-08-11,BT1,4.99,14.19,44.82,16.8,6.9,41,2021,8,Wed,FALSE,Summer,FALSE,Good
2021-08-12,BT1,3.12,5,46.07,15.2,2.5,172,2021,8,Thu,FALSE,Summer,FALSE,Good
2021-08-13,BT1,2.73,18.67,44.42,14.1,7.2,349,2021,8,Fri,FALSE,Summer,FALSE,Good
2021-08-14,BT1,5.36,22.66,39.13,13.4,5.2,126,2021,8,Sat,TRUE,Summer,FALSE,Good
2021-08-15,BT1,5.51,12.86,42.9,15.3,5.8,212,2021,8,Sun,TRUE,Summer,FALSE,Good
2021-08-16,BT1,5.42,37.77,12.86,11.8,6,203,2021,8,Mon,FALSE,Summer,FALSE,Good
2021-08-17,BT1,3.78,5,41.19,15.4,3.4,143,2021,8,Tue,FALSE,Summer,FALSE,Good
2021-08-18,BT1,6.65,18.58,34.48,13.3,5.5,50,2021,8,Wed,FALSE,Summer,FALSE,Good
2021-08-19,BT1,9.76,21.72,41.71,12.7,2.6,316,2021,8,Thu,FALSE,Summer,FALSE,Good
2021-08-20,BT1,4.6,11.1,36.66,16.1,8,2,2021,8,Fri,FALSE,Summer,FALSE,Good
2021-08-21,BT1,1,15.23,38.59,13.3,3.9,131,2021,8,Sat,TRUE,Summer,FALSE,Good
2021-08-22,BT1,8.65,22.47,38.13,15.1,2.7,107,2021,8,Sun,TRUE,Summer,FALSE,Good
2021-08-23,BT1,4.24,5,44.14,11.9,3.3,1,2021,8,Mon,FALSE,Summer,FALSE,Good
2021-08-24,BT1,1.86,12.23,47.63,13,4.9,324,2021,8,Tue,FALSE,Summer,FALSE,Good
2021-08-25,BT1,5.11,18.93,25.05,16.2,2.2,125,2021,8,Wed,FALSE,Summer,FALSE,Good
2021-08-26,BT1,6.69,22.01,32.67,12.8,5.4,344,2021,8,Thu,FALSE,Summer,FALSE,Good
2021-08-27,BT1,8.81,29.73,39.1,14.3,6.3,138,2021,8,Fri,FALSE,Summer,FALSE,Good
2021-08-28,BT1,4.28,5,48.14,14.9,2.6,61,2021,8,Sat,TRUE,Summer,FALSE,Good
2021-08-29,BT1,8.52,32.52,40.72,14.2,12.4,261,2021,8,Sun,TRUE,Summer,FALSE,Good
2021-08-30,BT1,10.36,27.8,35.87,14.7,3.1,100,2021,8,Mon,FALSE,Summer,FALSE,Moderate
2021-08-31,BT1,8.15,26.5,36.34,9,2.4,169,2021,8,Tue,FALSE,Summer,FALSE,Good
2021-09-01,BT1,4.59,20.6,40.73,11.8,4.5,318,2021,9,Wed,FALSE,Autumn,FALSE,Good
2021-09-02,BT1,9.81,16.47,48.35,13,3.1,327,2021,9,Thu,FALSE,Autumn,FALSE,Good
2021-09-03,BT1,6.14,15.46,47.54,7,2,197,2021,9,Fri,FALSE,Autumn,FALSE,Good
2021-09-04,BT1,1,5,44.68,14.9,4.4,11,2021,9,Sat,TRUE,Autumn,FALSE,Good
2021-09-05,BT1,1,5.69,32.86,11.6,3.6,352,2021,9,Sun,TRUE,Autumn,FALSE,Good
2021-09-06,BT1,4.61,11.71,43.8,11.6,6.8,119,2021,9,Mon,FALSE,Autumn,FALSE,Good
2021-09-07,BT1,7.4,10.24,37.92,7.3,7.4,247,2021,9,Tue,FALSE,Autumn,FALSE,Good
2021-09-08,BT1,7.01,21.39,33.89,15.4,5.1,177,2021,9,Wed,FALSE,Autumn,FALSE,Good
2021-09-09,BT1,4.59,5,50.18,8.4,5.2,34,2021,9,Thu,FALSE,Autumn,FALSE,Good
2021-09-10,BT1,4.26,5,47.79,12.9,5.2,88,2021,9,Fri,FALSE,Autumn,FALSE,Good
2021-09-11,BT1,6.34,18.5,40.76,8.5,3.3,5,2021,9,Sat,TRUE,Autumn,FALSE,Good
2021-09-12,BT1,2.84,5,41.76,9.1,4.1,178,2021,9,Sun,TRUE,Autumn,FALSE,Good
2021-09-13,BT1,6.63,11.02,53.2,12.8,6.3,52,2021,9,Mon,FALSE,Autumn,FALSE,Good
2021-09-14,BT1,3.77,15.95,43.72,13,6.2,25,2021,9,Tue,FALSE,Autumn,FALSE,Good
2021-09-15,BT1,1.07,5,47.7,12,4.5,110,2021,9,Wed,FALSE,Autumn,FALSE,Good
2021-09-16,BT1,2.08,5,38.29,10.2,4.7,92,2021,9,Thu,FALSE,Autumn,FALSE,Good
2021-09-17,BT1,2.61,5,44.54,8.2,4.4,200,2021,9,Fri,FALSE,Autumn,FALSE,Good
2021-09-18,BT1,5.84,5,48.52,7.6,2.5,164,2021,9,Sat,TRUE,Autumn,FALSE,Good
2021-09-19,BT1,8.33,34.9,32.34,9.1,3.7,225,2021,9,Sun,TRUE,Autumn,FALSE,Good
2021-09-20,BT1,5.88,19.3,36.58,10.4,1.7,208,2021,9,Mon,FALSE,Autumn,FALSE,Good
2021-09-21,BT1,8.71,27.31,48.48,7.9,3.1,237,2021,9,Tue,FALSE,Autumn,FALSE,Good
2021-09-22,BT1,6.23,5.28,38.77,11.4,2.2,3,2021,9,Wed,FALSE,Autumn,FALSE,Good
2021-09-23,BT1,11.99,35.66,36.09,8.7,3,96,2021,9,Thu,FALSE,Autumn,FALSE,Moderate
2021-09-24,BT1,4.64,10.89,37.03,11.5,2.3,15,2021,9,Fri,FALSE,Autumn,FALSE,Good
2021-09-25,BT1,4.98,22.44,35.47,7.4,1.9,25,2021,9,Sat,TRUE,Autumn,FALSE,Good
2021-09-26,BT1,8.22,16.62,49.61,4.7,4.2,34,2021,9,Sun,TRUE,Autumn,FALSE,Good
2021-09-27,BT1,12.33,30.39,37.13,12.4,4.3,213,2021,9,Mon,FALSE,Autumn,FALSE,Moderate
2021-09-28,BT1,8.77,20.82,39.38,9.6,5.3,37,2021,9,Tue,FALSE,Autumn,FALSE,Good
2021-09-29,BT1,8.1,27.03,35.23,5.2,2.4,224,2021,9,Wed,FALSE,Autumn,FALSE,Good
2021-09-30,BT1,8.61,11.43,53.62,4.7,8.6,335,2021,9,Thu,FALSE,Autumn,FALSE,Good
2021-10-01,BT1,6.47,26.58,32.08,6.3,3.4,306,2021,10,Fri,FALSE,Autumn,FALSE,Good
2021-10-02,BT1,6.34,25.1,41.68,8.3,3.4,353,2021,10,Sat,TRUE,Autumn,FALSE,Good
2021-10-03,BT1,3.2,9.11,47.41,10.3,2,270,2021,10,Sun,TRUE,Autumn,FALSE,Good
2021-10-04,BT1,6.67,23.71,41.13,6,5.8,163,2021,10,Mon,FALSE,Autumn,FALSE,Good
2021-10-05,BT1,12.7,36.75,39.44,6.9,9.9,300,2021,10,Tue,FALSE,Autumn,FALSE,Moderate
2021-10-06,BT1,3.47,19.02,33.29,8.8,4,252,2021,10,Wed,FALSE,Autumn,FALSE,Good
2021-10-07,BT1,5.64,16.93,45.96,11.3,7.8,260,2021,10,Thu,FALSE,Autumn,FALSE,Good
2021-10-08,BT1,7.87,17.59,35.3,4.4,2.1,208,2021,10,Fri,FALSE,Autumn,FALSE,Good
2021-10-09,BT1,7.13,12.89,46,6.5,3.8,134,2021,10,Sat,TRUE,Autumn,FALSE,Good
2021-10-10,BT1,5.73,22.8,30.98,8.5,2.1,304,2021,10,Sun,TRUE,Autumn,FALSE,Good
2021-10-11,BT1,11.59,36.06,27.57,6.4,3.7,319,2021,10,Mon,FALSE,Autumn,FALSE,Moderate
2021-10-12,BT1,11.97,49.81,36.01,8.8,5,149,2021,10,Tue,FALSE,Autumn,FALSE,Moderate
2021-10-13,BT1,10.13,32.06,33.28,4.5,5,25,2021,10,Wed,FALSE,Autumn,FALSE,Moderate
2021-10-14,BT1,7.51,19.05,45.84,8.5,2.7,356,2021,10,Thu,FALSE,Autumn,FALSE,Good
2021-10-15,BT1,11.51,26.93,35.55,7.5,1.8,97,2021,10,Fri,FALSE,Autumn,FALSE,Moderate
2021-10-16,BT1,9.15,19.35,48.13,10.5,4.1,358,2021,10,Sat,TRUE,Autumn,FALSE,Good
2021-10-17,BT1,9.46,16.21,37.21,4.1,3.8,328,2021,10,Sun,TRUE,Autumn,FALSE,Good
2021-10-18,BT1,7.55,17.5,32.29,1.3,1.8,190,2021,10,Mon,FALSE,Autumn,FALSE,Good
2021-10-19,BT1,15.03,44.32,37.4,2.6,6.3,58,2021,10,Tue,FALSE,Autumn,FALSE,Moderate
2021-10-20,BT1,6.3,15.87,32.81,5.7,9.8,152,2021,10,Wed,FALSE,Autumn,FALSE,Good
2021-10-21,BT1,11.05,24.03,39.81,4,3.5,299,2021,10,Thu,FALSE,Autumn,FALSE,Moderate
2021-10-22,BT1,9.37,19.23,33.83,3.8,1.1,14,2021,10,Fri,FALSE,Autumn,FALSE,Good
2021-10-23,BT1,3.35,5,45.96,5.5,2.8,358,2021,10,Sat,TRUE,Autumn,FALSE,Good
2021-10-24,BT1,8.26,23.21,42.83,4.1,3.1,297,2021,10,Sun,TRUE,Autumn,FALSE,Good
2021-10-25,BT1,4.51,16.27,41.71,5.5,3.1,90,2021,10,Mon,FALSE,Autumn,TRUE,Good
2021-10-26,BT1,10.86,14.36,30.8,3.1,8.5,282,2021,10,Tue,FALSE,Autumn,TRUE,Moderate
2021-10-27,BT1,7.7,19.62,41.94,6.5,5.5,109,2021,10,Wed,FALSE,Autumn,TRUE,Good
2021-10-28,BT1,8.58,16.32,40.32,4.2,6.9,25,2021,10,Thu,FALSE,Autumn,TRUE,Good
2021-10-29,BT1,3.72,5,47.73,4.9,3.5,49,2021,10,Fri,FALSE,Autumn,TRUE,Good
2021-10-30,BT1,4.73,15.49,37.45,6.9,3,186,2021,10,Sat,TRUE,Autumn,TRUE,Good
2021-10-31,BT1,4.52,20.04,41.37,4.2,7.2,3,2021,10,Sun,TRUE,Autumn,TRUE,Good
2021-11-01,BT1,7.22,15.08,41.54,5.7,3.6,114,2021,11,Mon,FALSE,Autumn,TRUE,Good
2021-11-02,BT1,13.4,29.71,39.95,6.5,4.9,21,2021,11,Tue,FALSE,Autumn,TRUE,Moderate
2021-11-03,BT1,10.81,23.22,34.41,4.7,3.1,335,2021,11,Wed,FALSE,Autumn,TRUE,Moderate
2021-11-04,BT1,11.39,32.89,32.01,5.6,2.3,249,2021,11,Thu,FALSE,Autumn,TRUE,Moderate
2021-11-05,BT1,7.75,12.21,40.97,1.1,3.3,114,2021,11,Fri,FALSE,Autumn,TRUE,Good
2021-11-06,BT1,8.57,26.84,33.51,6.4,4.6,334,2021,11,Sat,TRUE,Autumn,TRUE,Good
2021-11-07,BT1,6.15,20.69,43.77,1.4,2.9,32,2021,11,Sun,TRUE,Autumn,TRUE,Good
2021-11-08,BT1,9.05,22.41,43.28,4.6,2.9,47,2021,11,Mon,FALSE,Autumn,TRUE,Good
2021-11-09,BT1,6,5,40.16,3.5,4.7,287,2021,11,Tue,FALSE,Autumn,TRUE,Good
2021-11-10,BT1,6.59,5,41.05,4.8,1.3,263,2021,11,Wed,FALSE,Autumn,TRUE,Good
2021-11-11,BT1,5.26,12.68,39.6,5.8,5.4,88,2021,11,Thu,FALSE,Autumn,TRUE,Good
2021-11-12,BT1,10.74,23.06,36.38,2.9,1.5,333,2021,11,Fri,FALSE,Autumn,TRUE,Moderate
2021-11-13,BT1,8.3,18.29,32.56,5,4.2,275,2021,11,Sat,TRUE,Autumn,TRUE,Good
2021-11-14,BT1,6.95,20.91,42.36,5.5,5.4,114,2021,11,Sun,TRUE,Autumn,TRUE,Good
2021-11-15,BT1,6.78,21.38,51.62,2.1,5.1,13,2021,11,Mon,FALSE,Autumn,TRUE,Good
2021-11-16,BT1,8.61,20.98,34.08,1.6,4.6,278,2021,11,Tue,FALSE,Autumn,TRUE,Good
2021-11-17,BT1,6.94,18.5,42.66,4.5,2.5,145,2021,11,Wed,FALSE,Autumn,TRUE,Good
2021-11-18,BT1,8.47,15.06,46.1,2.5,5,17,2021,11,Thu,FALSE,Autumn,TRUE,Good
2021-11-19,BT1,11,30.17,39.57,5.6,4,292,2021,11,Fri,FALSE,Autumn,TRUE,Moderate
2021-11-20,BT1,7.68,29.25,35.72,3.2,9.9,336,2021,11,Sat,TRUE,Autumn,TRUE,Good
2021-11-21,BT1,4.51,5,42.45,-2,2.1,295,2021,11,Sun,TRUE,Autumn,TRUE,Good
2021-11-22,BT1,8.48,28.31,39.22,3.8,3,267,2021,11,Mon,FALSE,Autumn,TRUE,Good
2021-11-23,BT1,7.62,5,42.28,0.2,1.3,306,2021,11,Tue,FALSE,Autumn,TRUE,Good
2021-11-24,BT1,13.49,36.6,26.95,1.9,3.4,111,2021,11,Wed,FALSE,Autumn,TRUE,Moderate
2021-11-25,BT1,4.63,5,40.83,4.2,7.4,205,2021,11,Thu,FALSE,Autumn,TRUE,Good
2021-11-26,BT1,9.06,10.81,51.17,2.5,2.2,287,2021,11,Fri,FALSE,Autumn,TRUE,Good
2021-11-27,BT1,9.08,32.47,39.97,5.3,6.5,305,2021,11,Sat,TRUE,Autumn,TRUE,Good
2021-11-28,BT1,6.91,15.47,42.58,4.2,1.8,86,2021,11,Sun,TRUE,Autumn,TRUE,Good
2021-11-29,BT1,7.9,32.64,41.15,1.8,9,188,2021,11,Mon,FALSE,Autumn,TRUE,Good
2021-11-30,BT1,12.86,36.77,42.26,5.3,3.1,205,2021,11,Tue,FALSE,Autumn,TRUE,Moderate
2021-12-01,BT1,18.14,55.67,26.28,3.1,3.6,190,2021,12,Wed,FALSE,Winter,TRUE,Moderate
2021-12-02,BT1,9.76,27.66,40.27,2.8,1.6,277,2021,12,Thu,FALSE,Winter,TRUE,Good
2021-12-03,BT1,7.17,6.9,54.52,2.4,8.2,285,2021,12,Fri,FALSE,Winter,TRUE,Good
2021-12-04,BT1,8.9,19.58,40.67,0.9,2.8,89,2021,12,Sat,TRUE,Winter,TRUE,Good
2021-12-05,BT1,5.17,11.23,54.09,1.7,6.6,159,2021,12,Sun,TRUE,Winter,TRUE,Good
2021-12-06,BT1,8.41,11.06,43.52,5.1,3.4,63,2021,12,Mon,FALSE,Winter,TRUE,Good
2021-12-07,BT1,10.5,24.76,33.15,1.7,4.4,106,2021,12,Tue,FALSE,Winter,TRUE,Moderate
2021-12-08,BT1,9.4,20.59,34.63,1.4,5.7,153,2021,12,Wed,FALSE,Winter,TRUE,Good
2021-12-09,BT1,9.26,18.99,37.54,3.4,4,174,2021,12,Thu,FALSE,Winter,TRUE,Good
2021-12-10,BT1,7.17,17.65,41.07,0.9,1.9,153,2021,12,Fri,FALSE,Winter,TRUE,Good
2021-12-11,BT1,8.55,20.93,41.45,3.3,3.9,231,2021,12,Sat,TRUE,Winter,TRUE,Good
2021-12-12,BT1,5.3,5,40.28,2,2.6,149,2021,12,Sun,TRUE,Winter,TRUE,Good
2021-12-13,BT1,16.85,43.8,26.64,2.1,5.2,228,2021,12,Mon,FALSE,Winter,TRUE,Moderate
2021-12-14,BT1,13.79,32.74,31.19,4.6,3.4,130,2021,12,Tue,FALSE,Winter,TRUE,Moderate
2021-12-15,BT1,9.69,8.82,40.1,4.5,2.8,336,2021,12,Wed,FALSE,Winter,TRUE,Good
2021-12-16,BT1,8.57,43.05,39.83,3.6,2.3,192,2021,12,Thu,FALSE,Winter,TRUE,Good
2021-12-17,BT1,14.77,51.89,24.39,0.2,3.5,94,2021,12,Fri,FALSE,Winter,TRUE,Moderate
2021-12-18,BT1,8.36,12.91,36.53,1.1,7.7,52,2021,12,Sat,TRUE,Winter,TRUE,Good
2021-12-19,BT1,8.33,19.79,34.3,0.8,3.9,345,2021,12,Sun,TRUE,Winter,TRUE,Good
2021-12-20,BT1,9.29,16.95,41.34,2.4,5.2,206,2021,12,Mon,FALSE,Winter,TRUE,Good
2021-12-21,BT1,14.67,39.27,40.85,1,2.9,299,2021,12,Tue,FALSE,Winter,TRUE,Moderate
2021-12-22,BT1,9.07,25.79,44.46,5,3.4,49,2021,12,Wed,FALSE,Winter,TRUE,Good
2021-12-23,BT1,10.56,36.06,29.2,0.3,1.8,153,2021,12,Thu,FALSE,Winter,TRUE,Moderate
2021-12-24,BT1,12.69,32.78,32.63,-1.1,4.3,277,2021,12,Fri,FALSE,Winter,TRUE,Moderate
2021-12-25,BT1,14.3,38.71,34.83,0.2,2.4,337,2021,12,Sat,TRUE,Winter,TRUE,Moderate
2021-12-26,BT1,10.46,19.86,45.53,0.4,10.5,326,2021,12,Sun,TRUE,Winter,TRUE,Moderate
2021-12-27,BT1,11.69,25,40.74,1.7,2,322,2021,12,Mon,FALSE,Winter,TRUE,Moderate
2021-12-28,BT1,12.52,32.84,36.51,3.4,7.7,112,2021,12,Tue,FALSE,Winter,TRUE,Moderate
2021-12-29,BT1,14.95,50.99,43.2,2.5,5.8,252,2021,12,Wed,FALSE,Winter,TRUE,Moderate
2021-12-30,BT1,10.82,43.46,30.14,3.7,8.5,106,2021,12,Thu,FALSE,Winter,TRUE,Moderate
2021-12-31,BT1,13.05,18.64,24.55,2.4,2.9,12,2021,12,Fri,FALSE,Winter,TRUE,Moderate
2022-01-01,BT1,7.27,12.57,37.68,2,4.5,157,2022,1,Sat,TRUE,Winter,TRUE,Good
2022-01-02,BT1,7.12,15.83,45.13,-0.4,5.7,26,2022,1,Sun,TRUE,Winter,TRUE,Good
2022-01-03,BT1,7.67,15.65,37.61,-0,3.9,200,2022,1,Mon,FALSE,Winter,TRUE,Good
2022-01-04,BT1,9.89,16.75,31.33,-0.4,2.5,348,2022,1,Tue,FALSE,Winter,TRUE,Good
2022-01-05,BT1,12.47,21.14,57.69,4.6,6,197,2022,1,Wed,FALSE,Winter,TRUE,Moderate
2022-01-06,BT1,9.99,24.24,37.12,2.3,3.9,322,2022,1,Thu,FALSE,Winter,TRUE,Good
2022-01-07,BT1,6.58,17.71,27.83,-1,2.1,29,2022,1,Fri,FALSE,Winter,TRUE,Good
2022-01-08,BT1,10.87,24.79,33.73,2.6,12.2,122,2022,1,Sat,TRUE,Winter,TRUE,Moderate
2022-01-09,BT1,12.53,31.59,27.91,3.5,3.5,268,2022,1,Sun,TRUE,Winter,TRUE,Moderate
2022-01-10,BT1,5.03,11.72,35.92,4.3,3.5,22,2022,1,Mon,FALSE,Winter,TRUE,Good
2022-01-11,BT1,7.42,12.2,38.81,2.3,3,36,2022,1,Tue,FALSE,Winter,TRUE,Good
2022-01-12,BT1,14.87,29.15,30.15,2.8,5.1,196,2022,1,Wed,FALSE,Winter,TRUE,Moderate
2022-01-13,BT1,9.56,31.04,29.88,4.9,5.2,167,2022,1,Thu,FALSE,Winter,TRUE,Good
2022-01-14,BT1,12.15,36.18,35.9,0.9,1,103,2022,1,Fri,FALSE,Winter,TRUE,Moderate
2022-01-15,BT1,6.32,9.71,39.06,3.3,14.6,106,2022,1,Sat,TRUE,Winter,TRUE,Good
2022-01-16,BT1,3.47,6.3,43.99,6.7,2.3,69,2022,1,Sun,TRUE,Winter,TRUE,Good
2022-01-17,BT1,11.41,31.34,44.88,3,5.8,337,2022,1,Mon,FALSE,Winter,TRUE,Moderate
2022-01-18,BT1,8.97,17.81,31.97,0.8,4.4,134,2022,1,Tue,FALSE,Winter,TRUE,Good
2022-01-19,BT1,7.66,12.3,33.53,-0.3,5.1,249,2022,1,Wed,FALSE,Winter,TRUE,Good
2022-01-20,BT1,14.63,45.98,36.73,2.1,3.5,123,2022,1,Thu,FALSE,Winter,TRUE,Moderate
2022-01-21,BT1,11.56,18.68,39.91,3.2,5.7,129,2022,1,Fri,FALSE,Winter,TRUE,Moderate
2022-01-22,BT1,12.3,28.97,37.28,2.5,6.6,211,2022,1,Sat,TRUE,Winter,TRUE,Moderate
2022-01-23,BT1,17.38,45.52,31.3,4.2,3.7,321,2022,1,Sun,TRUE,Winter,TRUE,Moderate
2022-01-24,BT1,9.83,29.18,29.57,3,2.5,129,2022,1,Mon,FALSE,Winter,TRUE,Good
2022-01-25,BT1,9.55,25.84,37.77,3.8,4.6,98,2022,1,Tue,FALSE,Winter,TRUE,Good
2022-01-26,BT1,9.22,32.73,42.32,4.3,2.7,313,2022,1,Wed,FALSE,Winter,TRUE,Good
2022-01-27,BT1,12.5,39.89,36.71,4.3,3.6,279,2022,1,Thu,FALSE,Winter,TRUE,Moderate
2022-01-28,BT1,14.85,39.96,40.51,2.3,2,242,2022,1,Fri,FALSE,Winter,TRUE,Moderate
2022-01-29,BT1,7.79,29.99,34.77,4.5,3,319,2022,1,Sat,TRUE,Winter,TRUE,Good
2022-01-30,BT1,8,28.89,44.67,4.3,2.2,54,2022,1,Sun,TRUE,Winter,TRUE,Good
2022-01-31,BT1,10.45,23.01,46.31,3.2,2.8,231,2022,1,Mon,FALSE,Winter,TRUE,Moderate
2022-02-01,BT1,13.24,32.76,44.98,3.7,5.2,317,2022,2,Tue,FALSE,Winter,TRUE,Moderate
2022-02-02,BT1,7.5,20.52,38.24,4.3,7.9,359,2022,2,Wed,FALSE,Winter,TRUE,Good
2022-02-03,BT1,11.12,38.02,31.16,5.1,6.6,304,2022,2,Thu,FALSE,Winter,TRUE,Moderate
2022-02-04,BT1,12.45,21.77,31.68,9.6,4.3,122,2022,2,Fri,FALSE,Winter,TRUE,Moderate
2022-02-05,BT1,9.19,17.04,48.07,3.4,4.2,270,2022,2,Sat,TRUE,Winter,TRUE,Good
2022-02-06,BT1,4.97,14.43,50.64,8.7,3.4,147,2022,2,Sun,TRUE,Winter,TRUE,Good
2022-02-07,BT1,10.5,25.71,40.57,4.8,2.6,41,2022,2,Mon,FALSE,Winter,TRUE,Moderate
2022-02-08,BT1,14.91,30.59,37.14,3.9,5.3,226,2022,2,Tue,FALSE,Winter,TRUE,Moderate
2022-02-09,BT1,10.14,25.82,35.82,8.2,5,181,2022,2,Wed,FALSE,Winter,TRUE,Moderate
2022-02-10,BT1,9.93,14.51,40.97,3.1,5.6,330,2022,2,Thu,FALSE,Winter,TRUE,Good
2022-02-11,BT1,12.17,23.82,43.33,6.2,1.7,164,2022,2,Fri,FALSE,Winter,TRUE,Moderate
2022-02-12,BT1,7.64,22.47,37.77,11.3,3.2,186,2022,2,Sat,TRUE,Winter,TRUE,Good
2022-02-13,BT1,9.24,25.98,30.51,2.9,1.4,168,2022,2,Sun,TRUE,Winter,TRUE,Good
2022-02-14,BT1,14.34,42.22,28.48,3.1,10.8,196,2022,2,Mon,FALSE,Winter,TRUE,Moderate
2022-02-15,BT1,7.94,10.2,41.84,4.1,6.1,317,2022,2,Tue,FALSE,Winter,TRUE,Good
2022-02-16,BT1,13.29,26.22,51.79,7.3,6.1,217,2022,2,Wed,FALSE,Winter,TRUE,Moderate
2022-02-17,BT1,9.27,10.13,42.55,3,4.8,52,2022,2,Thu,FALSE,Winter,TRUE,Good
2022-02-18,BT1,12.4,30.32,24.41,7,1.1,296,2022,2,Fri,FALSE,Winter,TRUE,Moderate
2022-02-19,BT1,6.51,12.49,40.05,5.2,4.1,61,2022,2,Sat,TRUE,Winter,TRUE,Good
2022-02-20,BT1,8.05,22.06,36.9,4.5,5.8,10,2022,2,Sun,TRUE,Winter,TRUE,Good
2022-02-21,BT1,7.77,22.63,39.93,7.7,5.1,182,2022,2,Mon,FALSE,Winter,TRUE,Good
2022-02-22,BT1,9.19,29.63,37.58,8.7,13,43,2022,2,Tue,FALSE,Winter,TRUE,Good
2022-02-23,BT1,13.19,29.09,43.2,8.3,4.6,148,2022,2,Wed,FALSE,Winter,TRUE,Moderate
2022-02-24,BT1,11.29,20.27,39.71,4.8,5.8,222,2022,2,Thu,FALSE,Winter,TRUE,Moderate
2022-02-25,BT1,14.43,40.73,25.86,7.9,7.3,220,2022,2,Fri,FALSE,Winter,TRUE,Moderate
2022-02-26,BT1,8.01,11.83,54.31,7.4,4,139,2022,2,Sat,TRUE,Winter,TRUE,Good
2022-02-27,BT1,6.44,5,51.8,3,6.7,64,2022,2,Sun,TRUE,Winter,TRUE,Good
2022-02-28,BT1,6.59,16.15,50.84,5.6,1.9,213,2022,2,Mon,FALSE,Winter,TRUE,Good
2022-03-01,BT1,8.08,12.94,42.41,6.1,3.1,47,2022,3,Tue,FALSE,Spring,TRUE,Good
2022-03-02,BT1,10.55,23.85,42.65,5.5,1.9,35,2022,3,Wed,FALSE,Spring,TRUE,Moderate
2022-03-03,BT1,10.24,34.43,39.09,5.4,6.9,339,2022,3,Thu,FALSE,Spring,TRUE,Moderate
2022-03-04,BT1,7.47,5,38.89,6.8,7.4,108,2022,3,Fri,FALSE,Spring,TRUE,Good
2022-03-05,BT1,10.46,18.47,42.02,8.9,1.4,25,2022,3,Sat,TRUE,Spring,TRUE,Moderate
2022-03-06,BT1,2.02,5,46.23,7,5.4,67,2022,3,Sun,TRUE,Spring,TRUE,Good
2022-03-07,BT1,9.3,24.52,48.38,5.3,3.5,75,2022,3,Mon,FALSE,Spring,TRUE,Good
2022-03-08,BT1,6.16,7.48,50.6,6.8,8,123,2022,3,Tue,FALSE,Spring,TRUE,Good
2022-03-09,BT1,12.29,38.95,32.23,9.2,5.8,17,2022,3,Wed,FALSE,Spring,TRUE,Moderate
2022-03-10,BT1,7.87,12.96,50.51,7.2,2.5,26,2022,3,Thu,FALSE,Spring,TRUE,Good
2022-03-11,BT1,2.65,5,54.17,9.5,3.4,138,2022,3,Fri,FALSE,Spring,TRUE,Good
2022-03-12,BT1,4.72,11.46,37,11.7,3.2,0,2022,3,Sat,TRUE,Spring,TRUE,Good
2022-03-13,BT1,7.21,18.82,41.56,5.7,3.5,309,2022,3,Sun,TRUE,Spring,TRUE,Good
2022-03-14,BT1,13.35,23.05,34,13,4.2,288,2022,3,Mon,FALSE,Spring,TRUE,Moderate
2022-03-15,BT1,9.83,32.72,37.93,7.5,2.2,45,2022,3,Tue,FALSE,Spring,TRUE,Good
2022-03-16,BT1,11.3,21.23,29.36,12,6,224,2022,3,Wed,FALSE,Spring,TRUE,Moderate
2022-03-17,BT1,9.46,19.03,44.01,10.9,6.8,41,2022,3,Thu,FALSE,Spring,TRUE,Good
2022-03-18,BT1,5.33,7.71,37.4,8.1,5.3,214,2022,3,Fri,FALSE,Spring,TRUE,Good
2022-03-19,BT1,6.72,16.89,39.65,9.4,16.3,76,2022,3,Sat,TRUE,Spring,TRUE,Good
2022-03-20,BT1,5.82,8.66,34.3,11.3,4.5,142,2022,3,Sun,TRUE,Spring,TRUE,Good
2022-03-21,BT1,5.22,39.18,26.48,9,3.8,314,2022,3,Mon,FALSE,Spring,TRUE,Good
2022-03-22,BT1,10.25,25.29,40.95,11,1.9,4,2022,3,Tue,FALSE,Spring,TRUE,Moderate
2022-03-23,BT1,12.22,23.71,50.69,12.1,7.6,302,2022,3,Wed,FALSE,Spring,TRUE,Moderate
2022-03-24,BT1,4.9,13.81,41.82,10.7,3.3,317,2022,3,Thu,FALSE,Spring,TRUE,Good
2022-03-25,BT1,10.51,24.73,35.59,12.7,14.5,99,2022,3,Fri,FALSE,Spring,TRUE,Moderate
2022-03-26,BT1,9.24,5,41.27,12,2.3,39,2022,3,Sat,TRUE,Spring,TRUE,Good
2022-03-27,BT1,5.93,9.72,44.11,11.1,8.5,93,2022,3,Sun,TRUE,Spring,TRUE,Good
2022-03-28,BT1,3.79,6.09,41.74,10.5,9.9,117,2022,3,Mon,FALSE,Spring,TRUE,Good
2022-03-29,BT1,1,5,47.71,9.3,4,184,2022,3,Tue,FALSE,Spring,TRUE,Good
2022-03-30,BT1,7.77,27.52,30.41,9.3,4.3,189,2022,3,Wed,FALSE,Spring,TRUE,Good
2022-03-31,BT1,4.15,5.39,35.29,12.3,3.9,52,2022,3,Thu,FALSE,Spring,TRUE,Good
2022-04-01,BT1,7.56,5,35.12,11.9,5.2,14,2022,4,Fri,FALSE,Spring,TRUE,Good
2022-04-02,BT1,5.47,14.14,41.12,10.8,1.7,198,2022,4,Sat,TRUE,Spring,TRUE,Good
2022-04-03,BT1,12.07,22.25,34.04,11.1,2.4,21,2022,4,Sun,TRUE,Spring,TRUE,Moderate
2022-04-04,BT1,4.21,8.9,35.88,11,7,30,2022,4,Mon,FALSE,Spring,TRUE,Good
2022-04-05,BT1,5.45,7.45,52.64,11.7,4,223,2022,4,Tue,FALSE,Spring,TRUE,Good
2022-04-06,BT1,6.88,20.7,34.75,11.8,5.4,91,2022,4,Wed,FALSE,Spring,TRUE,Good
2022-04-07,BT1,2.21,9.8,36.93,11.7,2.5,290,2022,4,Thu,FALSE,Spring,TRUE,Good
2022-04-08,BT1,9.95,15.22,37.57,16.9,6.8,232,2022,4,Fri,FALSE,Spring,TRUE,Good
2022-04-09,BT1,3.8,5,51.58,10,14.3,38,2022,4,Sat,TRUE,Spring,TRUE,Good
2022-04-10,BT1,6.39,5,49.25,15.6,4,275,2022,4,Sun,TRUE,Spring,TRUE,Good
2022-04-11,BT1,6.32,16.68,48.95,15.7,3.7,220,2022,4,Mon,FALSE,Spring,TRUE,Good
2022-04-12,BT1,6.13,9.42,44.78,11,6.5,306,2022,4,Tue,FALSE,Spring,TRUE,Good
2022-04-13,BT1,7.5,18.78,44.02,12.7,2.8,250,2022,4,Wed,FALSE,Spring,TRUE,Good
2022-04-14,BT1,4.34,9.51,47.4,12.4,5.6,195,2022,4,Thu,FALSE,Spring,TRUE,Good
2022-04-15,BT1,7.64,28.24,30.77,12,2.5,23,2022,4,Fri,FALSE,Spring,TRUE,Good
2022-04-16,BT1,4.04,13.62,57.75,11.4,3,281,2022,4,Sat,TRUE,Spring,TRUE,Good
2022-04-17,BT1,6.64,12.66,39.5,13.2,5.2,163,2022,4,Sun,TRUE,Spring,TRUE,Good
2022-04-18,BT1,5.89,5,45.16,15.5,5.1,201,2022,4,Mon,FALSE,Spring,TRUE,Good
2022-04-19,BT1,5.98,13.34,45.92,14.6,3.7,303,2022,4,Tue,FALSE,Spring,TRUE,Good
2022-04-20,BT1,5.58,12.56,40.39,11.5,3,168,2022,4,Wed,FALSE,Spring,TRUE,Good
2022-04-21,BT1,7.08,9.6,44.1,14.6,6.6,172,2022,4,Thu,FALSE,Spring,TRUE,Good
2022-04-22,BT1,1.12,5,52.6,15.3,3.1,37,2022,4,Fri,FALSE,Spring,TRUE,Good
2022-04-23,BT1,2.82,5,38.66,15.6,2.6,119,2022,4,Sat,TRUE,Spring,TRUE,Good
2022-04-24,BT1,6.91,17,32.64,14.3,2.8,318,2022,4,Sun,TRUE,Spring,TRUE,Good
2022-04-25,BT1,7.57,15.32,38.09,14.7,4.2,39,2022,4,Mon,FALSE,Spring,TRUE,Good
2022-04-26,BT1,1,5,39.85,15,4.2,297,2022,4,Tue,FALSE,Spring,TRUE,Good
2022-04-27,BT1,7.95,11.51,35.39,15.7,5,313,2022,4,Wed,FALSE,Spring,TRUE,Good
2022-04-28,BT1,8.62,5.94,40.93,15.5,3.8,267,2022,4,Thu,FALSE,Spring,TRUE,Good
2022-04-29,BT1,6.32,8.82,45.21,14.1,4.2,357,2022,4,Fri,FALSE,Spring,TRUE,Good
2022-04-30,BT1,1,11.8,43.57,15.8,6.5,102,2022,4,Sat,TRUE,Spring,TRUE,Good
2022-05-01,BT1,1.14,5,35.85,17.5,7.1,231,2022,5,Sun,TRUE,Spring,TRUE,Good
2022-05-02,BT1,1,5,41.4,16.8,2.9,28,2022,5,Mon,FALSE,Spring,TRUE,Good
2022-05-03,BT1,1.3,5,47.53,16,3.2,244,2022,5,Tue,FALSE,Spring,TRUE,Good
2022-05-04,BT1,9.34,12.83,33.74,17.7,4.9,103,2022,5,Wed,FALSE,Spring,TRUE,Good
2022-05-05,BT1,9.58,21.65,41.18,20.2,2.5,73,2022,5,Thu,FALSE,Spring,TRUE,Good
2022-05-06,BT1,9.94,29.25,30.23,14.7,7.1,228,2022,5,Fri,FALSE,Spring,TRUE,Good
2022-05-07,BT1,3.68,5,29.51,13.2,3.1,102,2022,5,Sat,TRUE,Spring,TRUE,Good
2022-05-08,BT1,4.25,18.41,38.77,15.5,8.7,313,2022,5,Sun,TRUE,Spring,TRUE,Good
2022-05-09,BT1,10.71,30.02,35.28,15.6,2.6,176,2022,5,Mon,FALSE,Spring,TRUE,Moderate
2022-05-10,BT1,2.33,5,44.24,16.7,3.4,312,2022,5,Tue,FALSE,Spring,TRUE,Good
2022-05-11,BT1,4.58,6.75,37.32,17,1.8,252,2022,5,Wed,FALSE,Spring,TRUE,Good
2022-05-12,BT1,6.57,17.97,41.94,17.8,3.4,136,2022,5,Thu,FALSE,Spring,TRUE,Good
2022-05-13,BT1,6.71,29.49,36.44,18.4,3.8,332,2022,5,Fri,FALSE,Spring,TRUE,Good
2022-05-14,BT1,1.79,9.23,31.4,18.6,5.6,219,2022,5,Sat,TRUE,Spring,TRUE,Good
2022-05-15,BT1,1,5,44.03,16.2,3.9,276,2022,5,Sun,TRUE,Spring,TRUE,Good
2022-05-16,BT1,4.47,19.39,41.16,13.8,4.3,334,2022,5,Mon,FALSE,Spring,TRUE,Good
2022-05-17,BT1,7.68,27.36,37.55,15.5,3.4,335,2022,5,Tue,FALSE,Spring,TRUE,Good
2022-05-18,BT1,3.36,5,37.64,14,3.8,201,2022,5,Wed,FALSE,Spring,TRUE,Good
2022-05-19,BT1,2.9,9.68,52.16,14.8,3.9,45,2022,5,Thu,FALSE,Spring,TRUE,Good
2022-05-20,BT1,3.08,5,52.91,13.5,1.6,39,2022,5,Fri,FALSE,Spring,TRUE,Good
2022-05-21,BT1,1,5,41.69,15.7,6.2,162,2022,5,Sat,TRUE,Spring,TRUE,Good
2022-05-22,BT1,1.12,5,45.62,15.9,5.5,72,2022,5,Sun,TRUE,Spring,TRUE,Good
2022-05-23,BT1,3.85,5,49.14,20.6,9.4,358,2022,5,Mon,FALSE,Spring,TRUE,Good
2022-05-24,BT1,1.06,14.72,37.87,19.9,2.5,325,2022,5,Tue,FALSE,Spring,TRUE,Good
2022-05-25,BT1,4.67,13.74,39.51,17.4,2.9,209,2022,5,Wed,FALSE,Spring,TRUE,Good
2022-05-26,BT1,4.2,5,29.68,17.2,4.5,145,2022,5,Thu,FALSE,Spring,TRUE,Good
2022-05-27,BT1,9.59,22.92,40.05,18.6,7.4,266,2022,5,Fri,FALSE,Spring,TRUE,Good
2022-05-28,BT1,2.71,8.64,46.18,18.8,0.9,238,2022,5,Sat,TRUE,Spring,TRUE,Good
2022-05-29,BT1,9.4,17.28,48.52,17.4,9.3,55,2022,5,Sun,TRUE,Spring,TRUE,Good
2022-05-30,BT1,2.76,5,38.01,17.1,2.9,279,2022,5,Mon,FALSE,Spring,TRUE,Good
2022-05-31,BT1,3.46,10.17,27.94,19.6,4.9,191,2022,5,Tue,FALSE,Spring,TRUE,Good
2022-06-01,BT1,7.09,31.4,38.96,17.6,6.3,64,2022,6,Wed,FALSE,Summer,TRUE,Good
2022-06-02,BT1,4.85,10.34,48.27,18.4,4.8,134,2022,6,Thu,FALSE,Summer,TRUE,Good
2022-06-03,BT1,3.58,13.57,43.74,19.1,1.7,306,2022,6,Fri,FALSE,Summer,TRUE,Good
2022-06-04,BT1,1,5,42.86,16.3,6.7,125,2022,6,Sat,TRUE,Summer,TRUE,Good
2022-06-05,BT1,1,5,44.56,17.1,4.6,346,2022,6,Sun,TRUE,Summer,TRUE,Good
2022-06-06,BT1,6.48,11.02,30.01,16,4.2,237,2022,6,Mon,FALSE,Summer,TRUE,Good
2022-06-07,BT1,1,5,41.11,18,2.5,121,2022,6,Tue,FALSE,Summer,TRUE,Good
2022-06-08,BT1,6.28,18.52,36.98,20.4,6.2,179,2022,6,Wed,FALSE,Summer,TRUE,Good
2022-06-09,BT1,3.65,5,44.5,17.2,3.6,173,2022,6,Thu,FALSE,Summer,TRUE,Good
2022-06-10,BT1,1,5,37.47,17.7,1.4,155,2022,6,Fri,FALSE,Summer,TRUE,Good
2022-06-11,BT1,1,5,50.67,16,1.9,161,2022,6,Sat,TRUE,Summer,TRUE,Good
2022-06-12,BT1,5.6,7.61,40.93,13.7,1.8,67,2022,6,Sun,TRUE,Summer,TRUE,Good
2022-06-13,BT1,2,5,40.6,18.7,3.9,116,2022,6,Mon,FALSE,Summer,TRUE,Good
2022-06-14,BT1,1.57,5,40.28,16.3,5.6,88,2022,6,Tue,FALSE,Summer,TRUE,Good
2022-06-15,BT1,1,5.93,38.25,18.5,16.3,31,2022,6,Wed,FALSE,Summer,TRUE,Good
2022-06-16,BT1,1,5,45.04,19.2,3.1,162,2022,6,Thu,FALSE,Summer,TRUE,Good
2022-06-17,BT1,1,19.15,42.05,18.2,6.1,213,2022,6,Fri,FALSE,Summer,TRUE,Good
2022-06-18,BT1,1.64,5,47.19,18.6,8.5,271,2022,6,Sat,TRUE,Summer,TRUE,Good
2022-06-19,BT1,1,5,43.64,21.2,5.1,60,2022,6,Sun,TRUE,Summer,TRUE,Good
2022-06-20,BT1,1,5,52.16,20.3,3.6,163,2022,6,Mon,FALSE,Summer,TRUE,Good
2022-06-21,BT1,1.27,5,33.17,18.2,4.9,335,2022,6,Tue,FALSE,Summer,TRUE,Good
2022-06-22,BT1,1,5,41.63,21.5,3,178,2022,6,Wed,FALSE,Summer,TRUE,Good
2022-06-23,BT1,1,7.55,49.11,16.2,3.2,22,2022,6,Thu,FALSE,Summer,TRUE,Good
2022-06-24,BT1,1,5,37.76,17.7,4.9,234,2022,6,Fri,FALSE,Summer,TRUE,Good
2022-06-25,BT1,1,5,44.29,20.4,5.7,177,2022,6,Sat,TRUE,Summer,TRUE,Good
2022-06-26,BT1,1,5,32.84,19,3.4,74,2022,6,Sun,TRUE,Summer,TRUE,Good
2022-06-27,BT1,1,5,42.15,17.8,1.6,143,2022,6,Mon,FALSE,Summer,TRUE,Good
2022-06-28,BT1,5.39,5,43.94,20.5,4.3,169,2022,6,Tue,FALSE,Summer,TRUE,Good
2022-06-29,BT1,1,5,38.16,17,2.3,171,2022,6,Wed,FALSE,Summer,TRUE,Good
2022-06-30,BT1,4.51,5,41.73,17.4,4.4,283,2022,6,Thu,FALSE,Summer,TRUE,Good
2022-07-01,BT1,4.94,8.88,46.74,15.5,3.2,158,2022,7,Fri,FALSE,Summer,TRUE,Good
2022-07-02,BT1,1,5,42.09,16.1,2.2,260,2022,7,Sat,TRUE,Summer,TRUE,Good
2022-07-03,BT1,1,5,38.46,20.3,3.7,290,2022,7,Sun,TRUE,Summer,TRUE,Good
2022-07-04,BT1,6.48,10.24,42.94,18.6,5.1,73,2022,7,Mon,FALSE,Summer,TRUE,Good
2022-07-05,BT1,1,5,40.08,19.4,4.2,5,2022,7,Tue,FALSE,Summer,TRUE,Good
2022-07-06,BT1,1,5,37.03,16.2,7.2,184,2022,7,Wed,FALSE,Summer,TRUE,Good
2022-07-07,BT1,1.28,8.47,41.62,15.3,8.9,335,2022,7,Thu,FALSE,Summer,TRUE,Good
2022-07-08,BT1,3.41,12.37,47.91,17.7,4.4,23,2022,7,Fri,FALSE,Summer,TRUE,Good
2022-07-09,BT1,1,5,35.51,19.3,2.8,278,2022,7,Sat,TRUE,Summer,TRUE,Good
2022-07-10,BT1,2.79,5,44.67,17.2,7.6,179,2022,7,Sun,TRUE,Summer,TRUE,Good
2022-07-11,BT1,1,5,47.75,13.4,7.3,243,2022,7,Mon,FALSE,Summer,TRUE,Good
2022-07-12,BT1,1,5,45.68,16.5,6.7,92,2022,7,Tue,FALSE,Summer,TRUE,Good
2022-07-13,BT1,1,5,34.93,18.1,5.4,88,2022,7,Wed,FALSE,Summer,TRUE,Good
2022-07-14,BT1,4.03,6.85,43.76,13.9,2.8,354,2022,7,Thu,FALSE,Summer,TRUE,Good
2022-07-15,BT1,5.14,5,39.26,18.7,3.4,138,2022,7,Fri,FALSE,Summer,TRUE,Good
2022-07-16,BT1,1,5,41.22,15.4,7.2,48,2022,7,Sat,TRUE,Summer,TRUE,Good
2022-07-17,BT1,2.69,5.48,47.43,18.3,6.3,14,2022,7,Sun,TRUE,Summer,TRUE,Good
2022-07-18,BT1,1,7.09,46.67,13.9,2.2,203,2022,7,Mon,FALSE,Summer,TRUE,Good
2022-07-19,BT1,1.01,10.39,54.17,18.1,2,116,2022,7,Tue,FALSE,Summer,TRUE,Good
2022-07-20,BT1,1,5,43.61,17.8,4.8,66,2022,7,Wed,FALSE,Summer,TRUE,Good
2022-07-21,BT1,1,5,37.75,17.5,9.8,88,2022,7,Thu,FALSE,Summer,TRUE,Good
2022-07-22,BT1,1,5,44.67,17.4,7.1,262,2022,7,Fri,FALSE,Summer,TRUE,Good
2022-07-23,BT1,1,5,30.64,19.1,3.7,265,2022,7,Sat,TRUE,Summer,TRUE,Good
2022-07-24,BT1,1,5,48.19,16.8,2.8,120,2022,7,Sun,TRUE,Summer,TRUE,Good
2022-07-25,BT1,1.39,7.1,35.72,14.2,3.2,191,2022,7,Mon,FALSE,Summer,TRUE,Good
2022-07-26,BT1,3.65,21.18,36.48,15.8,3.2,296,2022,7,Tue,FALSE,Summer,TRUE,Good
2022-07-27,BT1,2.67,5,45.36,17.8,1.9,328,2022,7,Wed,FALSE,Summer,TRUE,Good
2022-07-28,BT1,3.67,14.03,39.54,16.4,4.6,40,2022,7,Thu,FALSE,Summer,TRUE,Good
2022-07-29,BT1,1,5,43.13,15.5,6.8,338,2022,7,Fri,FALSE,Summer,TRUE,Good
2022-07-30,BT1,1,5,45.01,19.8,3.1,74,2022,7,Sat,TRUE,Summer,TRUE,Good
2022-07-31,BT1,1,5,40.65,19.7,2.3,105,2022,7,Sun,TRUE,Summer,TRUE,Good
2022-08-01,BT1,3.81,5,32.98,12.4,4.1,203,2022,8,Mon,FALSE,Summer,TRUE,Good
2022-08-02,BT1,4.37,5,40.26,17.3,2.2,172,2022,8,Tue,FALSE,Summer,TRUE,Good
2022-08-03,BT1,1.78,5,55.47,13.9,7.1,62,2022,8,Wed,FALSE,Summer,TRUE,Good
2022-08-04,BT1,1.27,12.22,40.14,13.9,6.4,113,2022,8,Thu,FALSE,Summer,TRUE,Good
2022-08-05,BT1,3.44,17.83,40.5,10.3,4.4,167,2022,8,Fri,FALSE,Summer,TRUE,Good
2022-08-06,BT1,1,5.27,49.15,14.7,2.4,56,2022,8,Sat,TRUE,Summer,TRUE,Good
2022-08-07,BT1,1,5,40.71,18.6,4.8,145,2022,8,Sun,TRUE,Summer,TRUE,Good
2022-08-08,BT1,2.12,5,44.08,16.2,2.8,211,2022,8,Mon,FALSE,Summer,TRUE,Good
2022-08-09,BT1,1,5,32.06,12.9,10,85,2022,8,Tue,FALSE,Summer,TRUE,Good
2022-08-10,BT1,1,5,41.82,15.4,6.7,205,2022,8,Wed,FALSE,Summer,TRUE,Good
2022-08-11,BT1,5.58,14.19,47.08,15.1,4.2,85,2022,8,Thu,FALSE,Summer,TRUE,Good
2022-08-12,BT1,1.57,5,35.71,11.8,4.1,22,2022,8,Fri,FALSE,Summer,TRUE,Good
2022-08-13,BT1,1,5,45.11,12.9,5,349,2022,8,Sat,TRUE,Summer,TRUE,Good
2022-08-14,BT1,5.9,5,35.29,14.6,4.6,198,2022,8,Sun,TRUE,Summer,TRUE,Good
2022-08-15,BT1,1.92,5,34.97,17.5,4.5,19,2022,8,Mon,FALSE,Summer,TRUE,Good
2022-08-16,BT1,4.8,15.79,35.25,12,4.8,142,2022,8,Tue,FALSE,Summer,TRUE,Good
2022-08-17,BT1,1.44,13.9,39.02,10.5,4,331,2022,8,Wed,FALSE,Summer,TRUE,Good
2022-08-18,BT1,1,5,30.06,15.7,3.8,47,2022,8,Thu,FALSE,Summer,TRUE,Good
2022-08-19,BT1,2.53,6,36.27,10.4,10.1,286,2022,8,Fri,FALSE,Summer,TRUE,Good
2022-08-20,BT1,1.72,7.22,41.02,15.3,7.1,163,2022,8,Sat,TRUE,Summer,TRUE,Good
2022-08-21,BT1,4.3,12.61,47.42,15.1,2.6,355,2022,8,Sun,TRUE,Summer,TRUE,Good
2022-08-22,BT1,6.81,5,42.86,12.3,1.4,285,2022,8,Mon,FALSE,Summer,TRUE,Good
2022-08-23,BT1,1,5,42.28,14.9,3,293,2022,8,Tue,FALSE,Summer,TRUE,Good
2022-08-24,BT1,2.24,5,40.14,12.2,2.7,143,2022,8,Wed,FALSE,Summer,TRUE,Good
2022-08-25,BT1,1,5,43.12,14.3,2.6,2,2022,8,Thu,FALSE,Summer,TRUE,Good
2022-08-26,BT1,1,5,46.25,11.9,13.2,7,2022,8,Fri,FALSE,Summer,TRUE,Good
2022-08-27,BT1,1,5,43.09,12.5,6.3,88,2022,8,Sat,TRUE,Summer,TRUE,Good
2022-08-28,BT1,1,5,37.47,11.6,5.5,355,2022,8,Sun,TRUE,Summer,TRUE,Good
2022-08-29,BT1,1.34,5,45.71,11.9,4,231,2022,8,Mon,FALSE,Summer,TRUE,Good
2022-08-30,BT1,5.29,14.29,42.22,15.4,10.9,118,2022,8,Tue,FALSE,Summer,TRUE,Good
2022-08-31,BT1,1,5,43.96,13.8,4.5,265,2022,8,Wed,FALSE,Summer,TRUE,Good
2022-09-01,BT1,6.1,12.62,52.05,13.8,8.8,155,2022,9,Thu,FALSE,Autumn,TRUE,Good
2022-09-02,BT1,1,5,44.39,13.3,3.1,297,2022,9,Fri,FALSE,Autumn,TRUE,Good
2022-09-03,BT1,2.59,7.67,34.86,11.1,1.8,337,2022,9,Sat,TRUE,Autumn,TRUE,Good
2022-09-04,BT1,3.54,5,43.82,13,2.5,311,2022,9,Sun,TRUE,Autumn,TRUE,Good
2022-09-05,BT1,1,10.94,38.29,12.9,3.8,43,2022,9,Mon,FALSE,Autumn,TRUE,Good
2022-09-06,BT1,2.04,5,51.62,10.4,2.7,249,2022,9,Tue,FALSE,Autumn,TRUE,Good
2022-09-07,BT1,1,8.63,34.96,13,4.9,61,2022,9,Wed,FALSE,Autumn,TRUE,Good
2022-09-08,BT1,1,5,52.7,13.9,4.9,174,2022,9,Thu,FALSE,Autumn,TRUE,Good
2022-09-09,BT1,2.14,5,41.87,13.2,2.6,322,2022,9,Fri,FALSE,Autumn,TRUE,Good
2022-09-10,BT1,5.9,19.96,43.88,11.6,4.4,224,2022,9,Sat,TRUE,Autumn,TRUE,Good
2022-09-11,BT1,1,5,47.22,10.9,4.4,261,2022,9,Sun,TRUE,Autumn,TRUE,Good
2022-09-12,BT1,5.12,14.27,49.45,9.9,2.4,312,2022,9,Mon,FALSE,Autumn,TRUE,Good
2022-09-13,BT1,2.25,5,41.66,10.2,10.2,78,2022,9,Tue,FALSE,Autumn,TRUE,Good
2022-09-14,BT1,1.16,8.12,40.26,13.3,3.8,160,2022,9,Wed,FALSE,Autumn,TRUE,Good
2022-09-15,BT1,5.23,8.09,44.06,10.5,2.7,22,2022,9,Thu,FALSE,Autumn,TRUE,Good
2022-09-16,BT1,5.23,5,37.26,14.5,5.2,108,2022,9,Fri,FALSE,Autumn,TRUE,Good
2022-09-17,BT1,3.49,8.43,47.95,8.5,1.7,55,2022,9,Sat,TRUE,Autumn,TRUE,Good
2022-09-18,BT1,1.74,5,31.76,11,9.3,33,2022,9,Sun,TRUE,Autumn,TRUE,Good
2022-09-19,BT1,3.57,5,48.15,12.7,7.2,79,2022,9,Mon,FALSE,Autumn,TRUE,Good
2022-09-20,BT1,1,5,44.46,8.6,2.3,315,2022,9,Tue,FALSE,Autumn,TRUE,Good
2022-09-21,BT1,1,5,41.03,14,4,111,2022,9,Wed,FALSE,Autumn,TRUE,Good
2022-09-22,BT1,2.89,17.07,46.98,11.1,14,60,2022,9,Thu,FALSE,Autumn,TRUE,Good
2022-09-23,BT1,1.68,5,35.47,5.5,6.3,65,2022,9,Fri,FALSE,Autumn,TRUE,Good
2022-09-24,BT1,1.07,5,36.63,10.1,1.5,97,2022,9,Sat,TRUE,Autumn,TRUE,Good
2022-09-25,BT1,3.59,10.33,46.4,7,3.7,158,2022,9,Sun,TRUE,Autumn,TRUE,Good
2022-09-26,BT1,4.23,8.3,40.74,9.2,2.7,170,2022,9,Mon,FALSE,Autumn,TRUE,Good
2022-09-27,BT1,2.66,5,38.3,9.5,3.7,68,2022,9,Tue,FALSE,Autumn,TRUE,Good
2022-09-28,BT1,4.54,10.75,35.39,4.8,4.3,41,2022,9,Wed,FALSE,Autumn,TRUE,Good
2022-09-29,BT1,4.63,7.97,52.5,10.6,5.5,283,2022,9,Thu,FALSE,Autumn,TRUE,Good
2022-09-30,BT1,7.48,12.05,44.85,2.6,6.7,332,2022,9,Fri,FALSE,Autumn,TRUE,Good
2022-10-01,BT1,6.62,17.19,22.99,10.5,6.7,110,2022,10,Sat,TRUE,Autumn,TRUE,Good
2022-10-02,BT1,1.7,5,45.92,10.2,3.6,289,2022,10,Sun,TRUE,Autumn,TRUE,Good
2022-10-03,BT1,8.33,27.28,32.84,10.3,2.7,73,2022,10,Mon,FALSE,Autumn,TRUE,Good
2022-10-04,BT1,8.89,5,40.68,8.8,6.6,168,2022,10,Tue,FALSE,Autumn,TRUE,Good
2022-10-05,BT1,1,5,35.01,7.4,8.7,32,2022,10,Wed,FALSE,Autumn,TRUE,Good
2022-10-06,BT1,1,5,53.11,6,3.3,182,2022,10,Thu,FALSE,Autumn,TRUE,Good
2022-10-07,BT1,4.03,5,49.06,11,5.1,54,2022,10,Fri,FALSE,Autumn,TRUE,Good
2022-10-08,BT1,1.09,5,51.63,6.4,4.6,144,2022,10,Sat,TRUE,Autumn,TRUE,Good
2022-10-09,BT1,1.9,5.47,41.78,9.9,5,137,2022,10,Sun,TRUE,Autumn,TRUE,Good
2022-10-10,BT1,6.9,17.4,38.5,2.5,4.2,53,2022,10,Mon,FALSE,Autumn,TRUE,Good
2022-10-11,BT1,2.03,5,37.48,6.5,1.7,114,2022,10,Tue,FALSE,Autumn,TRUE,Good
2022-10-12,BT1,4.77,6.66,57.18,7,3.2,152,2022,10,Wed,FALSE,Autumn,TRUE,Good
2022-10-13,BT1,2.86,5,49.59,12.7,3.1,221,2022,10,Thu,FALSE,Autumn,TRUE,Good
2022-10-14,BT1,2.98,7.35,44.12,5.3,2.9,194,2022,10,Fri,FALSE,Autumn,TRUE,Good
2022-10-15,BT1,5.58,5,38.81,7.3,2.9,53,2022,10,Sat,TRUE,Autumn,TRUE,Good
2022-10-16,BT1,3,5,50.24,7.4,4.3,312,2022,10,Sun,TRUE,Autumn,TRUE,Good
2022-10-17,BT1,4.13,7.18,39.43,8.7,5.3,115,2022,10,Mon,FALSE,Autumn,TRUE,Good
2022-10-18,BT1,7.37,20.33,34.17,6.8,5.7,219,2022,10,Tue,FALSE,Autumn,TRUE,Good
2022-10-19,BT1,8.07,6.1,51.33,6.2,3,284,2022,10,Wed,FALSE,Autumn,TRUE,Good
2022-10-20,BT1,1,5,39.01,3.7,5.4,4,2022,10,Thu,FALSE,Autumn,TRUE,Good
2022-10-21,BT1,9.51,25.64,36.42,5.7,5.7,325,2022,10,Fri,FALSE,Autumn,TRUE,Good
2022-10-22,BT1,3.42,5,56.19,3.2,1.9,188,2022,10,Sat,TRUE,Autumn,TRUE,Good
2022-10-23,BT1,8.51,15.51,41.19,8,15.8,98,2022,10,Sun,TRUE,Autumn,TRUE,Good
2022-10-24,BT1,7.63,10.87,38.09,7.2,1.2,75,2022,10,Mon,FALSE,Autumn,TRUE,Good
2022-10-25,BT1,1,5,40.84,7.1,4,215,2022,10,Tue,FALSE,Autumn,TRUE,Good
2022-10-26,BT1,1.42,5,37.9,5.4,4.1,41,2022,10,Wed,FALSE,Autumn,TRUE,Good
2022-10-27,BT1,1,5,41.39,6.6,3.3,267,2022,10,Thu,FALSE,Autumn,TRUE,Good
2022-10-28,BT1,7.32,5.26,37.63,3.6,6.2,75,2022,10,Fri,FALSE,Autumn,TRUE,Good
2022-10-29,BT1,6.44,11.16,49.9,2.4,1.8,359,2022,10,Sat,TRUE,Autumn,TRUE,Good
2022-10-30,BT1,6.22,8.98,45.16,3.8,3.4,92,2022,10,Sun,TRUE,Autumn,TRUE,Good
2022-10-31,BT1,6.11,5,37.17,3.4,6.2,197,2022,10,Mon,FALSE,Autumn,TRUE,Good
2022-11-01,BT1,9.05,14.3,41.71,7.7,12.2,76,2022,11,Tue,FALSE,Autumn,TRUE,Good
2022-11-02,BT1,1,5,35.17,3.2,7.6,16,2022,11,Wed,FALSE,Autumn,TRUE,Good
2022-11-03,BT1,8.83,24.64,37.63,2.2,3.8,42,2022,11,Thu,FALSE,Autumn,TRUE,Good
2022-11-04,BT1,5.29,8.25,37.37,6.6,2.8,191,2022,11,Fri,FALSE,Autumn,TRUE,Good
2022-11-05,BT1,6.08,5,45.57,1.4,2,282,2022,11,Sat,TRUE,Autumn,TRUE,Good
2022-11-06,BT1,8.43,21.22,47.99,4.9,3.7,217,2022,11,Sun,TRUE,Autumn,TRUE,Good
2022-11-07,BT1,8.37,24.48,30.53,8.5,5.1,353,2022,11,Mon,FALSE,Autumn,TRUE,Good
2022-11-08,BT1,11.13,21.49,36.68,3.1,5.7,178,2022,11,Tue,FALSE,Autumn,TRUE,Moderate
2022-11-09,BT1,12.4,20.08,42.54,6.8,6.1,12,2022,11,Wed,FALSE,Autumn,TRUE,Moderate
2022-11-10,BT1,9.4,25.83,37.17,5,4.9,117,2022,11,Thu,FALSE,Autumn,TRUE,Good
2022-11-11,BT1,8.01,8.23,44.44,5.8,4.7,108,2022,11,Fri,FALSE,Autumn,TRUE,Good
2022-11-12,BT1,5.13,11.65,40.55,3.4,5.4,96,2022,11,Sat,TRUE,Autumn,TRUE,Good
2022-11-13,BT1,8.26,9.97,45.77,4.2,2.8,238,2022,11,Sun,TRUE,Autumn,TRUE,Good
2022-11-14,BT1,10.65,24.79,36.58,3.8,4.5,298,2022,11,Mon,FALSE,Autumn,TRUE,Moderate
2022-11-15,BT1,10.17,14.88,60.13,4.9,5,88,2022,11,Tue,FALSE,Autumn,TRUE,Moderate
2022-11-16,BT1,7.37,8.02,42.43,3.7,3.5,160,2022,11,Wed,FALSE,Autumn,TRUE,Good
2022-11-17,BT1,11.71,32.89,35.61,3.6,9,298,2022,11,Thu,FALSE,Autumn,TRUE,Moderate
2022-11-18,BT1,5.5,9.92,38.4,0.4,2.3,342,2022,11,Fri,FALSE,Autumn,TRUE,Good
2022-11-19,BT1,10.34,32.9,25.42,5.4,5.3,194,2022,11,Sat,TRUE,Autumn,TRUE,Moderate
2022-11-20,BT1,9.22,24.89,37.52,0.2,1.1,337,2022,11,Sun,TRUE,Autumn,TRUE,Good
2022-11-21,BT1,9.65,25.77,41.11,-0.7,3.8,12,2022,11,Mon,FALSE,Autumn,TRUE,Good
2022-11-22,BT1,14.47,36.92,37.66,2.9,5.4,324,2022,11,Tue,FALSE,Autumn,TRUE,Moderate
2022-11-23,BT1,6.76,22.8,27.36,2.4,5.1,343,2022,11,Wed,FALSE,Autumn,TRUE,Good
2022-11-24,BT1,11.36,31.87,38.46,1.7,5,85,2022,11,Thu,FALSE,Autumn,TRUE,Moderate
2022-11-25,BT1,11.3,30.6,35.44,1.1,4.1,215,2022,11,Fri,FALSE,Autumn,TRUE,Moderate
2022-11-26,BT1,11.54,22.04,32.43,1.9,17.1,281,2022,11,Sat,TRUE,Autumn,TRUE,Moderate
2022-11-27,BT1,8.89,13.62,38.16,1.9,7.5,201,2022,11,Sun,TRUE,Autumn,TRUE,Good
2022-11-28,BT1,11.38,22.99,38.74,5,3.4,209,2022,11,Mon,FALSE,Autumn,TRUE,Moderate
2022-11-29,BT1,9.54,23.69,28.98,-1,2.9,16,2022,11,Tue,FALSE,Autumn,TRUE,Good
2022-11-30,BT1,10.64,16.44,34.6,0.7,7,356,2022,11,Wed,FALSE,Autumn,TRUE,Moderate
2022-12-01,BT1,11.95,20.85,34.72,2.2,2.1,215,2022,12,Thu,FALSE,Winter,TRUE,Moderate
2022-12-02,BT1,10.64,13.44,39.71,2.4,4.3,196,2022,12,Fri,FALSE,Winter,TRUE,Moderate
2022-12-03,BT1,13.98,23.1,40.88,2.1,5.3,75,2022,12,Sat,TRUE,Winter,TRUE,Moderate
2022-12-04,BT1,11.75,27.53,39.77,1.6,2.8,145,2022,12,Sun,TRUE,Winter,TRUE,Moderate
2022-12-05,BT1,7.27,8.15,39.13,4,4.2,56,2022,12,Mon,FALSE,Winter,TRUE,Good
2022-12-06,BT1,8.05,18.1,35.58,2.5,10.2,143,2022,12,Tue,FALSE,Winter,TRUE,Good
2022-12-07,BT1,15.23,34.53,34.75,3.4,2.9,322,2022,12,Wed,FALSE,Winter,TRUE,Moderate
2022-12-08,BT1,10.02,24.35,44.87,-1.9,8.2,84,2022,12,Thu,FALSE,Winter,TRUE,Moderate
2022-12-09,BT1,9.49,14.52,35.04,-2.3,1.7,320,2022,12,Fri,FALSE,Winter,TRUE,Good
2022-12-10,BT1,10.77,30.42,30.01,3.6,8.8,194,2022,12,Sat,TRUE,Winter,TRUE,Moderate
2022-12-11,BT1,6.39,5,42.16,3.7,2.3,38,2022,12,Sun,TRUE,Winter,TRUE,Good
2022-12-12,BT1,2.34,8.69,38.44,3.8,4.9,142,2022,12,Mon,FALSE,Winter,TRUE,Good
2022-12-13,BT1,8.12,20.52,42.21,3.1,4.1,213,2022,12,Tue,FALSE,Winter,TRUE,Good
2022-12-14,BT1,14.47,27.47,37.3,-0.3,3.1,43,2022,12,Wed,FALSE,Winter,TRUE,Moderate
2022-12-15,BT1,8.68,11.25,43.19,2.5,5.1,289,2022,12,Thu,FALSE,Winter,TRUE,Good
2022-12-16,BT1,7.49,11.36,39.13,4.2,2.3,44,2022,12,Fri,FALSE,Winter,TRUE,Good
2022-12-17,BT1,6.82,9.3,47.74,1.8,5.6,131,2022,12,Sat,TRUE,Winter,TRUE,Good
2022-12-18,BT1,8.45,19.6,26.48,1.7,3.9,55,2022,12,Sun,TRUE,Winter,TRUE,Good
2022-12-19,BT1,12.51,35.72,44.33,2.7,3,226,2022,12,Mon,FALSE,Winter,TRUE,Moderate
2022-12-20,BT1,8.88,19.65,41.16,0.6,2.1,266,2022,12,Tue,FALSE,Winter,TRUE,Good
2022-12-21,BT1,13.13,32.21,27.82,0.9,4.2,172,2022,12,Wed,FALSE,Winter,TRUE,Moderate
2022-12-22,BT1,10.33,25.65,30.15,-0.9,2.2,89,2022,12,Thu,FALSE,Winter,TRUE,Moderate
2022-12-23,BT1,14.07,38.14,33.1,0,6.1,48,2022,12,Fri,FALSE,Winter,TRUE,Moderate
2022-12-24,BT1,8.86,27.51,43.43,3.1,4.1,25,2022,12,Sat,TRUE,Winter,TRUE,Good
2022-12-25,BT1,6.82,14.11,32.3,3.4,5.6,193,2022,12,Sun,TRUE,Winter,TRUE,Good
2022-12-26,BT1,7.36,14.54,50.35,2,3.9,118,2022,12,Mon,FALSE,Winter,TRUE,Good
2022-12-27,BT1,12.41,19.89,49.49,0.8,3.3,286,2022,12,Tue,FALSE,Winter,TRUE,Moderate
2022-12-28,BT1,9.02,39.84,34.07,2.7,3.9,274,2022,12,Wed,FALSE,Winter,TRUE,Good
2022-12-29,BT1,11.07,14.11,33.75,4.4,5.1,343,2022,12,Thu,FALSE,Winter,TRUE,Moderate
2022-12-30,BT1,5.77,5,47.4,2.4,4,326,2022,12,Fri,FALSE,Winter,TRUE,Good
2022-12-31,BT1,1,13.02,38.57,1.7,1.2,293,2022,12,Sat,TRUE,Winter,TRUE,Good
2023-01-01,BT1,8.97,13.07,43.66,-0.4,4,248,2023,1,Sun,TRUE,Winter,TRUE,Good
2023-01-02,BT1,8.76,36.1,41.14,1.8,4,119,2023,1,Mon,FALSE,Winter,TRUE,Good
2023-01-03,BT1,2.41,11.15,36.74,5,3.7,81,2023,1,Tue,FALSE,Winter,TRUE,Good
2023-01-04,BT1,7.35,22.04,49.63,6.2,5.3,184,2023,1,Wed,FALSE,Winter,TRUE,Good
2023-01-05,BT1,4.56,9.92,35.75,-1,4.9,246,2023,1,Thu,FALSE,Winter,TRUE,Good
2023-01-06,BT1,8.33,13.24,40.92,-0.5,5,344,2023,1,Fri,FALSE,Winter,TRUE,Good
2023-01-07,BT1,10.43,25.54,35.04,4.7,3.7,135,2023,1,Sat,TRUE,Winter,TRUE,Moderate
2023-01-08,BT1,9.05,22.53,34.16,1.6,6.2,199,2023,1,Sun,TRUE,Winter,TRUE,Good
2023-01-09,BT1,13.84,37.03,44.86,2.2,5.1,161,2023,1,Mon,FALSE,Winter,TRUE,Moderate
2023-01-10,BT1,8.1,5,33.14,4.6,4.6,343,2023,1,Tue,FALSE,Winter,TRUE,Good
2023-01-11,BT1,5.18,5,48.17,6.6,1.9,268,2023,1,Wed,FALSE,Winter,TRUE,Good
2023-01-12,BT1,13.02,33.41,33.61,0.2,3.9,96,2023,1,Thu,FALSE,Winter,TRUE,Moderate
2023-01-13,BT1,9.55,22.31,38.61,1.7,7.2,237,2023,1,Fri,FALSE,Winter,TRUE,Good
2023-01-14,BT1,5.86,16.73,41.26,3.2,1.8,96,2023,1,Sat,TRUE,Winter,TRUE,Good
2023-01-15,BT1,9.45,19.42,45.53,1.8,2.1,315,2023,1,Sun,TRUE,Winter,TRUE,Good
2023-01-16,BT1,9.19,23.11,36.28,5.9,4.9,217,2023,1,Mon,FALSE,Winter,TRUE,Good
2023-01-17,BT1,12.39,36.35,41.94,2.1,2.8,82,2023,1,Tue,FALSE,Winter,TRUE,Moderate
2023-01-18,BT1,17.98,41.97,35.17,-0,3.6,134,2023,1,Wed,FALSE,Winter,TRUE,Moderate
2023-01-19,BT1,14.54,26.15,34.39,3.8,3.7,215,2023,1,Thu,FALSE,Winter,TRUE,Moderate
2023-01-20,BT1,12.51,49.62,29.76,2.2,3.8,274,2023,1,Fri,FALSE,Winter,TRUE,Moderate
2023-01-21,BT1,5.66,14.02,37.4,3.8,2.4,63,2023,1,Sat,TRUE,Winter,TRUE,Good
2023-01-22,BT1,9.61,25.47,41.88,0.9,5.2,303,2023,1,Sun,TRUE,Winter,TRUE,Good
2023-01-23,BT1,12.15,24.99,40.11,2.8,1.7,146,2023,1,Mon,FALSE,Winter,TRUE,Moderate
2023-01-24,BT1,8.9,17.58,47.47,3.7,2.7,195,2023,1,Tue,FALSE,Winter,TRUE,Good
2023-01-25,BT1,15.05,36.03,36.06,4.3,2.7,244,2023,1,Wed,FALSE,Winter,TRUE,Moderate
2023-01-26,BT1,10.15,24.43,36.93,2.2,4.4,120,2023,1,Thu,FALSE,Winter,TRUE,Moderate
2023-01-27,BT1,12.99,38.83,36.92,0.4,5.8,243,2023,1,Fri,FALSE,Winter,TRUE,Moderate
2023-01-28,BT1,8.63,5.25,54.74,2.4,3.6,100,2023,1,Sat,TRUE,Winter,TRUE,Good
2023-01-29,BT1,10.28,17.1,31.58,5.9,4.2,222,2023,1,Sun,TRUE,Winter,TRUE,Moderate
2023-01-30,BT1,8.33,26.61,31.89,6.2,2.5,7,2023,1,Mon,FALSE,Winter,TRUE,Good
2023-01-31,BT1,8.21,21.29,33.26,3.2,4.6,51,2023,1,Tue,FALSE,Winter,TRUE,Good
2023-02-01,BT1,13.2,38.36,33.91,7.4,7.1,205,2023,2,Wed,FALSE,Winter,TRUE,Moderate
2023-02-02,BT1,8.48,19.7,38.28,3,7.9,96,2023,2,Thu,FALSE,Winter,TRUE,Good
2023-02-03,BT1,10.49,12.83,45.37,4.7,1.7,0,2023,2,Fri,FALSE,Winter,TRUE,Moderate
2023-02-04,BT1,5.43,11.4,39.09,5.5,3.4,302,2023,2,Sat,TRUE,Winter,TRUE,Good
2023-02-05,BT1,4.8,18.31,41.55,6.4,2.2,331,2023,2,Sun,TRUE,Winter,TRUE,Good
2023-02-06,BT1,8.05,5,36.69,2.8,11.8,77,2023,2,Mon,FALSE,Winter,TRUE,Good
2023-02-07,BT1,4.99,8.19,44.44,2.5,2.9,12,2023,2,Tue,FALSE,Winter,TRUE,Good
2023-02-08,BT1,8.67,22.74,34.14,4.7,5.4,218,2023,2,Wed,FALSE,Winter,TRUE,Good
2023-02-09,BT1,8.53,36.64,25.62,3.5,7.2,298,2023,2,Thu,FALSE,Winter,TRUE,Good
2023-02-10,BT1,11.06,18.77,48.6,4.7,3.8,195,2023,2,Fri,FALSE,Winter,TRUE,Moderate
2023-02-11,BT1,3.89,10.35,44.96,7.4,2.4,154,2023,2,Sat,TRUE,Winter,TRUE,Good
2023-02-12,BT1,11.55,38,23.46,5.8,1.9,64,2023,2,Sun,TRUE,Winter,TRUE,Moderate
2023-02-13,BT1,8.93,30.17,28.06,1.1,2.1,73,2023,2,Mon,FALSE,Winter,TRUE,Good
2023-02-14,BT1,4.02,5,42.08,3.4,3.3,303,2023,2,Tue,FALSE,Winter,TRUE,Good
2023-02-15,BT1,7.04,16.93,39.35,6.8,2.5,22,2023,2,Wed,FALSE,Winter,TRUE,Good
2023-02-16,BT1,8.93,11.1,39.23,8.5,3.4,263,2023,2,Thu,FALSE,Winter,TRUE,Good
2023-02-17,BT1,6.84,17.95,41.71,6.7,1.9,124,2023,2,Fri,FALSE,Winter,TRUE,Good
2023-02-18,BT1,6.21,18.38,42.11,8,3.1,133,2023,2,Sat,TRUE,Winter,TRUE,Good
2023-02-19,BT1,6.31,21.61,36.58,4.8,5.1,140,2023,2,Sun,TRUE,Winter,TRUE,Good
2023-02-20,BT1,5.27,11.72,40.64,5.4,3.3,185,2023,2,Mon,FALSE,Winter,TRUE,Good
2023-02-21,BT1,10.01,27.04,42.66,4.1,3.9,194,2023,2,Tue,FALSE,Winter,TRUE,Moderate
2023-02-22,BT1,9.41,20.94,27.86,5.4,4.7,53,2023,2,Wed,FALSE,Winter,TRUE,Good
2023-02-23,BT1,10.16,20.3,54.56,3,5.8,200,2023,2,Thu,FALSE,Winter,TRUE,Moderate
2023-02-24,BT1,10.53,27.41,37.77,7.5,1.1,135,2023,2,Fri,FALSE,Winter,TRUE,Moderate
2023-02-25,BT1,8.81,25.87,32.11,6.3,3.4,51,2023,2,Sat,TRUE,Winter,TRUE,Good
2023-02-26,BT1,9.16,15.91,42.52,5.9,2.1,265,2023,2,Sun,TRUE,Winter,TRUE,Good
2023-02-27,BT1,8.39,17.83,31.74,5,3.9,74,2023,2,Mon,FALSE,Winter,TRUE,Good
2023-02-28,BT1,7.32,12.02,33.56,11,1.4,274,2023,2,Tue,FALSE,Winter,TRUE,Good
2023-03-01,BT1,8.43,32.38,23.94,10.5,5.8,330,2023,3,Wed,FALSE,Spring,TRUE,Good
2023-03-02,BT1,1.17,5,41.93,6.4,5.9,37,2023,3,Thu,FALSE,Spring,TRUE,Good
2023-03-03,BT1,9.8,28.78,31.28,5.8,3.3,252,2023,3,Fri,FALSE,Spring,TRUE,Good
2023-03-04,BT1,7.45,17.81,48.12,10.4,7,122,2023,3,Sat,TRUE,Spring,TRUE,Good
2023-03-05,BT1,6.53,5.98,45.61,7,2.3,195,2023,3,Sun,TRUE,Spring,TRUE,Good
2023-03-06,BT1,8.4,15.29,42.27,5.8,5.2,254,2023,3,Mon,FALSE,Spring,TRUE,Good
2023-03-07,BT1,2.53,5,33.11,7.4,7.6,42,2023,3,Tue,FALSE,Spring,TRUE,Good
2023-03-08,BT1,12.12,30.29,34.17,9.3,2,168,2023,3,Wed,FALSE,Spring,TRUE,Moderate
2023-03-09,BT1,9.45,29.08,39.78,6.9,4.9,278,2023,3,Thu,FALSE,Spring,TRUE,Good
2023-03-10,BT1,12.36,35.38,30.32,8.4,6.9,344,2023,3,Fri,FALSE,Spring,TRUE,Moderate
2023-03-11,BT1,4.94,5,33.04,8.1,6.6,172,2023,3,Sat,TRUE,Spring,TRUE,Good
2023-03-12,BT1,7.86,16.34,50.96,7,3.6,79,2023,3,Sun,TRUE,Spring,TRUE,Good
2023-03-13,BT1,6.31,12.08,48.45,8.9,14,296,2023,3,Mon,FALSE,Spring,TRUE,Good
2023-03-14,BT1,9.36,23.67,43.34,9.2,4.1,158,2023,3,Tue,FALSE,Spring,TRUE,Good
2023-03-15,BT1,8.51,32,42.57,5.6,3,191,2023,3,Wed,FALSE,Spring,TRUE,Good
2023-03-16,BT1,7.42,17.43,45.92,10.4,6.9,149,2023,3,Thu,FALSE,Spring,TRUE,Good
2023-03-17,BT1,8.8,10.52,42.98,11.3,2.8,29,2023,3,Fri,FALSE,Spring,TRUE,Good
2023-03-18,BT1,11.86,32.79,39.59,11,4.8,78,2023,3,Sat,TRUE,Spring,TRUE,Moderate
2023-03-19,BT1,10.27,33.91,42.84,9.8,3.9,109,2023,3,Sun,TRUE,Spring,TRUE,Moderate
2023-03-20,BT1,5.01,5,37.9,11.8,1.7,342,2023,3,Mon,FALSE,Spring,TRUE,Good
2023-03-21,BT1,5.33,7.23,42.98,8.2,1.9,173,2023,3,Tue,FALSE,Spring,TRUE,Good
2023-03-22,BT1,5.64,5,34.24,13,1.7,306,2023,3,Wed,FALSE,Spring,TRUE,Good
2023-03-23,BT1,2.41,5,38.91,9.7,6.9,0,2023,3,Thu,FALSE,Spring,TRUE,Good
2023-03-24,BT1,5.73,5,53.41,8.2,3,259,2023,3,Fri,FALSE,Spring,TRUE,Good
2023-03-25,BT1,7.07,21,30.27,11.5,4.2,153,2023,3,Sat,TRUE,Spring,TRUE,Good
2023-03-26,BT1,7.6,5,37.44,12.4,5.8,211,2023,3,Sun,TRUE,Spring,TRUE,Good
2023-03-27,BT1,6.45,5,44.33,10.2,3,138,2023,3,Mon,FALSE,Spring,TRUE,Good
2023-03-28,BT1,9.36,25.56,39.51,11.2,4.1,191,2023,3,Tue,FALSE,Spring,TRUE,Good
2023-03-29,BT1,5.36,13.37,38.29,10.4,1.6,197,2023,3,Wed,FALSE,Spring,TRUE,Good
2023-03-30,BT1,13.74,45.63,37.28,10.5,3.3,50,2023,3,Thu,FALSE,Spring,TRUE,Moderate
2023-03-31,BT1,10.07,34.23,37.63,10.5,2.1,271,2023,3,Fri,FALSE,Spring,TRUE,Moderate
2023-04-01,BT1,2.62,5,48.81,10.1,2.8,285,2023,4,Sat,TRUE,Spring,TRUE,Good
2023-04-02,BT1,2.81,15.74,40.59,16.1,3.4,169,2023,4,Sun,TRUE,Spring,TRUE,Good
2023-04-03,BT1,9.43,13.3,46.17,11.4,3.4,331,2023,4,Mon,FALSE,Spring,TRUE,Good
2023-04-04,BT1,9.17,21.03,39.09,10,4.9,130,2023,4,Tue,FALSE,Spring,TRUE,Good
2023-04-05,BT1,7.09,13.52,41.68,11.2,2.4,142,2023,4,Wed,FALSE,Spring,TRUE,Good
2023-04-06,BT1,2.74,5,40.75,11.6,4,254,2023,4,Thu,FALSE,Spring,TRUE,Good
2023-04-07,BT1,4.49,5,43.6,9.3,2.6,9,2023,4,Fri,FALSE,Spring,TRUE,Good
2023-04-08,BT1,1.02,5,40.62,10.7,6.3,198,2023,4,Sat,TRUE,Spring,TRUE,Good
2023-04-09,BT1,11.36,35.28,31.76,11.3,1.6,137,2023,4,Sun,TRUE,Spring,TRUE,Moderate
2023-04-10,BT1,6.21,5,38.43,14.7,5.9,322,2023,4,Mon,FALSE,Spring,TRUE,Good
2023-04-11,BT1,8.26,40.74,29.05,14.4,10.7,258,2023,4,Tue,FALSE,Spring,TRUE,Good
2023-04-12,BT1,8.4,16.28,33.23,14.6,7.3,153,2023,4,Wed,FALSE,Spring,TRUE,Good
2023-04-13,BT1,5.55,34.87,36.53,10.3,1.9,354,2023,4,Thu,FALSE,Spring,TRUE,Good
2023-04-14,BT1,7.82,24.54,47.34,9.4,2.8,218,2023,4,Fri,FALSE,Spring,TRUE,Good
2023-04-15,BT1,4.92,5,41.14,11.1,1.4,276,2023,4,Sat,TRUE,Spring,TRUE,Good
2023-04-16,BT1,5.66,10.42,33.45,12.4,1.2,197,2023,4,Sun,TRUE,Spring,TRUE,Good
2023-04-17,BT1,10.56,25.5,46.09,11.1,3.5,16,2023,4,Mon,FALSE,Spring,TRUE,Moderate
2023-04-18,BT1,1,5,46.87,17.5,4.8,294,2023,4,Tue,FALSE,Spring,TRUE,Good
2023-04-19,BT1,1,5.17,30.11,17.3,3.6,58,2023,4,Wed,FALSE,Spring,TRUE,Good
2023-04-20,BT1,6.86,5.36,52.97,11.7,4.7,115,2023,4,Thu,FALSE,Spring,TRUE,Good
2023-04-21,BT1,5.79,10.27,40.51,12.6,3.4,208,2023,4,Fri,FALSE,Spring,TRUE,Good
2023-04-22,BT1,5.46,9.17,39,9,3.5,227,2023,4,Sat,TRUE,Spring,TRUE,Good
2023-04-23,BT1,2.51,5,47.46,14.9,2.5,252,2023,4,Sun,TRUE,Spring,TRUE,Good
2023-04-24,BT1,8.14,10.26,44.21,10.4,6.2,353,2023,4,Mon,FALSE,Spring,TRUE,Good
2023-04-25,BT1,4.7,11.57,46.73,12.7,3.6,214,2023,4,Tue,FALSE,Spring,TRUE,Good
2023-04-26,BT1,3.66,7.01,46.64,17.3,3.2,63,2023,4,Wed,FALSE,Spring,TRUE,Good
2023-04-27,BT1,9.04,21.08,37.27,13.8,4,212,2023,4,Thu,FALSE,Spring,TRUE,Good
2023-04-28,BT1,6.68,10.5,46.28,14.1,2.2,357,2023,4,Fri,FALSE,Spring,TRUE,Good
2023-04-29,BT1,1,5,47.32,14.1,6,324,2023,4,Sat,TRUE,Spring,TRUE,Good
2023-04-30,BT1,1,5,43.47,15.4,8.1,37,2023,4,Sun,TRUE,Spring,TRUE,Good
2023-05-01,BT1,1.5,5,33.24,14,13.4,273,2023,5,Mon,FALSE,Spring,TRUE,Good
2023-05-02,BT1,1,5,47.61,17.8,2.7,156,2023,5,Tue,FALSE,Spring,TRUE,Good
2023-05-03,BT1,4.18,5.21,36.66,15.9,3.4,33,2023,5,Wed,FALSE,Spring,TRUE,Good
2023-05-04,BT1,3.72,5,42.36,12.1,3.2,270,2023,5,Thu,FALSE,Spring,TRUE,Good
2023-05-05,BT1,5.47,10.79,35.68,14.9,4,200,2023,5,Fri,FALSE,Spring,TRUE,Good
2023-05-06,BT1,1.27,5,39.26,11.8,2.3,123,2023,5,Sat,TRUE,Spring,TRUE,Good
2023-05-07,BT1,1.66,5.53,36.64,15.1,8.3,50,2023,5,Sun,TRUE,Spring,TRUE,Good
2023-05-08,BT1,3.06,5.18,44.29,14.8,3.6,166,2023,5,Mon,FALSE,Spring,TRUE,Good
2023-05-09,BT1,1.76,5,41.49,16.5,6.1,198,2023,5,Tue,FALSE,Spring,TRUE,Good
2023-05-10,BT1,1,8.9,44.18,18.5,2.6,187,2023,5,Wed,FALSE,Spring,TRUE,Good
2023-05-11,BT1,6.77,19.55,38.28,16.9,4.3,126,2023,5,Thu,FALSE,Spring,TRUE,Good
2023-05-12,BT1,8.02,17.61,43.57,16.3,5.7,121,2023,5,Fri,FALSE,Spring,TRUE,Good
2023-05-13,BT1,1,13.17,37.9,16.2,2.6,325,2023,5,Sat,TRUE,Spring,TRUE,Good
2023-05-14,BT1,3.16,5.28,33.78,15,4.6,338,2023,5,Sun,TRUE,Spring,TRUE,Good
2023-05-15,BT1,1.17,5,32.72,18.3,5.4,331,2023,5,Mon,FALSE,Spring,TRUE,Good
2023-05-16,BT1,4.79,17.25,44.33,19.4,3.9,125,2023,5,Tue,FALSE,Spring,TRUE,Good
2023-05-17,BT1,6.91,34.65,31.42,18.1,4.2,40,2023,5,Wed,FALSE,Spring,TRUE,Good
2023-05-18,BT1,1,6.3,37.92,17.4,1.7,204,2023,5,Thu,FALSE,Spring,TRUE,Good
2023-05-19,BT1,1,5,42.85,17.9,4.3,299,2023,5,Fri,FALSE,Spring,TRUE,Good
2023-05-20,BT1,1.57,5,35.84,11.8,17.4,237,2023,5,Sat,TRUE,Spring,TRUE,Good
2023-05-21,BT1,3.81,19.12,35.18,13.2,1.6,275,2023,5,Sun,TRUE,Spring,TRUE,Good
2023-05-22,BT1,1.54,5,35.45,16.1,2.9,29,2023,5,Mon,FALSE,Spring,TRUE,Good
2023-05-23,BT1,5.25,7.05,38.19,18.9,1.1,269,2023,5,Tue,FALSE,Spring,TRUE,Good
2023-05-24,BT1,1,5,36.7,21.2,2.9,25,2023,5,Wed,FALSE,Spring,TRUE,Good
2023-05-25,BT1,1,5.3,37.15,17.7,2.9,254,2023,5,Thu,FALSE,Spring,TRUE,Good
2023-05-26,BT1,1,9.71,45.16,16.6,2.7,254,2023,5,Fri,FALSE,Spring,TRUE,Good
2023-05-27,BT1,2.89,6.5,44.66,21.2,4,36,2023,5,Sat,TRUE,Spring,TRUE,Good
2023-05-28,BT1,6.18,12.04,54.71,20.2,2.7,71,2023,5,Sun,TRUE,Spring,TRUE,Good
2023-05-29,BT1,2.61,5,40.34,16,6.8,114,2023,5,Mon,FALSE,Spring,TRUE,Good
2023-05-30,BT1,2.22,5,44.05,17.5,1.7,237,2023,5,Tue,FALSE,Spring,TRUE,Good
2023-05-31,BT1,7.16,11.89,43.35,19.2,4.3,317,2023,5,Wed,FALSE,Spring,TRUE,Good
2023-06-01,BT1,2.46,5,44.49,16.6,3,174,2023,6,Thu,FALSE,Summer,TRUE,Good
2023-06-02,BT1,1,5,43.82,16.9,3.7,72,2023,6,Fri,FALSE,Summer,TRUE,Good
2023-06-03,BT1,1,5,36.48,16.6,3.7,235,2023,6,Sat,TRUE,Summer,TRUE,Good
2023-06-04,BT1,1,6.87,58.25,19,2.3,150,2023,6,Sun,TRUE,Summer,TRUE,Good
2023-06-05,BT1,4.13,13.75,41.85,17.4,3.3,328,2023,6,Mon,FALSE,Summer,TRUE,Good
2023-06-06,BT1,6.12,15.9,47.64,18.5,3,201,2023,6,Tue,FALSE,Summer,TRUE,Good
2023-06-07,BT1,1,5,55.98,13.6,2.9,100,2023,6,Wed,FALSE,Summer,TRUE,Good
2023-06-08,BT1,1,5,25.61,18,5.4,179,2023,6,Thu,FALSE,Summer,TRUE,Good
2023-06-09,BT1,1,5,46.13,22.3,6,102,2023,6,Fri,FALSE,Summer,TRUE,Good
2023-06-10,BT1,5.19,5,44.55,17.8,6.2,265,2023,6,Sat,TRUE,Summer,TRUE,Good
2023-06-11,BT1,1,5,36.06,19,2.8,324,2023,6,Sun,TRUE,Summer,TRUE,Good
2023-06-12,BT1,1,5,43.44,16.3,4.8,91,2023,6,Mon,FALSE,Summer,TRUE,Good
2023-06-13,BT1,5.08,13.29,49.3,16.6,6.6,80,2023,6,Tue,FALSE,Summer,TRUE,Good
2023-06-14,BT1,1,15.05,44.07,19.9,8.4,196,2023,6,Wed,FALSE,Summer,TRUE,Good
2023-06-15,BT1,1.47,5,41.47,17.8,1.9,181,2023,6,Thu,FALSE,Summer,TRUE,Good
2023-06-16,BT1,2.43,5,43.82,18.7,7.4,321,2023,6,Fri,FALSE,Summer,TRUE,Good
2023-06-17,BT1,1,5,42.53,13.7,4.9,309,2023,6,Sat,TRUE,Summer,TRUE,Good
2023-06-18,BT1,1,5,42.8,17.9,4.2,44,2023,6,Sun,TRUE,Summer,TRUE,Good
2023-06-19,BT1,1.6,5,36.91,18.2,3.3,200,2023,6,Mon,FALSE,Summer,TRUE,Good
2023-06-20,BT1,1,5,48.11,16.4,3.2,76,2023,6,Tue,FALSE,Summer,TRUE,Good
2023-06-21,BT1,1.23,5,30.11,20.5,4.2,87,2023,6,Wed,FALSE,Summer,TRUE,Good
2023-06-22,BT1,1,5,43.5,20.6,5.1,109,2023,6,Thu,FALSE,Summer,TRUE,Good
2023-06-23,BT1,1.93,5,48.27,18,4.4,57,2023,6,Fri,FALSE,Summer,TRUE,Good
2023-06-24,BT1,1,5,51.08,15.2,1.9,18,2023,6,Sat,TRUE,Summer,TRUE,Good
2023-06-25,BT1,1,5.99,32.92,18.8,5.8,134,2023,6,Sun,TRUE,Summer,TRUE,Good
2023-06-26,BT1,1,5,23.66,22.6,2.8,25,2023,6,Mon,FALSE,Summer,TRUE,Good
2023-06-27,BT1,1,5,44.92,15.6,2.6,82,2023,6,Tue,FALSE,Summer,TRUE,Good
2023-06-28,BT1,1,5,49.14,19.9,2.8,65,2023,6,Wed,FALSE,Summer,TRUE,Good
2023-06-29,BT1,1,12.01,29.64,19.7,3.2,275,2023,6,Thu,FALSE,Summer,TRUE,Good
2023-06-30,BT1,1,5,43.11,16.3,8.4,284,2023,6,Fri,FALSE,Summer,TRUE,Good
2023-07-01,BT1,1,5,41.47,15.4,3.9,281,2023,7,Sat,TRUE,Summer,TRUE,Good
2023-07-02,BT1,2.83,5,51.9,17.3,4,208,2023,7,Sun,TRUE,Summer,TRUE,Good
2023-07-03,BT1,2.27,16.36,33.4,22,3,134,2023,7,Mon,FALSE,Summer,TRUE,Good
2023-07-04,BT1,6.23,25.24,36.56,19.3,4.4,116,2023,7,Tue,FALSE,Summer,TRUE,Good
2023-07-05,BT1,3.22,5,40.8,18.1,2.8,295,2023,7,Wed,FALSE,Summer,TRUE,Good
2023-07-06,BT1,1.87,5,46.58,20.2,5.4,97,2023,7,Thu,FALSE,Summer,TRUE,Good
2023-07-07,BT1,1,5.71,49.54,18.1,5.9,83,2023,7,Fri,FALSE,Summer,TRUE,Good
2023-07-08,BT1,1,5,42.42,14.1,4.7,171,2023,7,Sat,TRUE,Summer,TRUE,Good
2023-07-09,BT1,1,5,39.71,21.4,3.6,335,2023,7,Sun,TRUE,Summer,TRUE,Good
2023-07-10,BT1,1,5,48.14,19.5,8.4,235,2023,7,Mon,FALSE,Summer,TRUE,Good
2023-07-11,BT1,1,5,44.22,17.1,6.2,306,2023,7,Tue,FALSE,Summer,TRUE,Good
2023-07-12,BT1,1,7.68,42.48,17.8,16.7,93,2023,7,Wed,FALSE,Summer,TRUE,Good
2023-07-13,BT1,1,5,40.5,15.1,3.3,108,2023,7,Thu,FALSE,Summer,TRUE,Good
2023-07-14,BT1,1,5,48.07,20.7,9.7,263,2023,7,Fri,FALSE,Summer,TRUE,Good
2023-07-15,BT1,1.89,5,41.7,14.2,8.9,354,2023,7,Sat,TRUE,Summer,TRUE,Good
2023-07-16,BT1,1,5,44.11,14.2,2.4,56,2023,7,Sun,TRUE,Summer,TRUE,Good
2023-07-17,BT1,1,5,48.86,16.3,10.9,188,2023,7,Mon,FALSE,Summer,TRUE,Good
2023-07-18,BT1,1,5,42.07,19,1.5,165,2023,7,Tue,FALSE,Summer,TRUE,Good
2023-07-19,BT1,1.79,5,45.26,15.7,4.5,308,2023,7,Wed,FALSE,Summer,TRUE,Good
2023-07-20,BT1,1,5,37.44,18.5,2,130,2023,7,Thu,FALSE,Summer,TRUE,Good
2023-07-21,BT1,2.26,5,52.41,14.2,9.1,298,2023,7,Fri,FALSE,Summer,TRUE,Good
2023-07-22,BT1,1,5,50.05,15,6.2,219,2023,7,Sat,TRUE,Summer,TRUE,Good
2023-07-23,BT1,2.62,5,36.65,13.8,5,315,2023,7,Sun,TRUE,Summer,TRUE,Good
2023-07-24,BT1,1.37,5,38.79,14.6,3.9,33,2023,7,Mon,FALSE,Summer,TRUE,Good
2023-07-25,BT1,6.85,16.98,37.2,18.4,3.7,69,2023,7,Tue,FALSE,Summer,TRUE,Good
2023-07-26,BT1,1,5,38.89,16.3,8.5,73,2023,7,Wed,FALSE,Summer,TRUE,Good
2023-07-27,BT1,5.37,17.7,51.64,15.3,2.5,22,2023,7,Thu,FALSE,Summer,TRUE,Good
2023-07-28,BT1,1,5,39.28,16,5.5,46,2023,7,Fri,FALSE,Summer,TRUE,Good
2023-07-29,BT1,1,5.53,50.31,16.7,3.5,310,2023,7,Sat,TRUE,Summer,TRUE,Good
2023-07-30,BT1,1,7.69,57.6,17,3.7,201,2023,7,Sun,TRUE,Summer,TRUE,Good
2023-07-31,BT1,1,5,42.97,15.5,4,87,2023,7,Mon,FALSE,Summer,TRUE,Good
2023-08-01,BT1,1.15,5,47.33,14.7,5.7,125,2023,8,Tue,FALSE,Summer,TRUE,Good
2023-08-02,BT1,1.26,5,46.66,21.1,5.3,59,2023,8,Wed,FALSE,Summer,TRUE,Good
2023-08-03,BT1,1,5,43.51,11.4,6.5,95,2023,8,Thu,FALSE,Summer,TRUE,Good
2023-08-04,BT1,2.69,5,39.09,14.4,3.5,4,2023,8,Fri,FALSE,Summer,TRUE,Good
2023-08-05,BT1,2.24,5,41.67,14.3,4.2,103,2023,8,Sat,TRUE,Summer,TRUE,Good
2023-08-06,BT1,1,5,39.86,14.9,2.6,201,2023,8,Sun,TRUE,Summer,TRUE,Good
2023-08-07,BT1,1,5,41.08,15.9,1.7,341,2023,8,Mon,FALSE,Summer,TRUE,Good
2023-08-08,BT1,1,5,47.03,14.3,6.8,347,2023,8,Tue,FALSE,Summer,TRUE,Good
2023-08-09,BT1,2.68,9.27,45.53,16.8,4.8,30,2023,8,Wed,FALSE,Summer,TRUE,Good
2023-08-10,BT1,1,25.6,30.45,13.5,5.3,96,2023,8,Thu,FALSE,Summer,TRUE,Good
2023-08-11,BT1,1,7.96,37.89,17.1,5,131,2023,8,Fri,FALSE,Summer,TRUE,Good
2023-08-12,BT1,1.09,5,45.17,12.9,5.3,118,2023,8,Sat,TRUE,Summer,TRUE,Good
2023-08-13,BT1,2.29,5,43.24,15,3.5,307,2023,8,Sun,TRUE,Summer,TRUE,Good
2023-08-14,BT1,1,5,49.29,14.3,2.9,22,2023,8,Mon,FALSE,Summer,TRUE,Good
2023-08-15,BT1,3.15,11.84,32.49,14.6,4.6,19,2023,8,Tue,FALSE,Summer,TRUE,Good
2023-08-16,BT1,1,5,35.46,12.7,4.6,342,2023,8,Wed,FALSE,Summer,TRUE,Good
2023-08-17,BT1,1,5,42.86,12.1,6.1,248,2023,8,Thu,FALSE,Summer,TRUE,Good
2023-08-18,BT1,2.64,5,26.58,18.3,2.2,245,2023,8,Fri,FALSE,Summer,TRUE,Good
2023-08-19,BT1,2.71,6.58,30.61,15.6,6.5,201,2023,8,Sat,TRUE,Summer,TRUE,Good
2023-08-20,BT1,1.53,5,39.58,13,3,95,2023,8,Sun,TRUE,Summer,TRUE,Good
2023-08-21,BT1,4.15,5,47.39,14.3,3.6,322,2023,8,Mon,FALSE,Summer,TRUE,Good
2023-08-22,BT1,1,5,44.36,13.6,3.6,9,2023,8,Tue,FALSE,Summer,TRUE,Good
2023-08-23,BT1,2.6,5,44.39,15.4,2.1,238,2023,8,Wed,FALSE,Summer,TRUE,Good
2023-08-24,BT1,3.41,5,45.32,13.9,1.9,45,2023,8,Thu,FALSE,Summer,TRUE,Good
2023-08-25,BT1,2.42,5,41.36,12.5,3.2,37,2023,8,Fri,FALSE,Summer,TRUE,Good
2023-08-26,BT1,1,5,53.73,13.3,2.7,54,2023,8,Sat,TRUE,Summer,TRUE,Good
2023-08-27,BT1,1,13.09,42.69,13.1,4,300,2023,8,Sun,TRUE,Summer,TRUE,Good
2023-08-28,BT1,1.03,5,46.33,13.8,4,13,2023,8,Mon,FALSE,Summer,TRUE,Good
2023-08-29,BT1,3.18,12.11,38.1,14.5,1.2,6,2023,8,Tue,FALSE,Summer,TRUE,Good
2023-08-30,BT1,5.7,5,40.18,13.5,2.2,226,2023,8,Wed,FALSE,Summer,TRUE,Good
2023-08-31,BT1,1,5,31.66,9.5,3.1,147,2023,8,Thu,FALSE,Summer,TRUE,Good
2023-09-01,BT1,1,5,49.86,10.3,4.7,69,2023,9,Fri,FALSE,Autumn,TRUE,Good
2023-09-02,BT1,5.96,7.37,44.15,11.5,2.3,326,2023,9,Sat,TRUE,Autumn,TRUE,Good
2023-09-03,BT1,1,5,45.67,12.4,3.3,245,2023,9,Sun,TRUE,Autumn,TRUE,Good
2023-09-04,BT1,1,5,46.74,9.7,1.6,349,2023,9,Mon,FALSE,Autumn,TRUE,Good
2023-09-05,BT1,1,5,47.61,11,5.1,97,2023,9,Tue,FALSE,Autumn,TRUE,Good
2023-09-06,BT1,6.16,9.29,44.58,10.8,7.1,28,2023,9,Wed,FALSE,Autumn,TRUE,Good
2023-09-07,BT1,2.64,5,47.33,12.7,2.1,238,2023,9,Thu,FALSE,Autumn,TRUE,Good
2023-09-08,BT1,6.07,10.41,52.42,11.7,5.5,166,2023,9,Fri,FALSE,Autumn,TRUE,Good
2023-09-09,BT1,1,6.61,43.52,5.6,3.9,173,2023,9,Sat,TRUE,Autumn,TRUE,Good
2023-09-10,BT1,1,5,45.72,9.8,4,174,2023,9,Sun,TRUE,Autumn,TRUE,Good
2023-09-11,BT1,5.82,6.66,44.61,8.8,3.1,108,2023,9,Mon,FALSE,Autumn,TRUE,Good
2023-09-12,BT1,3.12,6.18,44.82,11.5,4.7,156,2023,9,Tue,FALSE,Autumn,TRUE,Good
2023-09-13,BT1,1,5,43.74,10.8,2.5,183,2023,9,Wed,FALSE,Autumn,TRUE,Good
2023-09-14,BT1,1,5,32.95,9.6,3.8,157,2023,9,Thu,FALSE,Autumn,TRUE,Good
2023-09-15,BT1,1.28,5,39.38,9.5,4,151,2023,9,Fri,FALSE,Autumn,TRUE,Good
2023-09-16,BT1,1.1,5,43.92,10.1,2.6,70,2023,9,Sat,TRUE,Autumn,TRUE,Good
2023-09-17,BT1,1.99,5.98,43.7,4.4,3.1,110,2023,9,Sun,TRUE,Autumn,TRUE,Good
2023-09-18,BT1,1,5,57.03,10.1,3.1,126,2023,9,Mon,FALSE,Autumn,TRUE,Good
2023-09-19,BT1,4.18,12.34,35.96,9.6,4.7,140,2023,9,Tue,FALSE,Autumn,TRUE,Good
2023-09-20,BT1,1.29,5,43.83,9.8,1.5,357,2023,9,Wed,FALSE,Autumn,TRUE,Good
2023-09-21,BT1,5.71,7.85,40.38,8.5,3.1,254,2023,9,Thu,FALSE,Autumn,TRUE,Good
2023-09-22,BT1,1.73,8.44,32.55,8.6,1.4,211,2023,9,Fri,FALSE,Autumn,TRUE,Good
2023-09-23,BT1,1,5,45.44,9.7,2,279,2023,9,Sat,TRUE,Autumn,TRUE,Good
2023-09-24,BT1,1,5.94,43.17,11.5,7.2,298,2023,9,Sun,TRUE,Autumn,TRUE,Good
2023-09-25,BT1,10.83,35.84,26.53,15.2,2.2,289,2023,9,Mon,FALSE,Autumn,TRUE,Moderate
2023-09-26,BT1,5.79,19.1,37.74,11.2,3.4,105,2023,9,Tue,FALSE,Autumn,TRUE,Good
2023-09-27,BT1,8.12,28.72,39.2,5.8,2.2,32,2023,9,Wed,FALSE,Autumn,TRUE,Good
2023-09-28,BT1,1,5,38.42,12.5,4.7,138,2023,9,Thu,FALSE,Autumn,TRUE,Good
2023-09-29,BT1,5.77,5,47.28,10.5,2.8,275,2023,9,Fri,FALSE,Autumn,TRUE,Good
2023-09-30,BT1,3.87,5,35.51,6.8,1.9,200,2023,9,Sat,TRUE,Autumn,TRUE,Good
2023-10-01,BT1,7.05,24.64,44.45,12,4.9,244,2023,10,Sun,TRUE,Autumn,TRUE,Good
2023-10-02,BT1,3.1,5.81,43.01,6.7,3.1,275,2023,10,Mon,FALSE,Autumn,TRUE,Good
2023-10-03,BT1,4.98,5,35,5.7,7,278,2023,10,Tue,FALSE,Autumn,TRUE,Good
2023-10-04,BT1,2.44,5,46.09,5.6,4.4,131,2023,10,Wed,FALSE,Autumn,TRUE,Good
2023-10-05,BT1,3.1,15.86,39.76,10.4,2.5,200,2023,10,Thu,FALSE,Autumn,TRUE,Good
2023-10-06,BT1,4.16,5,35.53,3.7,3.8,202,2023,10,Fri,FALSE,Autumn,TRUE,Good
2023-10-07,BT1,2.73,5,44.53,5.1,1.8,241,2023,10,Sat,TRUE,Autumn,TRUE,Good
2023-10-08,BT1,1.39,5,39.29,8.3,2.7,131,2023,10,Sun,TRUE,Autumn,TRUE,Good
2023-10-09,BT1,5.93,7.51,38.78,10.6,7.4,28,2023,10,Mon,FALSE,Autumn,TRUE,Good
2023-10-10,BT1,2.08,5,37.76,8.1,2.8,44,2023,10,Tue,FALSE,Autumn,TRUE,Good
2023-10-11,BT1,2.58,10.07,39.46,5.6,3.1,135,2023,10,Wed,FALSE,Autumn,TRUE,Good
2023-10-12,BT1,6.54,14.3,44.69,6.4,3.8,179,2023,10,Thu,FALSE,Autumn,TRUE,Good
2023-10-13,BT1,5.5,10.69,36.73,6.9,5,329,2023,10,Fri,FALSE,Autumn,TRUE,Good
2023-10-14,BT1,5.12,25.14,31.54,5.4,3.2,129,2023,10,Sat,TRUE,Autumn,TRUE,Good
2023-10-15,BT1,4.38,12.46,41.62,7.9,2.3,123,2023,10,Sun,TRUE,Autumn,TRUE,Good
2023-10-16,BT1,7.46,12.02,51.81,5.3,8.9,276,2023,10,Mon,FALSE,Autumn,TRUE,Good
2023-10-17,BT1,1,5,47.65,6.1,7.1,49,2023,10,Tue,FALSE,Autumn,TRUE,Good
2023-10-18,BT1,10.13,25.63,29.77,10.1,4,28,2023,10,Wed,FALSE,Autumn,TRUE,Moderate
2023-10-19,BT1,6.8,5,42.31,6.3,4.6,242,2023,10,Thu,FALSE,Autumn,TRUE,Good
2023-10-20,BT1,6.08,6.21,34.56,5,2,161,2023,10,Fri,FALSE,Autumn,TRUE,Good
2023-10-21,BT1,7.99,5.83,57.78,7.4,6.2,141,2023,10,Sat,TRUE,Autumn,TRUE,Good
2023-10-22,BT1,1.55,13.62,31.04,7.3,3.1,137,2023,10,Sun,TRUE,Autumn,TRUE,Good
2023-10-23,BT1,1.15,11.02,35.81,6.1,2.6,241,2023,10,Mon,FALSE,Autumn,TRUE,Good
2023-10-24,BT1,9.23,16.75,38.79,5.8,4,258,2023,10,Tue,FALSE,Autumn,TRUE,Good
2023-10-25,BT1,2.94,7.59,31.92,4.9,5.7,298,2023,10,Wed,FALSE,Autumn,TRUE,Good
2023-10-26,BT1,4.15,9.13,50.88,5.1,5.6,265,2023,10,Thu,FALSE,Autumn,TRUE,Good
2023-10-27,BT1,7.13,18.85,35.71,6.3,4.7,32,2023,10,Fri,FALSE,Autumn,TRUE,Good
2023-10-28,BT1,1,5,48.8,6.6,5.1,303,2023,10,Sat,TRUE,Autumn,TRUE,Good
2023-10-29,BT1,5.06,16.69,34.36,8.3,5.8,346,2023,10,Sun,TRUE,Autumn,TRUE,Good
2023-10-30,BT1,6.31,6.34,40.79,7.3,7.4,84,2023,10,Mon,FALSE,Autumn,TRUE,Good
2023-10-31,BT1,8.42,29.01,30.29,6.6,3.3,55,2023,10,Tue,FALSE,Autumn,TRUE,Good
2023-11-01,BT1,8.59,5,33.82,5.6,2.7,20,2023,11,Wed,FALSE,Autumn,TRUE,Good
2023-11-02,BT1,5.87,12.21,37.25,4,3.5,36,2023,11,Thu,FALSE,Autumn,TRUE,Good
2023-11-03,BT1,10.39,13.49,48.62,3.1,4.6,343,2023,11,Fri,FALSE,Autumn,TRUE,Moderate
2023-11-04,BT1,10.18,15.51,38.38,3.4,5.8,252,2023,11,Sat,TRUE,Autumn,TRUE,Moderate
2023-11-05,BT1,5.05,9.27,51.13,5.6,5.5,2,2023,11,Sun,TRUE,Autumn,TRUE,Good
2023-11-06,BT1,4.47,11.77,45.04,5.9,1.5,309,2023,11,Mon,FALSE,Autumn,TRUE,Good
2023-11-07,BT1,6.58,6.25,38.59,2.8,2.3,243,2023,11,Tue,FALSE,Autumn,TRUE,Good
2023-11-08,BT1,7.34,10.1,42.04,4.1,2.1,99,2023,11,Wed,FALSE,Autumn,TRUE,Good
2023-11-09,BT1,6.86,5,35.46,2.8,4.7,140,2023,11,Thu,FALSE,Autumn,TRUE,Good
2023-11-10,BT1,10.25,7.1,38.46,6.4,2.8,157,2023,11,Fri,FALSE,Autumn,TRUE,Moderate
2023-11-11,BT1,7.36,20.08,33.66,8.1,4.6,342,2023,11,Sat,TRUE,Autumn,TRUE,Good
2023-11-12,BT1,5.11,26.41,47.02,3.2,5.5,18,2023,11,Sun,TRUE,Autumn,TRUE,Good
2023-11-13,BT1,11.06,24.75,34.22,7.4,5.9,161,2023,11,Mon,FALSE,Autumn,TRUE,Moderate
2023-11-14,BT1,4.32,5,47.41,0.6,2.2,76,2023,11,Tue,FALSE,Autumn,TRUE,Good
2023-11-15,BT1,6.65,16.39,40.17,2.4,7.7,134,2023,11,Wed,FALSE,Autumn,TRUE,Good
2023-11-16,BT1,3.19,10.91,36.02,3.4,5.7,118,2023,11,Thu,FALSE,Autumn,TRUE,Good
2023-11-17,BT1,13.89,41.6,24.72,3.9,6.5,354,2023,11,Fri,FALSE,Autumn,TRUE,Moderate
2023-11-18,BT1,7.51,9.51,53.97,3,2.7,24,2023,11,Sat,TRUE,Autumn,TRUE,Good
2023-11-19,BT1,9.41,26.56,29.65,4.7,15,280,2023,11,Sun,TRUE,Autumn,TRUE,Good
2023-11-20,BT1,8.1,28.9,46.86,1.7,12.7,177,2023,11,Mon,FALSE,Autumn,TRUE,Good
2023-11-21,BT1,10.63,43.89,20.89,7.8,5.4,279,2023,11,Tue,FALSE,Autumn,TRUE,Moderate
2023-11-22,BT1,10.51,39.25,23.3,7.3,3.6,311,2023,11,Wed,FALSE,Autumn,TRUE,Moderate
2023-11-23,BT1,6.21,25.65,46.48,4.6,3.1,327,2023,11,Thu,FALSE,Autumn,TRUE,Good
2023-11-24,BT1,8.84,11.31,36.02,3.7,1.9,236,2023,11,Fri,FALSE,Autumn,TRUE,Good
2023-11-25,BT1,9.99,18.12,41.09,3.2,9.1,87,2023,11,Sat,TRUE,Autumn,TRUE,Good
2023-11-26,BT1,7.06,11.95,33.52,2.5,2.1,285,2023,11,Sun,TRUE,Autumn,TRUE,Good
2023-11-27,BT1,1,5,46.66,4,3.7,106,2023,11,Mon,FALSE,Autumn,TRUE,Good
2023-11-28,BT1,8.93,18.33,40.96,6.9,5,346,2023,11,Tue,FALSE,Autumn,TRUE,Good
2023-11-29,BT1,9.57,25.45,39.82,3.7,5.4,35,2023,11,Wed,FALSE,Autumn,TRUE,Good
2023-11-30,BT1,11.42,18.09,36.42,5.2,6.5,41,2023,11,Thu,FALSE,Autumn,TRUE,Moderate
2023-12-01,BT1,12.67,37.52,43.14,3.5,3.7,266,2023,12,Fri,FALSE,Winter,TRUE,Moderate
2023-12-02,BT1,10.13,25.71,31.24,0.5,10,253,2023,12,Sat,TRUE,Winter,TRUE,Moderate
2023-12-03,BT1,1.62,5,50.68,5.2,3.6,72,2023,12,Sun,TRUE,Winter,TRUE,Good
2023-12-04,BT1,9.2,14.98,38.05,2.1,5.2,95,2023,12,Mon,FALSE,Winter,TRUE,Good
2023-12-05,BT1,3.25,7.41,32.25,0.4,2.3,108,2023,12,Tue,FALSE,Winter,TRUE,Good
2023-12-06,BT1,6.04,8.68,47.82,-0.1,2,7,2023,12,Wed,FALSE,Winter,TRUE,Good
2023-12-07,BT1,11.96,26.53,39.97,4.2,3.7,359,2023,12,Thu,FALSE,Winter,TRUE,Moderate
2023-12-08,BT1,7.3,5,36.64,-0.5,4.7,268,2023,12,Fri,FALSE,Winter,TRUE,Good
2023-12-09,BT1,7.2,9.8,39.9,3.1,3.4,328,2023,12,Sat,TRUE,Winter,TRUE,Good
2023-12-10,BT1,5.63,5.9,38.1,1,7.4,116,2023,12,Sun,TRUE,Winter,TRUE,Good
2023-12-11,BT1,6.08,22.43,39.07,2.1,3.3,304,2023,12,Mon,FALSE,Winter,TRUE,Good
2023-12-12,BT1,13.42,43.87,23.85,4,2.8,358,2023,12,Tue,FALSE,Winter,TRUE,Moderate
2023-12-13,BT1,12.3,28.16,25.41,2.2,2.2,245,2023,12,Wed,FALSE,Winter,TRUE,Moderate
2023-12-14,BT1,9.25,18.05,45.55,1.9,1.4,218,2023,12,Thu,FALSE,Winter,TRUE,Good
2023-12-15,BT1,11.26,30.51,52.48,2.5,3.7,54,2023,12,Fri,FALSE,Winter,TRUE,Moderate
2023-12-16,BT1,3.43,5,40.27,1.6,7.6,283,2023,12,Sat,TRUE,Winter,TRUE,Good
2023-12-17,BT1,8.35,11.51,42.18,-0.6,4.7,6,2023,12,Sun,TRUE,Winter,TRUE,Good
2023-12-18,BT1,10.88,30.12,52.23,1.2,3.9,351,2023,12,Mon,FALSE,Winter,TRUE,Moderate
2023-12-19,BT1,9.82,36,39.67,4.4,5.8,121,2023,12,Tue,FALSE,Winter,TRUE,Good
2023-12-20,BT1,12.39,23.31,38.21,6.1,2.8,213,2023,12,Wed,FALSE,Winter,TRUE,Moderate
2023-12-21,BT1,13.41,21.11,30.08,1,3.2,70,2023,12,Thu,FALSE,Winter,TRUE,Moderate
2023-12-22,BT1,14.96,38.03,37.53,3.9,12.1,343,2023,12,Fri,FALSE,Winter,TRUE,Moderate
2023-12-23,BT1,4.99,5,37.61,6,2.2,91,2023,12,Sat,TRUE,Winter,TRUE,Good
2023-12-24,BT1,2.11,5,49.77,2.5,4.8,238,2023,12,Sun,TRUE,Winter,TRUE,Good
2023-12-25,BT1,8.58,11.96,48.53,3,7.8,225,2023,12,Mon,FALSE,Winter,TRUE,Good
2023-12-26,BT1,1.84,5,49.83,3,2.4,241,2023,12,Tue,FALSE,Winter,TRUE,Good
2023-12-27,BT1,8.04,38.41,33.32,3.3,2.5,152,2023,12,Wed,FALSE,Winter,TRUE,Good
2023-12-28,BT1,11.48,41.7,28.28,4.4,6.1,257,2023,12,Thu,FALSE,Winter,TRUE,Moderate
2023-12-29,BT1,9.78,10.63,49.55,1.7,4.9,88,2023,12,Fri,FALSE,Winter,TRUE,Good
2023-12-30,BT1,10.53,17.52,41.65,1.7,4.5,75,2023,12,Sat,TRUE,Winter,TRUE,Moderate
2023-12-31,BT1,6.93,20.29,46.54,0.8,3.8,92,2023,12,Sun,TRUE,Winter,TRUE,Good
2018-01-01,HRL,11.16,19.92,43.83,2.8,3.4,103,2018,1,Mon,FALSE,Winter,FALSE,Moderate
2018-01-02,HRL,14.51,43.35,32.83,1,3.7,131,2018,1,Tue,FALSE,Winter,FALSE,Moderate
2018-01-03,HRL,11.71,53.91,31.62,1.6,5.4,184,2018,1,Wed,FALSE,Winter,FALSE,Moderate
2018-01-04,HRL,17.62,46.58,35.22,1.1,4.9,340,2018,1,Thu,FALSE,Winter,FALSE,Moderate
2018-01-05,HRL,17.43,46.58,44.33,2.9,2.1,177,2018,1,Fri,FALSE,Winter,FALSE,Moderate
2018-01-06,HRL,10.07,14.45,45.06,0.1,4.9,99,2018,1,Sat,TRUE,Winter,FALSE,Moderate
2018-01-07,HRL,13.24,18.58,38.38,1.5,2.1,341,2018,1,Sun,TRUE,Winter,FALSE,Moderate
2018-01-08,HRL,16.13,39.01,28.5,2.2,3.2,88,2018,1,Mon,FALSE,Winter,FALSE,Moderate
2018-01-09,HRL,19.07,54.21,30.17,-0.7,2.8,32,2018,1,Tue,FALSE,Winter,FALSE,Moderate
2018-01-10,HRL,14.72,24.38,40.73,5.7,2.7,302,2018,1,Wed,FALSE,Winter,FALSE,Moderate
2018-01-11,HRL,16.21,40.4,26.64,1.7,4.1,191,2018,1,Thu,FALSE,Winter,FALSE,Moderate
2018-01-12,HRL,20.6,60.28,15.96,-0.1,5.2,207,2018,1,Fri,FALSE,Winter,FALSE,Unhealthy (sensitive)
2018-01-13,HRL,6.22,10.14,36.89,5.4,2.3,352,2018,1,Sat,TRUE,Winter,FALSE,Good
2018-01-14,HRL,10.88,35.02,42,3,2.9,230,2018,1,Sun,TRUE,Winter,FALSE,Moderate
2018-01-15,HRL,13.37,22.89,40.44,3.5,6.9,180,2018,1,Mon,FALSE,Winter,FALSE,Moderate
2018-01-16,HRL,11.24,32.87,34.18,2.5,2,105,2018,1,Tue,FALSE,Winter,FALSE,Moderate
2018-01-17,HRL,14.18,35.75,26.32,1,5.9,319,2018,1,Wed,FALSE,Winter,FALSE,Moderate
2018-01-18,HRL,15.67,46.78,31.62,-0.8,8,80,2018,1,Thu,FALSE,Winter,FALSE,Moderate
2018-01-19,HRL,12.79,40.81,31.35,2.9,2.2,74,2018,1,Fri,FALSE,Winter,FALSE,Moderate
2018-01-20,HRL,13.24,34.92,35.62,5.5,5.4,23,2018,1,Sat,TRUE,Winter,FALSE,Moderate
2018-01-21,HRL,10.74,44.93,26.57,4.6,7.4,257,2018,1,Sun,TRUE,Winter,FALSE,Moderate
2018-01-22,HRL,11.62,35.9,40.83,0.2,3.3,104,2018,1,Mon,FALSE,Winter,FALSE,Moderate
2018-01-23,HRL,13.92,43.97,37.44,-0.4,3.8,54,2018,1,Tue,FALSE,Winter,FALSE,Moderate
2018-01-24,HRL,18.8,49.48,18.85,3.8,3.3,126,2018,1,Wed,FALSE,Winter,FALSE,Moderate
2018-01-25,HRL,12.9,31.63,45.32,4.5,2.6,29,2018,1,Thu,FALSE,Winter,FALSE,Moderate
2018-01-26,HRL,11.32,41.62,32.18,4,2.2,273,2018,1,Fri,FALSE,Winter,FALSE,Moderate
2018-01-27,HRL,10.71,35.57,42.11,3.8,2.6,309,2018,1,Sat,TRUE,Winter,FALSE,Moderate
2018-01-28,HRL,13.21,36.91,32.92,7.1,4.1,78,2018,1,Sun,TRUE,Winter,FALSE,Moderate
2018-01-29,HRL,9.69,19.6,34.04,5.4,6.3,56,2018,1,Mon,FALSE,Winter,FALSE,Good
2018-01-30,HRL,16.04,52.02,38.48,5.8,4.1,239,2018,1,Tue,FALSE,Winter,FALSE,Moderate
2018-01-31,HRL,11.67,45.11,22.98,3.3,2.4,302,2018,1,Wed,FALSE,Winter,FALSE,Moderate
2018-02-01,HRL,14.66,34.34,25.15,8,3.6,220,2018,2,Thu,FALSE,Winter,FALSE,Moderate
2018-02-02,HRL,12.32,41.62,34.23,4.9,5.6,332,2018,2,Fri,FALSE,Winter,FALSE,Moderate
2018-02-03,HRL,10.42,26.85,30.34,5,2.8,238,2018,2,Sat,TRUE,Winter,FALSE,Moderate
2018-02-04,HRL,14.7,39.45,30.04,5.4,2.1,228,2018,2,Sun,TRUE,Winter,FALSE,Moderate
2018-02-05,HRL,6.12,14.09,49.5,3.4,3.8,184,2018,2,Mon,FALSE,Winter,FALSE,Good
2018-02-06,HRL,19.41,61.36,32.46,5.1,9,318,2018,2,Tue,FALSE,Winter,FALSE,Moderate
2018-02-07,HRL,12.71,22.64,35.65,7.9,3.5,123,2018,2,Wed,FALSE,Winter,FALSE,Moderate
2018-02-08,HRL,11.56,33.36,34.71,1,4.4,205,2018,2,Thu,FALSE,Winter,FALSE,Moderate
2018-02-09,HRL,19.82,52.34,34.25,4.6,4.1,130,2018,2,Fri,FALSE,Winter,FALSE,Moderate
2018-02-10,HRL,13.75,46.15,31.17,2.8,2.4,38,2018,2,Sat,TRUE,Winter,FALSE,Moderate
2018-02-11,HRL,13.51,48.67,28.34,7.6,10,167,2018,2,Sun,TRUE,Winter,FALSE,Moderate
2018-02-12,HRL,9.4,32.77,30.93,4.2,5.8,33,2018,2,Mon,FALSE,Winter,FALSE,Good
2018-02-13,HRL,13.06,28.62,30.3,3.4,9.7,48,2018,2,Tue,FALSE,Winter,FALSE,Moderate
2018-02-14,HRL,17.77,47.28,29.79,7.1,2.7,51,2018,2,Wed,FALSE,Winter,FALSE,Moderate
2018-02-15,HRL,12.23,37.28,41.39,5.7,7.1,112,2018,2,Thu,FALSE,Winter,FALSE,Moderate
2018-02-16,HRL,17.11,47.32,41.89,6.4,2,237,2018,2,Fri,FALSE,Winter,FALSE,Moderate
2018-02-17,HRL,4.82,12.95,41.31,4,1.1,353,2018,2,Sat,TRUE,Winter,FALSE,Good
2018-02-18,HRL,11.69,19.57,41.7,8.3,7.1,124,2018,2,Sun,TRUE,Winter,FALSE,Moderate
2018-02-19,HRL,11.03,35.59,29.39,6.7,4.4,292,2018,2,Mon,FALSE,Winter,FALSE,Moderate
2018-02-20,HRL,15.34,42.35,40.06,10.6,3,335,2018,2,Tue,FALSE,Winter,FALSE,Moderate
2018-02-21,HRL,12.43,36.59,23.76,2.8,2.9,98,2018,2,Wed,FALSE,Winter,FALSE,Moderate
2018-02-22,HRL,11.05,45.75,32.97,5.4,2.7,84,2018,2,Thu,FALSE,Winter,FALSE,Moderate
2018-02-23,HRL,14.24,41.07,38.11,8.4,7,272,2018,2,Fri,FALSE,Winter,FALSE,Moderate
2018-02-24,HRL,12.71,42.35,28.32,7.7,2.9,260,2018,2,Sat,TRUE,Winter,FALSE,Moderate
2018-02-25,HRL,9.36,18.13,38.03,5.7,4,111,2018,2,Sun,TRUE,Winter,FALSE,Good
2018-02-26,HRL,14.66,31.21,25.89,4.5,4,304,2018,2,Mon,FALSE,Winter,FALSE,Moderate
2018-02-27,HRL,11.19,39.27,36.94,6,6.5,171,2018,2,Tue,FALSE,Winter,FALSE,Moderate
2018-02-28,HRL,14.34,35.84,39.43,8.2,3.7,49,2018,2,Wed,FALSE,Winter,FALSE,Moderate
2018-03-01,HRL,10.66,30.07,40.15,7.2,2.9,142,2018,3,Thu,FALSE,Spring,FALSE,Moderate
2018-03-02,HRL,13.47,32.15,24.83,10.2,6.4,27,2018,3,Fri,FALSE,Spring,FALSE,Moderate
2018-03-03,HRL,12.3,29.59,33.87,9.5,8,2,2018,3,Sat,TRUE,Spring,FALSE,Moderate
2018-03-04,HRL,17.07,45.11,35.32,10,2.8,291,2018,3,Sun,TRUE,Spring,FALSE,Moderate
2018-03-05,HRL,10.58,42.86,36.29,12.9,4.3,208,2018,3,Mon,FALSE,Spring,FALSE,Moderate
2018-03-06,HRL,12.79,15.96,47.22,6.2,4.8,280,2018,3,Tue,FALSE,Spring,FALSE,Moderate
2018-03-07,HRL,19,45.52,36.74,9.3,5,15,2018,3,Wed,FALSE,Spring,FALSE,Moderate
2018-03-08,HRL,16.27,53.64,25.62,7.7,7.2,262,2018,3,Thu,FALSE,Spring,FALSE,Moderate
2018-03-09,HRL,13.07,25.13,38.15,6.6,2.5,316,2018,3,Fri,FALSE,Spring,FALSE,Moderate
2018-03-10,HRL,10.26,31.56,33.12,7.5,4.4,344,2018,3,Sat,TRUE,Spring,FALSE,Moderate
2018-03-11,HRL,9.97,22.09,48.16,8.1,4.3,60,2018,3,Sun,TRUE,Spring,FALSE,Good
2018-03-12,HRL,10.52,21.94,29.75,9.7,3.4,331,2018,3,Mon,FALSE,Spring,FALSE,Moderate
2018-03-13,HRL,9.66,15.72,51.57,12,3.8,256,2018,3,Tue,FALSE,Spring,FALSE,Good
2018-03-14,HRL,13.22,47.19,23.95,9.4,6.2,3,2018,3,Wed,FALSE,Spring,FALSE,Moderate
2018-03-15,HRL,10.67,24.67,38.42,9.8,4.5,351,2018,3,Thu,FALSE,Spring,FALSE,Moderate
2018-03-16,HRL,8.7,27.63,32.95,7.9,2.4,123,2018,3,Fri,FALSE,Spring,FALSE,Good
2018-03-17,HRL,7.65,26.55,44.42,7.4,2.5,180,2018,3,Sat,TRUE,Spring,FALSE,Good
2018-03-18,HRL,7.84,15.78,40.69,7.3,9.2,125,2018,3,Sun,TRUE,Spring,FALSE,Good
2018-03-19,HRL,7.5,25.89,28.09,9.5,2.9,113,2018,3,Mon,FALSE,Spring,FALSE,Good
2018-03-20,HRL,12.85,58.74,26.47,11.1,1.4,117,2018,3,Tue,FALSE,Spring,FALSE,Moderate
2018-03-21,HRL,7.57,20.51,31.22,11.7,2.3,29,2018,3,Wed,FALSE,Spring,FALSE,Good
2018-03-22,HRL,12.74,44.77,36.36,8.5,9.3,96,2018,3,Thu,FALSE,Spring,FALSE,Moderate
2018-03-23,HRL,12.03,28.17,40.34,11.8,2.7,47,2018,3,Fri,FALSE,Spring,FALSE,Moderate
2018-03-24,HRL,5.71,20,32.41,10,3.1,87,2018,3,Sat,TRUE,Spring,FALSE,Good
2018-03-25,HRL,7.4,27.83,39.2,8,7.8,34,2018,3,Sun,TRUE,Spring,FALSE,Good
2018-03-26,HRL,12.69,38.69,26.89,9.3,9.2,1,2018,3,Mon,FALSE,Spring,FALSE,Moderate
2018-03-27,HRL,4.54,13.05,29.33,11,1.8,102,2018,3,Tue,FALSE,Spring,FALSE,Good
2018-03-28,HRL,6.71,12.86,47.36,12.4,12.6,308,2018,3,Wed,FALSE,Spring,FALSE,Good
2018-03-29,HRL,7.71,26.85,41.16,15.4,8,250,2018,3,Thu,FALSE,Spring,FALSE,Good
2018-03-30,HRL,10.63,34.41,36.44,12.7,3.6,211,2018,3,Fri,FALSE,Spring,FALSE,Moderate
2018-03-31,HRL,9.62,34.14,28.12,14.1,4.2,198,2018,3,Sat,TRUE,Spring,FALSE,Good
2018-04-01,HRL,3.96,15.56,51.54,9,2.6,147,2018,4,Sun,TRUE,Spring,FALSE,Good
2018-04-02,HRL,10.45,20.98,37.55,12.7,3,66,2018,4,Mon,FALSE,Spring,FALSE,Moderate
2018-04-03,HRL,12.61,27.08,46.6,11.3,2.4,152,2018,4,Tue,FALSE,Spring,FALSE,Moderate
2018-04-04,HRL,11.27,29.44,44.02,10.6,2.5,297,2018,4,Wed,FALSE,Spring,FALSE,Moderate
2018-04-05,HRL,11.23,9.53,34.64,9.9,3.1,334,2018,4,Thu,FALSE,Spring,FALSE,Moderate
2018-04-06,HRL,8.61,29.66,42.17,12.2,1.6,301,2018,4,Fri,FALSE,Spring,FALSE,Good
2018-04-07,HRL,9.64,13.27,38.74,11.4,2.5,359,2018,4,Sat,TRUE,Spring,FALSE,Good
2018-04-08,HRL,9.96,39.55,29.28,9.8,4.8,134,2018,4,Sun,TRUE,Spring,FALSE,Good
2018-04-09,HRL,6.76,23.42,31.25,13.2,5.1,356,2018,4,Mon,FALSE,Spring,FALSE,Good
2018-04-10,HRL,10.81,31.85,32.54,12.7,6.6,201,2018,4,Tue,FALSE,Spring,FALSE,Moderate
2018-04-11,HRL,1,5,40.76,16.9,1.7,258,2018,4,Wed,FALSE,Spring,FALSE,Good
2018-04-12,HRL,16.69,39.08,35.46,9.9,8.8,203,2018,4,Thu,FALSE,Spring,FALSE,Moderate
2018-04-13,HRL,10.68,31.81,25.64,12.3,4.3,237,2018,4,Fri,FALSE,Spring,FALSE,Moderate
2018-04-14,HRL,11.88,14.5,49.86,16.4,1.9,154,2018,4,Sat,TRUE,Spring,FALSE,Moderate
2018-04-15,HRL,14.04,31.94,37.37,11.4,2.4,132,2018,4,Sun,TRUE,Spring,FALSE,Moderate
2018-04-16,HRL,12.96,37.1,44.92,11.1,2.1,264,2018,4,Mon,FALSE,Spring,FALSE,Moderate
2018-04-17,HRL,8.12,33.41,35.75,13.5,5.7,285,2018,4,Tue,FALSE,Spring,FALSE,Good
2018-04-18,HRL,7.4,24.82,35.2,15,4.6,311,2018,4,Wed,FALSE,Spring,FALSE,Good
2018-04-19,HRL,9.75,38.43,28.94,13.2,4.8,134,2018,4,Thu,FALSE,Spring,FALSE,Good
2018-04-20,HRL,7.99,13.63,46.1,15.8,5.4,95,2018,4,Fri,FALSE,Spring,FALSE,Good
2018-04-21,HRL,10.79,32.06,36.39,14.4,9,359,2018,4,Sat,TRUE,Spring,FALSE,Moderate
2018-04-22,HRL,10.37,46.05,36.15,17,1.8,342,2018,4,Sun,TRUE,Spring,FALSE,Moderate
2018-04-23,HRL,11.31,31.91,41.73,11.3,3.1,267,2018,4,Mon,FALSE,Spring,FALSE,Moderate
2018-04-24,HRL,8.7,23.01,54.27,13.6,2.8,25,2018,4,Tue,FALSE,Spring,FALSE,Good
2018-04-25,HRL,10.36,27.13,47.56,14,2,256,2018,4,Wed,FALSE,Spring,FALSE,Moderate
2018-04-26,HRL,8.5,6.66,43.44,15.8,5.4,181,2018,4,Thu,FALSE,Spring,FALSE,Good
2018-04-27,HRL,8.04,18.15,49.78,16,2.1,136,2018,4,Fri,FALSE,Spring,FALSE,Good
2018-04-28,HRL,5.38,22.08,35.17,15.1,6.4,330,2018,4,Sat,TRUE,Spring,FALSE,Good
2018-04-29,HRL,1.03,5,42.59,14.3,1.7,140,2018,4,Sun,TRUE,Spring,FALSE,Good
2018-04-30,HRL,1.44,5,41.92,17.1,10.7,74,2018,4,Mon,FALSE,Spring,FALSE,Good
2018-05-01,HRL,9.47,26.53,41.31,18.2,5.7,214,2018,5,Tue,FALSE,Spring,FALSE,Good
2018-05-02,HRL,7.7,24.59,37.13,16.5,3.6,65,2018,5,Wed,FALSE,Spring,FALSE,Good
2018-05-03,HRL,2.92,5,48.4,18.8,7.3,103,2018,5,Thu,FALSE,Spring,FALSE,Good
2018-05-04,HRL,7.91,27.93,26.68,17.1,3.7,165,2018,5,Fri,FALSE,Spring,FALSE,Good
2018-05-05,HRL,4.26,5,52.17,14.7,2,272,2018,5,Sat,TRUE,Spring,FALSE,Good
2018-05-06,HRL,6.7,18.17,37.07,14,1.1,339,2018,5,Sun,TRUE,Spring,FALSE,Good
2018-05-07,HRL,2.52,10.52,42.11,17.6,3.3,304,2018,5,Mon,FALSE,Spring,FALSE,Good
2018-05-08,HRL,3.38,10.63,42.29,12.8,4.1,309,2018,5,Tue,FALSE,Spring,FALSE,Good
2018-05-09,HRL,9.31,16.51,47.82,13.6,8.6,348,2018,5,Wed,FALSE,Spring,FALSE,Good
2018-05-10,HRL,10.53,40.78,31.56,17.7,3.3,121,2018,5,Thu,FALSE,Spring,FALSE,Moderate
2018-05-11,HRL,2.8,30.06,33.96,16.4,5.3,320,2018,5,Fri,FALSE,Spring,FALSE,Good
2018-05-12,HRL,11.32,15.97,43.84,17.8,10.6,39,2018,5,Sat,TRUE,Spring,FALSE,Moderate
2018-05-13,HRL,1.75,5.38,39.65,18.4,3.7,201,2018,5,Sun,TRUE,Spring,FALSE,Good
2018-05-14,HRL,8.46,24.27,48.6,13.7,2.9,179,2018,5,Mon,FALSE,Spring,FALSE,Good
2018-05-15,HRL,10.06,35.89,33,17.3,7.4,59,2018,5,Tue,FALSE,Spring,FALSE,Moderate
2018-05-16,HRL,8.27,22.15,35.2,17.6,6,151,2018,5,Wed,FALSE,Spring,FALSE,Good
2018-05-17,HRL,3.02,9.41,42.35,17.6,2.2,134,2018,5,Thu,FALSE,Spring,FALSE,Good
2018-05-18,HRL,10.9,29.79,26.14,18.5,5.5,162,2018,5,Fri,FALSE,Spring,FALSE,Moderate
2018-05-19,HRL,1.52,10.86,49.55,19,4.8,192,2018,5,Sat,TRUE,Spring,FALSE,Good
2018-05-20,HRL,4.7,16.08,38.4,16.9,3,249,2018,5,Sun,TRUE,Spring,FALSE,Good
2018-05-21,HRL,6.04,19.31,38.55,16.8,3.4,285,2018,5,Mon,FALSE,Spring,FALSE,Good
2018-05-22,HRL,3.04,5,44.43,17.6,3.3,357,2018,5,Tue,FALSE,Spring,FALSE,Good
2018-05-23,HRL,7.72,17.74,35.54,18,8.2,72,2018,5,Wed,FALSE,Spring,FALSE,Good
2018-05-24,HRL,5.87,16,29.9,17.4,6.8,114,2018,5,Thu,FALSE,Spring,FALSE,Good
2018-05-25,HRL,2.08,5,49.04,15.1,2.1,113,2018,5,Fri,FALSE,Spring,FALSE,Good
2018-05-26,HRL,1.96,5,44.16,17.7,7.6,260,2018,5,Sat,TRUE,Spring,FALSE,Good
2018-05-27,HRL,7.8,23.91,34.44,19.7,4.1,93,2018,5,Sun,TRUE,Spring,FALSE,Good
2018-05-28,HRL,7.71,27.32,42.33,15.3,4,355,2018,5,Mon,FALSE,Spring,FALSE,Good
2018-05-29,HRL,7.44,20.69,36.43,22.2,5.4,244,2018,5,Tue,FALSE,Spring,FALSE,Good
2018-05-30,HRL,11.35,44.81,32.26,17.8,2.7,331,2018,5,Wed,FALSE,Spring,FALSE,Moderate
2018-05-31,HRL,9.65,35.9,36.14,15.3,5.5,177,2018,5,Thu,FALSE,Spring,FALSE,Good
2018-06-01,HRL,4.49,19.69,34.48,15,8.1,208,2018,6,Fri,FALSE,Summer,FALSE,Good
2018-06-02,HRL,3.91,5,50.31,17,9.8,28,2018,6,Sat,TRUE,Summer,FALSE,Good
2018-06-03,HRL,4.85,9.28,50.51,16.4,9.9,28,2018,6,Sun,TRUE,Summer,FALSE,Good
2018-06-04,HRL,3.02,9.93,49.43,14.7,5.5,40,2018,6,Mon,FALSE,Summer,FALSE,Good
2018-06-05,HRL,5.98,26.9,30,15,5.8,192,2018,6,Tue,FALSE,Summer,FALSE,Good
2018-06-06,HRL,2.22,5,37.19,15.8,6.4,146,2018,6,Wed,FALSE,Summer,FALSE,Good
2018-06-07,HRL,6.64,15.82,42.4,22.9,4.6,120,2018,6,Thu,FALSE,Summer,FALSE,Good
2018-06-08,HRL,9.09,30.48,30.61,14.8,4.8,9,2018,6,Fri,FALSE,Summer,FALSE,Good
2018-06-09,HRL,1,10.85,53.58,18.9,2.1,199,2018,6,Sat,TRUE,Summer,FALSE,Good
2018-06-10,HRL,5.51,19.13,44.01,16.6,2.6,288,2018,6,Sun,TRUE,Summer,FALSE,Good
2018-06-11,HRL,10.12,18.92,42.11,15.9,6.8,73,2018,6,Mon,FALSE,Summer,FALSE,Moderate
2018-06-12,HRL,7.86,5,38.79,17,6.9,296,2018,6,Tue,FALSE,Summer,FALSE,Good
2018-06-13,HRL,5.07,5,35.74,21.8,3,191,2018,6,Wed,FALSE,Summer,FALSE,Good
2018-06-14,HRL,8.53,27.59,40.85,16.1,2.9,172,2018,6,Thu,FALSE,Summer,FALSE,Good
2018-06-15,HRL,1.42,5.72,45.55,17.8,3.8,14,2018,6,Fri,FALSE,Summer,FALSE,Good
2018-06-16,HRL,6.5,20.79,38.06,16.8,5.1,106,2018,6,Sat,TRUE,Summer,FALSE,Good
2018-06-17,HRL,6.08,15.85,44.95,18.8,3,133,2018,6,Sun,TRUE,Summer,FALSE,Good
2018-06-18,HRL,1.44,9.22,39.51,15.7,7,260,2018,6,Mon,FALSE,Summer,FALSE,Good
2018-06-19,HRL,6.2,23.63,41.76,19.4,12,233,2018,6,Tue,FALSE,Summer,FALSE,Good
2018-06-20,HRL,13.11,47.64,28.15,18.7,7.1,143,2018,6,Wed,FALSE,Summer,FALSE,Moderate
2018-06-21,HRL,1,21.24,33.16,15.7,7.9,177,2018,6,Thu,FALSE,Summer,FALSE,Good
2018-06-22,HRL,4.26,5,42.73,18.5,3.2,326,2018,6,Fri,FALSE,Summer,FALSE,Good
2018-06-23,HRL,7.51,6.33,44.28,16,4.4,199,2018,6,Sat,TRUE,Summer,FALSE,Good
2018-06-24,HRL,1.85,7.57,38.32,17.1,3.7,84,2018,6,Sun,TRUE,Summer,FALSE,Good
2018-06-25,HRL,1.29,15.49,31.56,17.4,1.4,99,2018,6,Mon,FALSE,Summer,FALSE,Good
2018-06-26,HRL,5.21,20.91,35.09,17.3,1.6,100,2018,6,Tue,FALSE,Summer,FALSE,Good
2018-06-27,HRL,2.13,5,43.94,16.8,2.5,347,2018,6,Wed,FALSE,Summer,FALSE,Good
2018-06-28,HRL,1,5,53.83,19.4,4.3,4,2018,6,Thu,FALSE,Summer,FALSE,Good
2018-06-29,HRL,5.81,5,52,20.7,6.1,316,2018,6,Fri,FALSE,Summer,FALSE,Good
2018-06-30,HRL,3.07,13.94,42.34,19,12.1,119,2018,6,Sat,TRUE,Summer,FALSE,Good
2018-07-01,HRL,1,5,47.31,17.3,2.1,60,2018,7,Sun,TRUE,Summer,FALSE,Good
2018-07-02,HRL,1,5,44.86,18.1,4.2,165,2018,7,Mon,FALSE,Summer,FALSE,Good
2018-07-03,HRL,5.97,13.87,44.98,17.5,8.9,20,2018,7,Tue,FALSE,Summer,FALSE,Good
2018-07-04,HRL,1.36,9.49,34.98,19.7,1.3,76,2018,7,Wed,FALSE,Summer,FALSE,Good
2018-07-05,HRL,9.17,12.94,39.16,17.7,7,325,2018,7,Thu,FALSE,Summer,FALSE,Good
2018-07-06,HRL,2.58,7.24,45.38,16.6,5.8,130,2018,7,Fri,FALSE,Summer,FALSE,Good
2018-07-07,HRL,2.23,5,44.41,15.3,1.4,231,2018,7,Sat,TRUE,Summer,FALSE,Good
2018-07-08,HRL,3.69,5,42.01,17.2,3.5,303,2018,7,Sun,TRUE,Summer,FALSE,Good
2018-07-09,HRL,2.42,14.48,40.5,17.8,4.6,155,2018,7,Mon,FALSE,Summer,FALSE,Good
2018-07-10,HRL,5.98,19.2,39.81,17.2,11.8,138,2018,7,Tue,FALSE,Summer,FALSE,Good
2018-07-11,HRL,10.48,28.06,37.31,17.4,5.3,75,2018,7,Wed,FALSE,Summer,FALSE,Moderate
2018-07-12,HRL,11.23,13,47.71,21.1,2.4,237,2018,7,Thu,FALSE,Summer,FALSE,Moderate
2018-07-13,HRL,2.03,5,58.21,16.7,3.9,265,2018,7,Fri,FALSE,Summer,FALSE,Good
2018-07-14,HRL,1.3,5,50.45,16.5,6.3,130,2018,7,Sat,TRUE,Summer,FALSE,Good
2018-07-15,HRL,1,5,32.22,18,4,358,2018,7,Sun,TRUE,Summer,FALSE,Good
2018-07-16,HRL,3.34,5,45.11,16.8,3.8,105,2018,7,Mon,FALSE,Summer,FALSE,Good
2018-07-17,HRL,1.31,5,48.41,14.6,6.6,281,2018,7,Tue,FALSE,Summer,FALSE,Good
2018-07-18,HRL,8.35,24.72,38.95,18.9,5.1,145,2018,7,Wed,FALSE,Summer,FALSE,Good
2018-07-19,HRL,1.37,17.45,31.98,16.4,2.9,72,2018,7,Thu,FALSE,Summer,FALSE,Good
2018-07-20,HRL,1.83,6.37,44.68,18.8,2,98,2018,7,Fri,FALSE,Summer,FALSE,Good
2018-07-21,HRL,1,5,44.45,14.8,5.7,256,2018,7,Sat,TRUE,Summer,FALSE,Good
2018-07-22,HRL,1,5,38.29,13.4,2.1,315,2018,7,Sun,TRUE,Summer,FALSE,Good
2018-07-23,HRL,2.41,24.16,35.92,16.7,1.8,353,2018,7,Mon,FALSE,Summer,FALSE,Good
2018-07-24,HRL,2.84,12.91,36.57,22.8,7.4,278,2018,7,Tue,FALSE,Summer,FALSE,Good
2018-07-25,HRL,2.12,19.7,43.13,15.6,4.9,104,2018,7,Wed,FALSE,Summer,FALSE,Good
2018-07-26,HRL,5.61,11.19,43.09,18.2,3.5,275,2018,7,Thu,FALSE,Summer,FALSE,Good
2018-07-27,HRL,5.29,11.53,57.95,16.5,6.6,333,2018,7,Fri,FALSE,Summer,FALSE,Good
2018-07-28,HRL,4.48,5,46.42,18.6,8.1,102,2018,7,Sat,TRUE,Summer,FALSE,Good
2018-07-29,HRL,2.89,20.63,32.81,18.6,5.3,35,2018,7,Sun,TRUE,Summer,FALSE,Good
2018-07-30,HRL,2.68,5,49,16.9,4.2,34,2018,7,Mon,FALSE,Summer,FALSE,Good
2018-07-31,HRL,1,5,44.43,17.7,4,6,2018,7,Tue,FALSE,Summer,FALSE,Good
2018-08-01,HRL,7.66,22.92,35.89,14.3,3.8,307,2018,8,Wed,FALSE,Summer,FALSE,Good
2018-08-02,HRL,4.3,7.91,47.29,14.8,4.6,62,2018,8,Thu,FALSE,Summer,FALSE,Good
2018-08-03,HRL,7.52,13.43,44.04,19.4,1.4,297,2018,8,Fri,FALSE,Summer,FALSE,Good
2018-08-04,HRL,1,5,43.83,15.7,3.4,111,2018,8,Sat,TRUE,Summer,FALSE,Good
2018-08-05,HRL,1,9.46,43.79,19.6,5.4,118,2018,8,Sun,TRUE,Summer,FALSE,Good
2018-08-06,HRL,4.96,13.3,36.85,13.5,3,331,2018,8,Mon,FALSE,Summer,FALSE,Good
2018-08-07,HRL,2.67,12.11,43.48,17,2.8,52,2018,8,Tue,FALSE,Summer,FALSE,Good
2018-08-08,HRL,2.2,9.42,45.54,14.4,3.7,278,2018,8,Wed,FALSE,Summer,FALSE,Good
2018-08-09,HRL,7.16,13.02,36.67,16,8.7,62,2018,8,Thu,FALSE,Summer,FALSE,Good
2018-08-10,HRL,1,5,40.41,14.2,2.9,2,2018,8,Fri,FALSE,Summer,FALSE,Good
2018-08-11,HRL,1.18,16.94,32.39,14.6,3.9,144,2018,8,Sat,TRUE,Summer,FALSE,Good
2018-08-12,HRL,1.81,5,39.93,16.3,5.2,190,2018,8,Sun,TRUE,Summer,FALSE,Good
2018-08-13,HRL,2.89,11.89,41.9,16.9,7.5,236,2018,8,Mon,FALSE,Summer,FALSE,Good
2018-08-14,HRL,6.68,28.02,29.14,16.9,13,289,2018,8,Tue,FALSE,Summer,FALSE,Good
2018-08-15,HRL,9.05,37.29,34.44,15.7,3.1,328,2018,8,Wed,FALSE,Summer,FALSE,Good
2018-08-16,HRL,7.66,25.46,29.19,14.2,3.2,38,2018,8,Thu,FALSE,Summer,FALSE,Good
2018-08-17,HRL,1,5,46.11,16.5,2.7,99,2018,8,Fri,FALSE,Summer,FALSE,Good
2018-08-18,HRL,4.39,15.54,30.37,13.5,3.1,33,2018,8,Sat,TRUE,Summer,FALSE,Good
2018-08-19,HRL,3.12,5,51.06,11.1,7.1,143,2018,8,Sun,TRUE,Summer,FALSE,Good
2018-08-20,HRL,1,5,57.77,14.2,5.1,173,2018,8,Mon,FALSE,Summer,FALSE,Good
2018-08-21,HRL,9.21,22.57,45.33,13.2,2.6,323,2018,8,Tue,FALSE,Summer,FALSE,Good
2018-08-22,HRL,4.42,6.35,37.67,10.8,4.2,17,2018,8,Wed,FALSE,Summer,FALSE,Good
2018-08-23,HRL,6.18,23.86,33.99,15.4,5.3,100,2018,8,Thu,FALSE,Summer,FALSE,Good
2018-08-24,HRL,4.27,14.1,49.57,12.2,8.6,327,2018,8,Fri,FALSE,Summer,FALSE,Good
2018-08-25,HRL,3.9,14.38,43.7,13.3,3.1,236,2018,8,Sat,TRUE,Summer,FALSE,Good
2018-08-26,HRL,2.89,5,28.76,13.9,4.7,330,2018,8,Sun,TRUE,Summer,FALSE,Good
2018-08-27,HRL,1,16.1,40.88,12.4,1.8,13,2018,8,Mon,FALSE,Summer,FALSE,Good
2018-08-28,HRL,4.54,28.44,36.29,10.7,4.4,278,2018,8,Tue,FALSE,Summer,FALSE,Good
2018-08-29,HRL,1.97,5,42.38,13.5,7,193,2018,8,Wed,FALSE,Summer,FALSE,Good
2018-08-30,HRL,1.75,7.36,46.46,8.8,3.2,75,2018,8,Thu,FALSE,Summer,FALSE,Good
2018-08-31,HRL,14.5,32.71,33.4,11.1,4.7,100,2018,8,Fri,FALSE,Summer,FALSE,Moderate
2018-09-01,HRL,5.43,17.84,51.39,12,7.4,342,2018,9,Sat,TRUE,Autumn,FALSE,Good
2018-09-02,HRL,6.55,21.62,44.51,13.9,6.9,117,2018,9,Sun,TRUE,Autumn,FALSE,Good
2018-09-03,HRL,2.26,5,53.68,14,5.8,234,2018,9,Mon,FALSE,Autumn,FALSE,Good
2018-09-04,HRL,3.69,19.58,24.89,10.8,3.4,93,2018,9,Tue,FALSE,Autumn,FALSE,Good
2018-09-05,HRL,6.73,32.24,46.36,13.3,5.7,102,2018,9,Wed,FALSE,Autumn,FALSE,Good
2018-09-06,HRL,3.51,17.98,41.53,11.9,2.6,117,2018,9,Thu,FALSE,Autumn,FALSE,Good
2018-09-07,HRL,6.42,21.59,36.74,11.4,8.8,245,2018,9,Fri,FALSE,Autumn,FALSE,Good
2018-09-08,HRL,4.98,27.15,43.63,13.7,3.8,224,2018,9,Sat,TRUE,Autumn,FALSE,Good
2018-09-09,HRL,1,18.08,39.55,11.1,3.7,61,2018,9,Sun,TRUE,Autumn,FALSE,Good
2018-09-10,HRL,3.57,6.57,47.52,11.2,4.5,302,2018,9,Mon,FALSE,Autumn,FALSE,Good
2018-09-11,HRL,12.93,31.19,37.38,8.6,3.6,265,2018,9,Tue,FALSE,Autumn,FALSE,Moderate
2018-09-12,HRL,1.56,20.03,40.72,10.4,6,330,2018,9,Wed,FALSE,Autumn,FALSE,Good
2018-09-13,HRL,9.88,20.74,32.76,12,7.7,197,2018,9,Thu,FALSE,Autumn,FALSE,Good
2018-09-14,HRL,5.52,26.01,25.99,10.2,3.3,159,2018,9,Fri,FALSE,Autumn,FALSE,Good
2018-09-15,HRL,3.64,5,38.82,11.2,13,98,2018,9,Sat,TRUE,Autumn,FALSE,Good
2018-09-16,HRL,2.67,16.93,33.32,9.8,3.2,154,2018,9,Sun,TRUE,Autumn,FALSE,Good
2018-09-17,HRL,13.08,38.49,30.38,11.2,2.8,256,2018,9,Mon,FALSE,Autumn,FALSE,Moderate
2018-09-18,HRL,8.14,11.71,26.47,12.9,4.7,134,2018,9,Tue,FALSE,Autumn,FALSE,Good
2018-09-19,HRL,7.46,29.13,36.02,9.8,2.7,189,2018,9,Wed,FALSE,Autumn,FALSE,Good
2018-09-20,HRL,14.1,20.5,38.53,12,4.5,29,2018,9,Thu,FALSE,Autumn,FALSE,Moderate
2018-09-21,HRL,1.34,21.85,41.84,10.7,3.5,227,2018,9,Fri,FALSE,Autumn,FALSE,Good
2018-09-22,HRL,5.16,5,33.37,11.8,7.9,172,2018,9,Sat,TRUE,Autumn,FALSE,Good
2018-09-23,HRL,8.7,26.61,38.99,8.6,6.3,118,2018,9,Sun,TRUE,Autumn,FALSE,Good
2018-09-24,HRL,4.87,13,33.44,6.5,4.2,264,2018,9,Mon,FALSE,Autumn,FALSE,Good
2018-09-25,HRL,5.19,11.97,40.58,6.9,3.5,186,2018,9,Tue,FALSE,Autumn,FALSE,Good
2018-09-26,HRL,7.09,15.19,39.74,9.4,3.7,239,2018,9,Wed,FALSE,Autumn,FALSE,Good
2018-09-27,HRL,11.09,33.92,40.91,5.2,5.1,249,2018,9,Thu,FALSE,Autumn,FALSE,Moderate
2018-09-28,HRL,6.07,5,37.87,6.1,2.4,183,2018,9,Fri,FALSE,Autumn,FALSE,Good
2018-09-29,HRL,5.77,34.26,34.03,10.4,19.1,95,2018,9,Sat,TRUE,Autumn,FALSE,Good
2018-09-30,HRL,5.95,14.8,43.21,7.3,6.6,145,2018,9,Sun,TRUE,Autumn,FALSE,Good
2018-10-01,HRL,4.63,5,39.98,7.7,2.2,33,2018,10,Mon,FALSE,Autumn,FALSE,Good
2018-10-02,HRL,10.68,46.63,29.59,6.3,5.6,167,2018,10,Tue,FALSE,Autumn,FALSE,Moderate
2018-10-03,HRL,5.78,12.99,49.7,9.7,2.1,318,2018,10,Wed,FALSE,Autumn,FALSE,Good
2018-10-04,HRL,3.58,18.34,39.51,6.2,5.3,150,2018,10,Thu,FALSE,Autumn,FALSE,Good
2018-10-05,HRL,4.44,16.43,28.11,6.8,2.1,258,2018,10,Fri,FALSE,Autumn,FALSE,Good
2018-10-06,HRL,4.72,9.74,36.68,8.9,2.6,334,2018,10,Sat,TRUE,Autumn,FALSE,Good
2018-10-07,HRL,5.39,11.94,44.37,5.9,4.1,274,2018,10,Sun,TRUE,Autumn,FALSE,Good
2018-10-08,HRL,8.28,27.23,32.51,14.2,6,265,2018,10,Mon,FALSE,Autumn,FALSE,Good
2018-10-09,HRL,8.93,25.57,35.89,3.9,4.2,52,2018,10,Tue,FALSE,Autumn,FALSE,Good
2018-10-10,HRL,9.21,27.79,46.68,7.9,6.8,197,2018,10,Wed,FALSE,Autumn,FALSE,Good
2018-10-11,HRL,10.75,28.97,32.64,5.5,3.4,192,2018,10,Thu,FALSE,Autumn,FALSE,Moderate
2018-10-12,HRL,6.82,15.77,37.09,7.8,2.2,4,2018,10,Fri,FALSE,Autumn,FALSE,Good
2018-10-13,HRL,7.89,17.18,44,7.8,2.6,350,2018,10,Sat,TRUE,Autumn,FALSE,Good
2018-10-14,HRL,9.04,19.91,39.87,10.4,5.8,269,2018,10,Sun,TRUE,Autumn,FALSE,Good
2018-10-15,HRL,10.16,22.71,32.63,7.1,5.2,184,2018,10,Mon,FALSE,Autumn,FALSE,Moderate
2018-10-16,HRL,12.38,31.91,33.28,6.5,4.6,358,2018,10,Tue,FALSE,Autumn,FALSE,Moderate
2018-10-17,HRL,9.54,36.2,40.25,5.1,4.3,173,2018,10,Wed,FALSE,Autumn,FALSE,Good
2018-10-18,HRL,10.81,31.39,37.02,2.8,4.1,102,2018,10,Thu,FALSE,Autumn,FALSE,Moderate
2018-10-19,HRL,7.06,14.97,39.44,1.5,5.9,190,2018,10,Fri,FALSE,Autumn,FALSE,Good
2018-10-20,HRL,8.88,20.33,31.99,9.4,5.7,24,2018,10,Sat,TRUE,Autumn,FALSE,Good
2018-10-21,HRL,6.83,15.34,46.54,3.1,7,9,2018,10,Sun,TRUE,Autumn,FALSE,Good
2018-10-22,HRL,10.49,51.57,27.93,5.6,7.5,128,2018,10,Mon,FALSE,Autumn,FALSE,Moderate
2018-10-23,HRL,6.53,6.17,39.85,8.2,4,143,2018,10,Tue,FALSE,Autumn,FALSE,Good
2018-10-24,HRL,2.9,27.95,34.97,7.8,5.9,251,2018,10,Wed,FALSE,Autumn,FALSE,Good
2018-10-25,HRL,13.06,36.59,27.94,2.4,5.6,40,2018,10,Thu,FALSE,Autumn,FALSE,Moderate
2018-10-26,HRL,6.89,18.02,41.94,1.1,5.2,334,2018,10,Fri,FALSE,Autumn,FALSE,Good
2018-10-27,HRL,3.47,9.37,51.8,2.7,9,140,2018,10,Sat,TRUE,Autumn,FALSE,Good
2018-10-28,HRL,9.25,26.37,17.31,7.9,2.6,321,2018,10,Sun,TRUE,Autumn,FALSE,Good
2018-10-29,HRL,6.69,22.26,40.57,5.8,7.4,147,2018,10,Mon,FALSE,Autumn,FALSE,Good
2018-10-30,HRL,17.56,40.6,36.66,6.3,3.8,150,2018,10,Tue,FALSE,Autumn,FALSE,Moderate
2018-10-31,HRL,9.11,31.81,40.29,5.1,8.1,91,2018,10,Wed,FALSE,Autumn,FALSE,Good
2018-11-01,HRL,14.83,31.55,50.98,4,1.9,308,2018,11,Thu,FALSE,Autumn,FALSE,Moderate
2018-11-02,HRL,12.83,26.03,29.47,7,5.3,310,2018,11,Fri,FALSE,Autumn,FALSE,Moderate
2018-11-03,HRL,5.16,19.82,52.25,2.5,4.8,16,2018,11,Sat,TRUE,Autumn,FALSE,Good
2018-11-04,HRL,13.96,43.73,27.28,5.5,7.9,291,2018,11,Sun,TRUE,Autumn,FALSE,Moderate
2018-11-05,HRL,8.02,27.68,27.33,2.9,5.4,99,2018,11,Mon,FALSE,Autumn,FALSE,Good
2018-11-06,HRL,11.94,44.09,23.86,3,4.5,165,2018,11,Tue,FALSE,Autumn,FALSE,Moderate
2018-11-07,HRL,15.41,53.8,36.95,0.9,3.4,85,2018,11,Wed,FALSE,Autumn,FALSE,Moderate
2018-11-08,HRL,7.16,22.26,49.58,4.9,9.1,345,2018,11,Thu,FALSE,Autumn,FALSE,Good
2018-11-09,HRL,16.55,41.04,27.48,3.2,2.1,296,2018,11,Fri,FALSE,Autumn,FALSE,Moderate
2018-11-10,HRL,2.76,5,44.09,2.5,4.4,332,2018,11,Sat,TRUE,Autumn,FALSE,Good
2018-11-11,HRL,10.37,38.72,36.48,4.3,4.9,57,2018,11,Sun,TRUE,Autumn,FALSE,Moderate
2018-11-12,HRL,9.31,26.69,33.86,2,1.9,197,2018,11,Mon,FALSE,Autumn,FALSE,Good
2018-11-13,HRL,10.32,33.52,30.29,3.7,6.2,218,2018,11,Tue,FALSE,Autumn,FALSE,Moderate
2018-11-14,HRL,8.88,25.36,45.03,4.6,4.7,73,2018,11,Wed,FALSE,Autumn,FALSE,Good
2018-11-15,HRL,15.79,47.23,31.79,3.3,5,81,2018,11,Thu,FALSE,Autumn,FALSE,Moderate
2018-11-16,HRL,11.51,14.64,39,3.2,4.1,128,2018,11,Fri,FALSE,Autumn,FALSE,Moderate
2018-11-17,HRL,5.02,9.97,48.8,3.6,5.1,283,2018,11,Sat,TRUE,Autumn,FALSE,Good
2018-11-18,HRL,6.03,5.09,41.55,5.4,4,137,2018,11,Sun,TRUE,Autumn,FALSE,Good
2018-11-19,HRL,12.04,42.01,39.08,-2.3,3.5,88,2018,11,Mon,FALSE,Autumn,FALSE,Moderate
2018-11-20,HRL,16.22,38.8,24.38,0.7,2.9,109,2018,11,Tue,FALSE,Autumn,FALSE,Moderate
2018-11-21,HRL,5.67,18.55,39.26,2.2,3.6,280,2018,11,Wed,FALSE,Autumn,FALSE,Good
2018-11-22,HRL,9.82,41.29,30.08,5.9,3.6,198,2018,11,Thu,FALSE,Autumn,FALSE,Good
2018-11-23,HRL,12.83,43.78,32.73,3.2,5.4,172,2018,11,Fri,FALSE,Autumn,FALSE,Moderate
2018-11-24,HRL,13.46,23.73,31.07,0.4,5.6,345,2018,11,Sat,TRUE,Autumn,FALSE,Moderate
2018-11-25,HRL,9.14,19.75,29.62,4.4,10.8,90,2018,11,Sun,TRUE,Autumn,FALSE,Good
2018-11-26,HRL,10.89,25.27,36.53,2.4,7.1,122,2018,11,Mon,FALSE,Autumn,FALSE,Moderate
2018-11-27,HRL,12.22,32.01,35.23,1,5.6,88,2018,11,Tue,FALSE,Autumn,FALSE,Moderate
2018-11-28,HRL,13.12,39.27,36.36,-2.4,7.5,136,2018,11,Wed,FALSE,Autumn,FALSE,Moderate
2018-11-29,HRL,15.97,34.52,35.03,2.7,4.1,57,2018,11,Thu,FALSE,Autumn,FALSE,Moderate
2018-11-30,HRL,15.14,53.02,37.47,5.9,3.2,137,2018,11,Fri,FALSE,Autumn,FALSE,Moderate
2018-12-01,HRL,8.24,25.74,40.52,1.1,2.7,198,2018,12,Sat,TRUE,Winter,FALSE,Good
2018-12-02,HRL,9.72,25.85,40.58,3.3,6.2,354,2018,12,Sun,TRUE,Winter,FALSE,Good
2018-12-03,HRL,13.04,37.98,40.86,1,1.8,83,2018,12,Mon,FALSE,Winter,FALSE,Moderate
2018-12-04,HRL,11.18,34.84,34.58,2.9,7.2,18,2018,12,Tue,FALSE,Winter,FALSE,Moderate
2018-12-05,HRL,15.5,48.93,27.86,4.4,4.2,336,2018,12,Wed,FALSE,Winter,FALSE,Moderate
2018-12-06,HRL,12.15,34.56,35.82,5.8,5.6,156,2018,12,Thu,FALSE,Winter,FALSE,Moderate
2018-12-07,HRL,9.73,27.83,37.58,1.4,1.6,293,2018,12,Fri,FALSE,Winter,FALSE,Good
2018-12-08,HRL,10.95,22.59,27.13,3,3.2,12,2018,12,Sat,TRUE,Winter,FALSE,Moderate
2018-12-09,HRL,9.02,15.42,45.95,4.4,6.3,352,2018,12,Sun,TRUE,Winter,FALSE,Good
2018-12-10,HRL,16.17,44.45,36.68,0.2,6.5,192,2018,12,Mon,FALSE,Winter,FALSE,Moderate
2018-12-11,HRL,14.31,49.75,40.03,1,5.6,224,2018,12,Tue,FALSE,Winter,FALSE,Moderate
2018-12-12,HRL,14.7,39.36,42.61,4.5,3,171,2018,12,Wed,FALSE,Winter,FALSE,Moderate
2018-12-13,HRL,15.43,40.19,32.85,-0.2,3.1,331,2018,12,Thu,FALSE,Winter,FALSE,Moderate
2018-12-14,HRL,5.56,7.87,36.08,4,3.7,271,2018,12,Fri,FALSE,Winter,FALSE,Good
2018-12-15,HRL,4.35,19.74,43.61,1.3,2.8,100,2018,12,Sat,TRUE,Winter,FALSE,Good
2018-12-16,HRL,10.45,30.35,50.36,-0.7,2,333,2018,12,Sun,TRUE,Winter,FALSE,Moderate
2018-12-17,HRL,17.59,44.45,30.62,1.9,2.4,261,2018,12,Mon,FALSE,Winter,FALSE,Moderate
2018-12-18,HRL,18.02,41.61,31.85,2.1,7,141,2018,12,Tue,FALSE,Winter,FALSE,Moderate
2018-12-19,HRL,11.89,34.55,26.8,-0.8,2.8,308,2018,12,Wed,FALSE,Winter,FALSE,Moderate
2018-12-20,HRL,13.91,44.02,29.54,0.4,2.2,155,2018,12,Thu,FALSE,Winter,FALSE,Moderate
2018-12-21,HRL,19.88,52.16,30.05,1,2.8,110,2018,12,Fri,FALSE,Winter,FALSE,Moderate
2018-12-22,HRL,11.63,33.96,43.44,0.4,4.2,51,2018,12,Sat,TRUE,Winter,FALSE,Moderate
2018-12-23,HRL,14.32,51.3,28.5,4,4,126,2018,12,Sun,TRUE,Winter,FALSE,Moderate
2018-12-24,HRL,13.26,41.64,30.24,3,2.1,121,2018,12,Mon,FALSE,Winter,FALSE,Moderate
2018-12-25,HRL,11.85,36.25,27.74,-0.5,3.2,74,2018,12,Tue,FALSE,Winter,FALSE,Moderate
2018-12-26,HRL,10.83,42.48,27.89,4.9,4.7,258,2018,12,Wed,FALSE,Winter,FALSE,Moderate
2018-12-27,HRL,11.67,33.7,34.1,0.5,1.6,248,2018,12,Thu,FALSE,Winter,FALSE,Moderate
2018-12-28,HRL,10.86,28.44,37.7,1.6,5.8,47,2018,12,Fri,FALSE,Winter,FALSE,Moderate
2018-12-29,HRL,8.88,20.09,38.36,2,2.9,320,2018,12,Sat,TRUE,Winter,FALSE,Good
2018-12-30,HRL,7.12,27.81,40.54,1.9,5.8,109,2018,12,Sun,TRUE,Winter,FALSE,Good
2018-12-31,HRL,14.23,46.08,35.3,2.4,3.2,224,2018,12,Mon,FALSE,Winter,FALSE,Moderate
2019-01-01,HRL,4.86,23.66,35.42,0.9,4.1,213,2019,1,Tue,FALSE,Winter,FALSE,Good
2019-01-02,HRL,15.36,46.85,34.64,2.1,1.5,77,2019,1,Wed,FALSE,Winter,FALSE,Moderate
2019-01-03,HRL,10.45,33.61,31.19,4.2,4.3,275,2019,1,Thu,FALSE,Winter,FALSE,Moderate
2019-01-04,HRL,20.6,60.46,25.75,2.9,4.1,76,2019,1,Fri,FALSE,Winter,FALSE,Unhealthy (sensitive)
2019-01-05,HRL,9.53,18.42,32.74,2.8,6.8,26,2019,1,Sat,TRUE,Winter,FALSE,Good
2019-01-06,HRL,10.98,28.26,30.54,4.1,3.9,119,2019,1,Sun,TRUE,Winter,FALSE,Moderate
2019-01-07,HRL,12.21,38.01,52.95,1.7,5.9,43,2019,1,Mon,FALSE,Winter,FALSE,Moderate
2019-01-08,HRL,14.42,47.33,33.23,3.6,1.6,299,2019,1,Tue,FALSE,Winter,FALSE,Moderate
2019-01-09,HRL,12.18,48.51,34.66,-1.4,8.5,51,2019,1,Wed,FALSE,Winter,FALSE,Moderate
2019-01-10,HRL,9.52,23.05,33.13,2.5,6.8,281,2019,1,Thu,FALSE,Winter,FALSE,Good
2019-01-11,HRL,19.89,64.23,26.48,2.5,5.7,212,2019,1,Fri,FALSE,Winter,FALSE,Moderate
2019-01-12,HRL,10.66,21.57,37.26,0.8,7.9,304,2019,1,Sat,TRUE,Winter,FALSE,Moderate
2019-01-13,HRL,15.06,40.76,34.25,2.5,4,261,2019,1,Sun,TRUE,Winter,FALSE,Moderate
2019-01-14,HRL,7.64,19.16,44.12,0.7,3.7,240,2019,1,Mon,FALSE,Winter,FALSE,Good
2019-01-15,HRL,7.28,24.72,45.44,2.9,9.5,312,2019,1,Tue,FALSE,Winter,FALSE,Good
2019-01-16,HRL,9.81,31.86,30.9,3.1,1.2,264,2019,1,Wed,FALSE,Winter,FALSE,Good
2019-01-17,HRL,13.89,39.79,33.24,-0.1,5.7,95,2019,1,Thu,FALSE,Winter,FALSE,Moderate
2019-01-18,HRL,10.08,29.7,26.88,0.9,3.2,202,2019,1,Fri,FALSE,Winter,FALSE,Moderate
2019-01-19,HRL,13.63,42.74,32.66,2.6,7.9,267,2019,1,Sat,TRUE,Winter,FALSE,Moderate
2019-01-20,HRL,12.49,39.2,39.32,5.3,7.2,83,2019,1,Sun,TRUE,Winter,FALSE,Moderate
2019-01-21,HRL,14.34,34.41,45.34,5.8,4.7,286,2019,1,Mon,FALSE,Winter,FALSE,Moderate
2019-01-22,HRL,17.58,48.59,32.3,4.2,4.2,40,2019,1,Tue,FALSE,Winter,FALSE,Moderate
2019-01-23,HRL,11.55,34.56,31.59,4,4.1,248,2019,1,Wed,FALSE,Winter,FALSE,Moderate
2019-01-24,HRL,14.72,23.44,36.45,2.3,3.1,46,2019,1,Thu,FALSE,Winter,FALSE,Moderate
2019-01-25,HRL,14.57,50.82,30.02,4.9,2,17,2019,1,Fri,FALSE,Winter,FALSE,Moderate
2019-01-26,HRL,10.85,25.03,31.18,4.4,5.3,83,2019,1,Sat,TRUE,Winter,FALSE,Moderate
2019-01-27,HRL,11.93,58.16,25.24,3.3,6.3,110,2019,1,Sun,TRUE,Winter,FALSE,Moderate
2019-01-28,HRL,13.52,39.55,34.04,2.7,4,200,2019,1,Mon,FALSE,Winter,FALSE,Moderate
2019-01-29,HRL,17.73,48.08,33.09,6.1,4.3,345,2019,1,Tue,FALSE,Winter,FALSE,Moderate
2019-01-30,HRL,12.48,30.88,42.42,5.8,4.3,201,2019,1,Wed,FALSE,Winter,FALSE,Moderate
2019-01-31,HRL,12.02,32.38,39.93,3.9,7.1,40,2019,1,Thu,FALSE,Winter,FALSE,Moderate
2019-02-01,HRL,11.86,38.07,29.35,2.2,2.9,283,2019,2,Fri,FALSE,Winter,FALSE,Moderate
2019-02-02,HRL,12.4,37.8,37.69,8.1,16.3,278,2019,2,Sat,TRUE,Winter,FALSE,Moderate
2019-02-03,HRL,8.53,26.49,28.36,4.8,2.4,287,2019,2,Sun,TRUE,Winter,FALSE,Good
2019-02-04,HRL,14.36,34.91,21.54,3.7,7.5,210,2019,2,Mon,FALSE,Winter,FALSE,Moderate
2019-02-05,HRL,12.23,22.21,37.67,6,7.5,166,2019,2,Tue,FALSE,Winter,FALSE,Moderate
2019-02-06,HRL,15.36,39.38,27.05,3.1,2.4,6,2019,2,Wed,FALSE,Winter,FALSE,Moderate
2019-02-07,HRL,19.82,51.56,25.22,4.3,3.3,315,2019,2,Thu,FALSE,Winter,FALSE,Moderate
2019-02-08,HRL,15.13,42.56,33.37,1,3.2,274,2019,2,Fri,FALSE,Winter,FALSE,Moderate
2019-02-09,HRL,5.86,14.04,44.74,2.4,3.7,357,2019,2,Sat,TRUE,Winter,FALSE,Good
2019-02-10,HRL,11.12,37.31,28.44,4.9,3.8,321,2019,2,Sun,TRUE,Winter,FALSE,Moderate
2019-02-11,HRL,10.55,17.81,44.13,3,3.3,220,2019,2,Mon,FALSE,Winter,FALSE,Moderate
2019-02-12,HRL,12.42,37.88,38.23,4.4,3.1,51,2019,2,Tue,FALSE,Winter,FALSE,Moderate
2019-02-13,HRL,8.92,27.85,36.21,5.5,8.6,315,2019,2,Wed,FALSE,Winter,FALSE,Good
2019-02-14,HRL,14.49,47.94,31.27,5.5,2.1,244,2019,2,Thu,FALSE,Winter,FALSE,Moderate
2019-02-15,HRL,12.83,24.67,38.63,4.5,5.1,10,2019,2,Fri,FALSE,Winter,FALSE,Moderate
2019-02-16,HRL,10.01,27.06,36.65,8.1,1.9,25,2019,2,Sat,TRUE,Winter,FALSE,Moderate
2019-02-17,HRL,12.45,33.47,42.86,4.3,8.6,167,2019,2,Sun,TRUE,Winter,FALSE,Moderate
2019-02-18,HRL,14.17,33.64,29.84,10.8,4.9,233,2019,2,Mon,FALSE,Winter,FALSE,Moderate
2019-02-19,HRL,11.58,25.54,22.89,1.2,2.8,53,2019,2,Tue,FALSE,Winter,FALSE,Moderate
2019-02-20,HRL,10.23,33.11,36.44,7,5.8,350,2019,2,Wed,FALSE,Winter,FALSE,Moderate
2019-02-21,HRL,15.01,50.06,35.22,6.1,3.2,30,2019,2,Thu,FALSE,Winter,FALSE,Moderate
2019-02-22,HRL,12.57,22.59,38.34,3.2,2.6,200,2019,2,Fri,FALSE,Winter,FALSE,Moderate
2019-02-23,HRL,7.85,19.4,54.57,7.8,4.5,127,2019,2,Sat,TRUE,Winter,FALSE,Good
2019-02-24,HRL,6.53,23.19,36.89,5.6,2.5,62,2019,2,Sun,TRUE,Winter,FALSE,Good
2019-02-25,HRL,13.44,37.67,33.04,7.6,2.1,283,2019,2,Mon,FALSE,Winter,FALSE,Moderate
2019-02-26,HRL,15.09,44.32,30.23,4.9,4.7,186,2019,2,Tue,FALSE,Winter,FALSE,Moderate
2019-02-27,HRL,14.32,27.83,44.41,9.7,5.3,273,2019,2,Wed,FALSE,Winter,FALSE,Moderate
2019-02-28,HRL,12.13,29.95,33.27,5.8,2.8,181,2019,2,Thu,FALSE,Winter,FALSE,Moderate
2019-03-01,HRL,15.68,35.12,26.67,8.5,2.5,47,2019,3,Fri,FALSE,Spring,FALSE,Moderate
2019-03-02,HRL,8.26,23.23,43.4,9.2,4,341,2019,3,Sat,TRUE,Spring,FALSE,Good
2019-03-03,HRL,7.63,29.61,39.42,7.9,2.7,36,2019,3,Sun,TRUE,Spring,FALSE,Good
2019-03-04,HRL,11.96,22.54,35.59,3.6,7.1,293,2019,3,Mon,FALSE,Spring,FALSE,Moderate
2019-03-05,HRL,13.25,32.65,46.06,7.7,2.8,299,2019,3,Tue,FALSE,Spring,FALSE,Moderate
2019-03-06,HRL,18.9,55.97,30.27,6.7,4.6,299,2019,3,Wed,FALSE,Spring,FALSE,Moderate
2019-03-07,HRL,12.59,30.49,43.28,5.9,5.4,151,2019,3,Thu,FALSE,Spring,FALSE,Moderate
2019-03-08,HRL,14.25,31.51,36.54,6,9.3,265,2019,3,Fri,FALSE,Spring,FALSE,Moderate
2019-03-09,HRL,10.91,40.97,24.37,7.9,6.4,312,2019,3,Sat,TRUE,Spring,FALSE,Moderate
2019-03-10,HRL,11.6,38.27,33.59,5,4.6,303,2019,3,Sun,TRUE,Spring,FALSE,Moderate
2019-03-11,HRL,8.82,15.75,46.12,8.7,8.4,164,2019,3,Mon,FALSE,Spring,FALSE,Good
2019-03-12,HRL,7.73,8.8,42.51,9.9,5.4,7,2019,3,Tue,FALSE,Spring,FALSE,Good
2019-03-13,HRL,8.63,27.1,42.98,8.5,10.9,217,2019,3,Wed,FALSE,Spring,FALSE,Good
2019-03-14,HRL,7.15,24.21,30.92,6.2,4.1,19,2019,3,Thu,FALSE,Spring,FALSE,Good
2019-03-15,HRL,11.18,20.17,37.27,7.6,4,215,2019,3,Fri,FALSE,Spring,FALSE,Moderate
2019-03-16,HRL,9.22,20.21,30.19,8.7,7.9,89,2019,3,Sat,TRUE,Spring,FALSE,Good
2019-03-17,HRL,8.68,17.75,36.54,8.4,9.6,309,2019,3,Sun,TRUE,Spring,FALSE,Good
2019-03-18,HRL,13.75,48.29,29.81,5.2,8.4,206,2019,3,Mon,FALSE,Spring,FALSE,Moderate
2019-03-19,HRL,6.4,19.29,37.83,9.9,2.6,5,2019,3,Tue,FALSE,Spring,FALSE,Good
2019-03-20,HRL,11.82,43.25,21.43,10.1,3,250,2019,3,Wed,FALSE,Spring,FALSE,Moderate
2019-03-21,HRL,10.12,46.17,20.66,9.5,2.5,9,2019,3,Thu,FALSE,Spring,FALSE,Moderate
2019-03-22,HRL,9.09,37.37,31.67,9.7,3.6,81,2019,3,Fri,FALSE,Spring,FALSE,Good
2019-03-23,HRL,10.95,25,39.44,7.4,5.1,208,2019,3,Sat,TRUE,Spring,FALSE,Moderate
2019-03-24,HRL,13.81,38.03,34.75,12.4,2.4,78,2019,3,Sun,TRUE,Spring,FALSE,Moderate
2019-03-25,HRL,11.26,34.65,37.92,11.4,4.5,304,2019,3,Mon,FALSE,Spring,FALSE,Moderate
2019-03-26,HRL,13.25,51.76,42.45,12.2,5.6,52,2019,3,Tue,FALSE,Spring,FALSE,Moderate
2019-03-27,HRL,11.5,37.87,33.24,12.3,3.3,158,2019,3,Wed,FALSE,Spring,FALSE,Moderate
2019-03-28,HRL,13.22,44.91,27.8,10.2,4.2,319,2019,3,Thu,FALSE,Spring,FALSE,Moderate
2019-03-29,HRL,9.42,22.27,44.84,12.7,5.8,195,2019,3,Fri,FALSE,Spring,FALSE,Good
2019-03-30,HRL,6.8,20.38,53.3,9.3,1.3,262,2019,3,Sat,TRUE,Spring,FALSE,Good
2019-03-31,HRL,8.27,30.71,38.14,11.2,1.9,327,2019,3,Sun,TRUE,Spring,FALSE,Good
2019-04-01,HRL,10.08,30.22,32.01,13,8.1,129,2019,4,Mon,FALSE,Spring,FALSE,Moderate
2019-04-02,HRL,10.21,29.83,33.99,11.1,6.9,84,2019,4,Tue,FALSE,Spring,FALSE,Moderate
2019-04-03,HRL,13.55,45.85,22.99,11.9,2,285,2019,4,Wed,FALSE,Spring,FALSE,Moderate
2019-04-04,HRL,11.46,33.12,41.81,12,1.7,127,2019,4,Thu,FALSE,Spring,FALSE,Moderate
2019-04-05,HRL,7.22,13.27,47.31,13.7,3.7,59,2019,4,Fri,FALSE,Spring,FALSE,Good
2019-04-06,HRL,2.14,5.68,46.37,13,5.6,157,2019,4,Sat,TRUE,Spring,FALSE,Good
2019-04-07,HRL,12.45,41.28,39.18,11.3,4.4,304,2019,4,Sun,TRUE,Spring,FALSE,Moderate
2019-04-08,HRL,14.79,40.22,37.74,8.8,6,274,2019,4,Mon,FALSE,Spring,FALSE,Moderate
2019-04-09,HRL,9.58,28.03,31.27,12.4,4.9,66,2019,4,Tue,FALSE,Spring,FALSE,Good
2019-04-10,HRL,7.22,17.98,46.77,12.3,2.4,215,2019,4,Wed,FALSE,Spring,FALSE,Good
2019-04-11,HRL,11.06,44.96,30.38,11.1,4.8,43,2019,4,Thu,FALSE,Spring,FALSE,Moderate
2019-04-12,HRL,13.71,31.46,32.07,14.2,5.9,348,2019,4,Fri,FALSE,Spring,FALSE,Moderate
2019-04-13,HRL,8.22,30.23,32.85,15.2,6,297,2019,4,Sat,TRUE,Spring,FALSE,Good
2019-04-14,HRL,11.54,28.01,40.32,11.2,9.5,353,2019,4,Sun,TRUE,Spring,FALSE,Moderate
2019-04-15,HRL,6.2,22.82,39.13,10.7,12.1,274,2019,4,Mon,FALSE,Spring,FALSE,Good
2019-04-16,HRL,6.6,29.67,47.15,17.4,6.2,69,2019,4,Tue,FALSE,Spring,FALSE,Good
2019-04-17,HRL,9.16,29.67,36.31,14.2,8.4,271,2019,4,Wed,FALSE,Spring,FALSE,Good
2019-04-18,HRL,10.56,30.82,43.9,14.2,2.5,256,2019,4,Thu,FALSE,Spring,FALSE,Moderate
2019-04-19,HRL,9.18,19.41,42.67,14.5,4.1,342,2019,4,Fri,FALSE,Spring,FALSE,Good
2019-04-20,HRL,3.22,6.77,43.77,10.8,5.5,316,2019,4,Sat,TRUE,Spring,FALSE,Good
2019-04-21,HRL,6.9,16.37,47.48,11.8,2.1,99,2019,4,Sun,TRUE,Spring,FALSE,Good
2019-04-22,HRL,8.17,25.74,41.25,12.6,5.3,110,2019,4,Mon,FALSE,Spring,FALSE,Good
2019-04-23,HRL,7.45,38.28,31.53,13.5,2.5,99,2019,4,Tue,FALSE,Spring,FALSE,Good
2019-04-24,HRL,9.06,29.93,41.89,16.2,4.7,325,2019,4,Wed,FALSE,Spring,FALSE,Good
2019-04-25,HRL,1.12,5,53.77,13.3,1.7,266,2019,4,Thu,FALSE,Spring,FALSE,Good
2019-04-26,HRL,7.87,16.53,43.63,12.9,3.4,202,2019,4,Fri,FALSE,Spring,FALSE,Good
2019-04-27,HRL,5.07,5,42.36,14.8,6.3,92,2019,4,Sat,TRUE,Spring,FALSE,Good
2019-04-28,HRL,2.17,7.56,33.77,15.4,3.3,76,2019,4,Sun,TRUE,Spring,FALSE,Good
2019-04-29,HRL,7.39,24.65,34.24,15.8,2,267,2019,4,Mon,FALSE,Spring,FALSE,Good
2019-04-30,HRL,11.03,21.1,28.9,12.7,3.1,44,2019,4,Tue,FALSE,Spring,FALSE,Moderate
2019-05-01,HRL,8.26,9.19,43.56,17.8,1.4,294,2019,5,Wed,FALSE,Spring,FALSE,Good
2019-05-02,HRL,5.88,8.63,34.12,14,2.6,137,2019,5,Thu,FALSE,Spring,FALSE,Good
2019-05-03,HRL,9.16,19.28,44.63,15.8,6.2,284,2019,5,Fri,FALSE,Spring,FALSE,Good
2019-05-04,HRL,1.5,5,49.75,16.6,3.3,321,2019,5,Sat,TRUE,Spring,FALSE,Good
2019-05-05,HRL,5.4,18.36,35.02,15.9,11.1,69,2019,5,Sun,TRUE,Spring,FALSE,Good
2019-05-06,HRL,4.46,14,55.02,10.9,3.2,206,2019,5,Mon,FALSE,Spring,FALSE,Good
2019-05-07,HRL,7.2,12.02,50.65,14.7,4.9,309,2019,5,Tue,FALSE,Spring,FALSE,Good
2019-05-08,HRL,5.24,11.47,40.58,12.1,12.5,18,2019,5,Wed,FALSE,Spring,FALSE,Good
2019-05-09,HRL,5.7,17.5,37.4,14.9,11.2,311,2019,5,Thu,FALSE,Spring,FALSE,Good
2019-05-10,HRL,4.72,5,48.83,16.9,6,20,2019,5,Fri,FALSE,Spring,FALSE,Good
2019-05-11,HRL,6.45,21.92,42.72,13.6,2.3,25,2019,5,Sat,TRUE,Spring,FALSE,Good
2019-05-12,HRL,3.83,27.07,37.32,15.8,5.9,107,2019,5,Sun,TRUE,Spring,FALSE,Good
2019-05-13,HRL,7.73,27.75,36.34,15.9,3.8,148,2019,5,Mon,FALSE,Spring,FALSE,Good
2019-05-14,HRL,6.64,22.15,37.06,15.8,2.7,343,2019,5,Tue,FALSE,Spring,FALSE,Good
2019-05-15,HRL,5.8,5,34,15.9,2.3,348,2019,5,Wed,FALSE,Spring,FALSE,Good
2019-05-16,HRL,5.22,15.35,50.44,17.2,6.3,143,2019,5,Thu,FALSE,Spring,FALSE,Good
2019-05-17,HRL,2.32,12.62,48.71,14.3,6.5,202,2019,5,Fri,FALSE,Spring,FALSE,Good
2019-05-18,HRL,1,8.52,38.34,13.1,5.1,232,2019,5,Sat,TRUE,Spring,FALSE,Good
2019-05-19,HRL,5.06,18.64,53.45,15,1.9,312,2019,5,Sun,TRUE,Spring,FALSE,Good
2019-05-20,HRL,6.1,30.42,38.03,21.7,8.9,201,2019,5,Mon,FALSE,Spring,FALSE,Good
2019-05-21,HRL,4.61,10.33,41.6,20.2,5.4,357,2019,5,Tue,FALSE,Spring,FALSE,Good
2019-05-22,HRL,2.79,7.59,38.04,19.7,2.3,232,2019,5,Wed,FALSE,Spring,FALSE,Good
2019-05-23,HRL,4.96,5,34.04,15.8,4.3,334,2019,5,Thu,FALSE,Spring,FALSE,Good
2019-05-24,HRL,3.93,5,34.94,16.6,4.9,22,2019,5,Fri,FALSE,Spring,FALSE,Good
2019-05-25,HRL,8.18,30.42,41.9,17.3,6.2,41,2019,5,Sat,TRUE,Spring,FALSE,Good
2019-05-26,HRL,5.65,13.72,41.16,19.2,4.4,338,2019,5,Sun,TRUE,Spring,FALSE,Good
2019-05-27,HRL,6.48,25.3,33.98,19.4,2.1,233,2019,5,Mon,FALSE,Spring,FALSE,Good
2019-05-28,HRL,3.31,8.65,54.08,20.1,4.4,312,2019,5,Tue,FALSE,Spring,FALSE,Good
2019-05-29,HRL,1.9,10.03,42.77,17.1,1.3,219,2019,5,Wed,FALSE,Spring,FALSE,Good
2019-05-30,HRL,8.84,14.71,43.2,21,4,204,2019,5,Thu,FALSE,Spring,FALSE,Good
2019-05-31,HRL,7.08,5,45.99,16.9,12.3,130,2019,5,Fri,FALSE,Spring,FALSE,Good
2019-06-01,HRL,6.78,19.36,27.48,21.8,4.6,194,2019,6,Sat,TRUE,Summer,FALSE,Good
2019-06-02,HRL,3.57,8.31,42.67,19.7,3.7,177,2019,6,Sun,TRUE,Summer,FALSE,Good
2019-06-03,HRL,2.25,9.77,40.91,19.2,6.8,151,2019,6,Mon,FALSE,Summer,FALSE,Good
2019-06-04,HRL,9.94,39.33,32.88,16.6,3.2,30,2019,6,Tue,FALSE,Summer,FALSE,Good
2019-06-05,HRL,7.58,30.8,39.67,17.3,4.4,255,2019,6,Wed,FALSE,Summer,FALSE,Good
2019-06-06,HRL,7.68,36.28,33.05,13.7,4,305,2019,6,Thu,FALSE,Summer,FALSE,Good
2019-06-07,HRL,5.97,15.29,43.66,16.7,10.4,167,2019,6,Fri,FALSE,Summer,FALSE,Good
2019-06-08,HRL,7.03,13.23,38.21,17.8,5.5,333,2019,6,Sat,TRUE,Summer,FALSE,Good
2019-06-09,HRL,1.46,10.05,51.64,14.3,5.2,348,2019,6,Sun,TRUE,Summer,FALSE,Good
2019-06-10,HRL,1.14,9.9,44.98,21.8,4,48,2019,6,Mon,FALSE,Summer,FALSE,Good
2019-06-11,HRL,7.83,12.07,41.46,18.5,3.4,212,2019,6,Tue,FALSE,Summer,FALSE,Good
2019-06-12,HRL,3.87,17.26,35.56,17,2.9,4,2019,6,Wed,FALSE,Summer,FALSE,Good
2019-06-13,HRL,3.38,7.69,52.67,18.3,12.7,149,2019,6,Thu,FALSE,Summer,FALSE,Good
2019-06-14,HRL,6.44,21.07,27.58,16.5,9,55,2019,6,Fri,FALSE,Summer,FALSE,Good
2019-06-15,HRL,3.05,18.03,40.09,14.9,4.9,340,2019,6,Sat,TRUE,Summer,FALSE,Good
2019-06-16,HRL,1,5,43.39,18.8,6.6,276,2019,6,Sun,TRUE,Summer,FALSE,Good
2019-06-17,HRL,5.37,27.79,35.82,18.1,6.9,164,2019,6,Mon,FALSE,Summer,FALSE,Good
2019-06-18,HRL,5.66,26.13,28.08,18,2.5,75,2019,6,Tue,FALSE,Summer,FALSE,Good
2019-06-19,HRL,5.37,9.27,37.51,18.7,3,14,2019,6,Wed,FALSE,Summer,FALSE,Good
2019-06-20,HRL,1.09,5,38.14,16,4.7,135,2019,6,Thu,FALSE,Summer,FALSE,Good
2019-06-21,HRL,1,5,42.24,16.2,3.7,21,2019,6,Fri,FALSE,Summer,FALSE,Good
2019-06-22,HRL,3.47,13.62,42.85,19.8,8.4,235,2019,6,Sat,TRUE,Summer,FALSE,Good
2019-06-23,HRL,4.57,5,50.06,18.4,7.7,288,2019,6,Sun,TRUE,Summer,FALSE,Good
2019-06-24,HRL,6.46,28.36,28.95,16.3,3.2,235,2019,6,Mon,FALSE,Summer,FALSE,Good
2019-06-25,HRL,1.28,5.28,33.63,19.1,3.6,317,2019,6,Tue,FALSE,Summer,FALSE,Good
2019-06-26,HRL,1.01,5,47.52,19.2,8.2,3,2019,6,Wed,FALSE,Summer,FALSE,Good
2019-06-27,HRL,5.33,31.55,32.76,16.8,3.8,288,2019,6,Thu,FALSE,Summer,FALSE,Good
2019-06-28,HRL,3.7,5,39.02,18,3.8,277,2019,6,Fri,FALSE,Summer,FALSE,Good
2019-06-29,HRL,4.08,5,39.24,17.2,3.1,26,2019,6,Sat,TRUE,Summer,FALSE,Good
2019-06-30,HRL,1.36,5,41.56,20.2,2.6,120,2019,6,Sun,TRUE,Summer,FALSE,Good
2019-07-01,HRL,2.69,9.39,41.21,18.1,4.8,359,2019,7,Mon,FALSE,Summer,FALSE,Good
2019-07-02,HRL,2.78,5,41.41,17.1,6,254,2019,7,Tue,FALSE,Summer,FALSE,Good
2019-07-03,HRL,7.54,15.09,42.14,15.9,4.3,77,2019,7,Wed,FALSE,Summer,FALSE,Good
2019-07-04,HRL,1,5,51.32,19.8,2.2,83,2019,7,Thu,FALSE,Summer,FALSE,Good
2019-07-05,HRL,1.81,5,45.11,16.9,7.6,334,2019,7,Fri,FALSE,Summer,FALSE,Good
2019-07-06,HRL,1,11.74,34.08,16.9,11.5,98,2019,7,Sat,TRUE,Summer,FALSE,Good
2019-07-07,HRL,3.2,5,34.07,16.9,3.4,1,2019,7,Sun,TRUE,Summer,FALSE,Good
2019-07-08,HRL,1.55,9.21,43.44,19.5,2.6,63,2019,7,Mon,FALSE,Summer,FALSE,Good
2019-07-09,HRL,7.98,20.18,35.88,17.8,13,217,2019,7,Tue,FALSE,Summer,FALSE,Good
2019-07-10,HRL,5.87,12.58,36.98,19,4.1,205,2019,7,Wed,FALSE,Summer,FALSE,Good
2019-07-11,HRL,2.3,5,55.52,16.2,2.6,336,2019,7,Thu,FALSE,Summer,FALSE,Good
2019-07-12,HRL,1,7.27,39.4,19.9,8.4,38,2019,7,Fri,FALSE,Summer,FALSE,Good
2019-07-13,HRL,2.4,10.96,36.49,20.8,3.5,275,2019,7,Sat,TRUE,Summer,FALSE,Good
2019-07-14,HRL,1,17.53,37.23,19.9,3.3,279,2019,7,Sun,TRUE,Summer,FALSE,Good
2019-07-15,HRL,2.14,8.9,40.4,19.4,2.9,330,2019,7,Mon,FALSE,Summer,FALSE,Good
2019-07-16,HRL,2.52,20.46,36.8,14.5,2.6,107,2019,7,Tue,FALSE,Summer,FALSE,Good
2019-07-17,HRL,6.81,25.78,40.98,15.5,1.3,302,2019,7,Wed,FALSE,Summer,FALSE,Good
2019-07-18,HRL,1,5,46.99,17.8,3.8,161,2019,7,Thu,FALSE,Summer,FALSE,Good
2019-07-19,HRL,1,5.48,41.84,16.5,2.2,239,2019,7,Fri,FALSE,Summer,FALSE,Good
2019-07-20,HRL,1,5,49.6,18.7,3,150,2019,7,Sat,TRUE,Summer,FALSE,Good
2019-07-21,HRL,1.5,12.04,38.35,14.8,2,243,2019,7,Sun,TRUE,Summer,FALSE,Good
2019-07-22,HRL,4.98,16.62,27.2,18.9,2.9,263,2019,7,Mon,FALSE,Summer,FALSE,Good
2019-07-23,HRL,5.45,16.31,47.69,16,1.5,90,2019,7,Tue,FALSE,Summer,FALSE,Good
2019-07-24,HRL,6.83,14.63,50.88,16.9,1.8,4,2019,7,Wed,FALSE,Summer,FALSE,Good
2019-07-25,HRL,1,5,40.62,16.1,9.6,303,2019,7,Thu,FALSE,Summer,FALSE,Good
2019-07-26,HRL,1.61,16.11,40.62,16.6,4.8,338,2019,7,Fri,FALSE,Summer,FALSE,Good
2019-07-27,HRL,5.79,16.18,48.48,17.8,3,322,2019,7,Sat,TRUE,Summer,FALSE,Good
2019-07-28,HRL,1.01,5,48.43,17.7,6.9,14,2019,7,Sun,TRUE,Summer,FALSE,Good
2019-07-29,HRL,8.4,29.43,43.27,17.6,1.5,163,2019,7,Mon,FALSE,Summer,FALSE,Good
2019-07-30,HRL,4.68,18.46,35.55,12.2,3.2,2,2019,7,Tue,FALSE,Summer,FALSE,Good
2019-07-31,HRL,1,14.77,40.18,16.1,5.3,78,2019,7,Wed,FALSE,Summer,FALSE,Good
2019-08-01,HRL,1,5.91,49.54,16.4,4,316,2019,8,Thu,FALSE,Summer,FALSE,Good
2019-08-02,HRL,9.67,24.13,37.24,17.1,2.5,163,2019,8,Fri,FALSE,Summer,FALSE,Good
2019-08-03,HRL,1,5,47.27,12.2,5.2,215,2019,8,Sat,TRUE,Summer,FALSE,Good
2019-08-04,HRL,3.12,6.34,51.18,19.1,9.1,74,2019,8,Sun,TRUE,Summer,FALSE,Good
2019-08-05,HRL,6.23,6.24,45.76,13.6,3.2,176,2019,8,Mon,FALSE,Summer,FALSE,Good
2019-08-06,HRL,1,5,40.59,19,3.1,318,2019,8,Tue,FALSE,Summer,FALSE,Good
2019-08-07,HRL,7.95,37.21,41.74,20.2,6,117,2019,8,Wed,FALSE,Summer,FALSE,Good
2019-08-08,HRL,4.46,11.7,42.34,15.5,2.2,163,2019,8,Thu,FALSE,Summer,FALSE,Good
2019-08-09,HRL,1.66,5,38,13.4,2.6,175,2019,8,Fri,FALSE,Summer,FALSE,Good
2019-08-10,HRL,8.26,14.57,40.48,16.1,1.8,102,2019,8,Sat,TRUE,Summer,FALSE,Good
2019-08-11,HRL,1,5,53.19,15.5,6.1,94,2019,8,Sun,TRUE,Summer,FALSE,Good
2019-08-12,HRL,6.42,20.63,31.45,17.1,1.9,197,2019,8,Mon,FALSE,Summer,FALSE,Good
2019-08-13,HRL,4.09,5,41.63,14.5,7,320,2019,8,Tue,FALSE,Summer,FALSE,Good
2019-08-14,HRL,4.83,14.22,41.73,14,5.7,85,2019,8,Wed,FALSE,Summer,FALSE,Good
2019-08-15,HRL,4.81,5,44.11,14.6,3.1,247,2019,8,Thu,FALSE,Summer,FALSE,Good
2019-08-16,HRL,9.8,50.86,39.96,12.7,3.9,279,2019,8,Fri,FALSE,Summer,FALSE,Good
2019-08-17,HRL,1,5.17,32.97,14.3,2.9,298,2019,8,Sat,TRUE,Summer,FALSE,Good
2019-08-18,HRL,1,5,41.83,13.3,5.9,167,2019,8,Sun,TRUE,Summer,FALSE,Good
2019-08-19,HRL,1,5,43.84,11.8,6,47,2019,8,Mon,FALSE,Summer,FALSE,Good
2019-08-20,HRL,5.47,19.71,31.46,14.4,2,108,2019,8,Tue,FALSE,Summer,FALSE,Good
2019-08-21,HRL,5.34,10.27,38.85,7.7,7.6,55,2019,8,Wed,FALSE,Summer,FALSE,Good
2019-08-22,HRL,1.45,5,43.89,11.1,5.9,356,2019,8,Thu,FALSE,Summer,FALSE,Good
2019-08-23,HRL,5.11,7.74,39.77,12.9,4.5,310,2019,8,Fri,FALSE,Summer,FALSE,Good
2019-08-24,HRL,4.08,6.11,42.17,12.7,3.5,50,2019,8,Sat,TRUE,Summer,FALSE,Good
2019-08-25,HRL,1.17,7.78,49.03,10.8,2.2,213,2019,8,Sun,TRUE,Summer,FALSE,Good
2019-08-26,HRL,1,5,48.96,18.8,4,112,2019,8,Mon,FALSE,Summer,FALSE,Good
2019-08-27,HRL,7.49,8.84,53.47,13.1,4.3,338,2019,8,Tue,FALSE,Summer,FALSE,Good
2019-08-28,HRL,3.88,5,42.61,18.2,3.2,88,2019,8,Wed,FALSE,Summer,FALSE,Good
2019-08-29,HRL,3.24,5,43.49,12.3,4.5,345,2019,8,Thu,FALSE,Summer,FALSE,Good
2019-08-30,HRL,1,5,38.7,13.5,2.9,277,2019,8,Fri,FALSE,Summer,FALSE,Good
2019-08-31,HRL,3.28,14.6,45.12,13.6,2.7,199,2019,8,Sat,TRUE,Summer,FALSE,Good
2019-09-01,HRL,2.13,5,44.99,9.9,2.2,112,2019,9,Sun,TRUE,Autumn,FALSE,Good
2019-09-02,HRL,2.34,5.05,49.32,12.6,5.9,224,2019,9,Mon,FALSE,Autumn,FALSE,Good
2019-09-03,HRL,3.55,5,47.3,12.7,3.9,34,2019,9,Tue,FALSE,Autumn,FALSE,Good
2019-09-04,HRL,6.07,21.33,35.82,9.8,2.4,6,2019,9,Wed,FALSE,Autumn,FALSE,Good
2019-09-05,HRL,6.07,23.44,47.56,11.8,5.3,316,2019,9,Thu,FALSE,Autumn,FALSE,Good
2019-09-06,HRL,5.84,31.07,37.98,12.1,6.4,113,2019,9,Fri,FALSE,Autumn,FALSE,Good
2019-09-07,HRL,4.26,9.71,43.35,11.8,4.4,357,2019,9,Sat,TRUE,Autumn,FALSE,Good
2019-09-08,HRL,3.78,10.99,40.1,13.5,8.6,164,2019,9,Sun,TRUE,Autumn,FALSE,Good
2019-09-09,HRL,6.16,7.76,40.98,8.6,3.8,209,2019,9,Mon,FALSE,Autumn,FALSE,Good
2019-09-10,HRL,6.98,20.15,51.14,11.7,4.9,7,2019,9,Tue,FALSE,Autumn,FALSE,Good
2019-09-11,HRL,4.57,5.7,50.35,10.9,4.6,252,2019,9,Wed,FALSE,Autumn,FALSE,Good
2019-09-12,HRL,3.36,16.47,40.22,7,2,103,2019,9,Thu,FALSE,Autumn,FALSE,Good
2019-09-13,HRL,7.92,32.26,31.48,13.3,4.1,66,2019,9,Fri,FALSE,Autumn,FALSE,Good
2019-09-14,HRL,2.26,5,52.91,7.4,6.3,204,2019,9,Sat,TRUE,Autumn,FALSE,Good
2019-09-15,HRL,5.6,25.65,31.29,13.9,2.9,350,2019,9,Sun,TRUE,Autumn,FALSE,Good
2019-09-16,HRL,6.25,15.47,36.35,9.7,1.7,88,2019,9,Mon,FALSE,Autumn,FALSE,Good
2019-09-17,HRL,4.5,23.88,36.74,10.6,1.4,234,2019,9,Tue,FALSE,Autumn,FALSE,Good
2019-09-18,HRL,4.8,18.79,41.06,6.7,3.6,335,2019,9,Wed,FALSE,Autumn,FALSE,Good
2019-09-19,HRL,3.21,15.23,41.97,8.3,9.9,52,2019,9,Thu,FALSE,Autumn,FALSE,Good
2019-09-20,HRL,10.66,50,42.44,9.5,4,353,2019,9,Fri,FALSE,Autumn,FALSE,Moderate
2019-09-21,HRL,2.19,5,38.93,12.7,2,319,2019,9,Sat,TRUE,Autumn,FALSE,Good
2019-09-22,HRL,2.45,11.54,43.64,8.6,3.9,75,2019,9,Sun,TRUE,Autumn,FALSE,Good
2019-09-23,HRL,9.2,35.06,36.07,7.6,3.2,103,2019,9,Mon,FALSE,Autumn,FALSE,Good
2019-09-24,HRL,6.2,22.58,39.57,9.1,10,60,2019,9,Tue,FALSE,Autumn,FALSE,Good
2019-09-25,HRL,8.28,6.19,41.41,9.9,1.3,209,2019,9,Wed,FALSE,Autumn,FALSE,Good
2019-09-26,HRL,9.2,32.92,34.72,11.3,10.3,251,2019,9,Thu,FALSE,Autumn,FALSE,Good
2019-09-27,HRL,8.06,27.95,31.34,8.7,2.6,295,2019,9,Fri,FALSE,Autumn,FALSE,Good
2019-09-28,HRL,1.04,5,44.51,9.7,5,227,2019,9,Sat,TRUE,Autumn,FALSE,Good
2019-09-29,HRL,6.72,16.94,47.59,7.1,2.9,46,2019,9,Sun,TRUE,Autumn,FALSE,Good
2019-09-30,HRL,11.49,30.75,31.65,12.7,3.4,196,2019,9,Mon,FALSE,Autumn,FALSE,Moderate
2019-10-01,HRL,4.25,5,36.06,7.3,5.4,47,2019,10,Tue,FALSE,Autumn,FALSE,Good
2019-10-02,HRL,5.85,9.91,32.24,9.1,10.3,23,2019,10,Wed,FALSE,Autumn,FALSE,Good
2019-10-03,HRL,4.65,10.91,45.2,7,4,270,2019,10,Thu,FALSE,Autumn,FALSE,Good
2019-10-04,HRL,7.15,26.53,32.74,13.8,3.3,216,2019,10,Fri,FALSE,Autumn,FALSE,Good
2019-10-05,HRL,4.09,13.74,35.35,8,2.7,329,2019,10,Sat,TRUE,Autumn,FALSE,Good
2019-10-06,HRL,3.33,5,36.89,10.6,6,8,2019,10,Sun,TRUE,Autumn,FALSE,Good
2019-10-07,HRL,3.45,5,45.5,6.6,9.9,27,2019,10,Mon,FALSE,Autumn,FALSE,Good
2019-10-08,HRL,11,33.22,43.88,8.4,3.8,91,2019,10,Tue,FALSE,Autumn,FALSE,Moderate
2019-10-09,HRL,7.16,13.48,42.7,7.7,6.6,82,2019,10,Wed,FALSE,Autumn,FALSE,Good
2019-10-10,HRL,13.8,50.32,32.51,8.2,9.4,226,2019,10,Thu,FALSE,Autumn,FALSE,Moderate
2019-10-11,HRL,2.34,24.39,25.15,8.8,11,300,2019,10,Fri,FALSE,Autumn,FALSE,Good
2019-10-12,HRL,1,5,39.35,4.2,3.5,30,2019,10,Sat,TRUE,Autumn,FALSE,Good
2019-10-13,HRL,7.4,22.03,40.27,8.4,1.8,191,2019,10,Sun,TRUE,Autumn,FALSE,Good
2019-10-14,HRL,13.48,35.5,35.51,6.4,11,341,2019,10,Mon,FALSE,Autumn,FALSE,Moderate
2019-10-15,HRL,2.4,7.7,41.93,11.6,4.4,247,2019,10,Tue,FALSE,Autumn,FALSE,Good
2019-10-16,HRL,10.64,27.31,47.6,3.1,3.7,50,2019,10,Wed,FALSE,Autumn,FALSE,Moderate
2019-10-17,HRL,9.16,21.65,40,3.8,6.5,33,2019,10,Thu,FALSE,Autumn,FALSE,Good
2019-10-18,HRL,7.69,19.96,42.57,6.5,3.3,240,2019,10,Fri,FALSE,Autumn,FALSE,Good
2019-10-19,HRL,2.22,11.56,36.18,3.9,2.9,59,2019,10,Sat,TRUE,Autumn,FALSE,Good
2019-10-20,HRL,9.87,24.57,38.52,5,5.6,129,2019,10,Sun,TRUE,Autumn,FALSE,Good
2019-10-21,HRL,10.26,38.76,28.9,0.4,4.7,97,2019,10,Mon,FALSE,Autumn,FALSE,Moderate
2019-10-22,HRL,7.38,18.92,42.89,3.4,7.3,236,2019,10,Tue,FALSE,Autumn,FALSE,Good
2019-10-23,HRL,10.84,30.97,26.25,7.3,3.2,169,2019,10,Wed,FALSE,Autumn,FALSE,Moderate
2019-10-24,HRL,10.88,29.49,37.54,1.8,5.7,298,2019,10,Thu,FALSE,Autumn,FALSE,Moderate
2019-10-25,HRL,2.96,5,39.26,4.9,4.6,350,2019,10,Fri,FALSE,Autumn,FALSE,Good
2019-10-26,HRL,7.46,5.69,47.7,2.1,3.6,199,2019,10,Sat,TRUE,Autumn,FALSE,Good
2019-10-27,HRL,6.67,25.03,45.01,5.7,0.9,65,2019,10,Sun,TRUE,Autumn,FALSE,Good
2019-10-28,HRL,4.35,10.79,43.73,1.3,4.2,191,2019,10,Mon,FALSE,Autumn,FALSE,Good
2019-10-29,HRL,12.14,21.25,38.95,4.3,3,356,2019,10,Tue,FALSE,Autumn,FALSE,Moderate
2019-10-30,HRL,9.22,20.1,32.65,6.5,3.4,46,2019,10,Wed,FALSE,Autumn,FALSE,Good
2019-10-31,HRL,16.15,44.31,29.78,7.1,4.7,299,2019,10,Thu,FALSE,Autumn,FALSE,Moderate
2019-11-01,HRL,11.48,41.2,42.84,5.1,5.5,55,2019,11,Fri,FALSE,Autumn,FALSE,Moderate
2019-11-02,HRL,4.11,14.53,41.65,5.8,2.8,47,2019,11,Sat,TRUE,Autumn,FALSE,Good
2019-11-03,HRL,6.25,5,32.12,6.3,1.3,148,2019,11,Sun,TRUE,Autumn,FALSE,Good
2019-11-04,HRL,10.56,24.77,41.1,2.1,5.8,36,2019,11,Mon,FALSE,Autumn,FALSE,Moderate
2019-11-05,HRL,13.81,33.06,32.39,3.8,4.8,108,2019,11,Tue,FALSE,Autumn,FALSE,Moderate
2019-11-06,HRL,4.8,5,43.02,6.8,4.5,271,2019,11,Wed,FALSE,Autumn,FALSE,Good
2019-11-07,HRL,6.48,25.07,29.65,3.8,2,242,2019,11,Thu,FALSE,Autumn,FALSE,Good
2019-11-08,HRL,12.38,23.88,32.31,5.1,7.3,155,2019,11,Fri,FALSE,Autumn,FALSE,Moderate
2019-11-09,HRL,5.32,14.79,31.19,3.2,3.1,321,2019,11,Sat,TRUE,Autumn,FALSE,Good
2019-11-10,HRL,4.32,13.7,52.04,2.9,6.2,228,2019,11,Sun,TRUE,Autumn,FALSE,Good
2019-11-11,HRL,11.7,18.85,34.95,5.4,4.9,254,2019,11,Mon,FALSE,Autumn,FALSE,Moderate
2019-11-12,HRL,6.97,17.27,43.26,7,14.5,27,2019,11,Tue,FALSE,Autumn,FALSE,Good
2019-11-13,HRL,13.45,43.22,35.6,0.2,8.1,185,2019,11,Wed,FALSE,Autumn,FALSE,Moderate
2019-11-14,HRL,10.99,36.93,15.72,4.6,2.7,245,2019,11,Thu,FALSE,Autumn,FALSE,Moderate
2019-11-15,HRL,12.29,25.58,41.07,5.1,5.1,38,2019,11,Fri,FALSE,Autumn,FALSE,Moderate
2019-11-16,HRL,12.45,34.17,35.22,4.3,5.4,243,2019,11,Sat,TRUE,Autumn,FALSE,Moderate
2019-11-17,HRL,9.29,5,54.32,8.5,4.2,343,2019,11,Sun,TRUE,Autumn,FALSE,Good
2019-11-18,HRL,11.03,37.75,20.34,3.1,2.6,88,2019,11,Mon,FALSE,Autumn,FALSE,Moderate
2019-11-19,HRL,14.93,52.29,26.77,0.8,3.7,318,2019,11,Tue,FALSE,Autumn,FALSE,Moderate
2019-11-20,HRL,9.34,33.16,41.96,6.4,3.3,171,2019,11,Wed,FALSE,Autumn,FALSE,Good
2019-11-21,HRL,12.78,38.33,39.22,2,3.5,314,2019,11,Thu,FALSE,Autumn,FALSE,Moderate
2019-11-22,HRL,12.2,27.82,37.35,-0.4,2.7,200,2019,11,Fri,FALSE,Autumn,FALSE,Moderate
2019-11-23,HRL,15.59,41.74,27.82,0.5,1.9,287,2019,11,Sat,TRUE,Autumn,FALSE,Moderate
2019-11-24,HRL,12.75,28.68,27.39,4.7,13.8,154,2019,11,Sun,TRUE,Autumn,FALSE,Moderate
2019-11-25,HRL,7.59,21.85,43.97,3.9,6.4,301,2019,11,Mon,FALSE,Autumn,FALSE,Good
2019-11-26,HRL,12.29,27.96,30.07,2.2,4.5,270,2019,11,Tue,FALSE,Autumn,FALSE,Moderate
2019-11-27,HRL,14.61,55.02,23.94,0.7,3.8,78,2019,11,Wed,FALSE,Autumn,FALSE,Moderate
2019-11-28,HRL,12.83,43.81,25.73,1.5,3.4,99,2019,11,Thu,FALSE,Autumn,FALSE,Moderate
2019-11-29,HRL,10.43,34.12,29.83,1.4,3.5,186,2019,11,Fri,FALSE,Autumn,FALSE,Moderate
2019-11-30,HRL,10.15,25.56,38.03,3.3,5.4,83,2019,11,Sat,TRUE,Autumn,FALSE,Moderate
2019-12-01,HRL,5.6,5,48.26,2,5.7,126,2019,12,Sun,TRUE,Winter,FALSE,Good
2019-12-02,HRL,11.45,30.08,36,4.7,2.5,92,2019,12,Mon,FALSE,Winter,FALSE,Moderate
2019-12-03,HRL,14.26,42.64,30.17,2,4.6,278,2019,12,Tue,FALSE,Winter,FALSE,Moderate
2019-12-04,HRL,16.2,53,31.35,1,5.7,237,2019,12,Wed,FALSE,Winter,FALSE,Moderate
2019-12-05,HRL,15.53,42.03,41.43,2.7,3.2,165,2019,12,Thu,FALSE,Winter,FALSE,Moderate
2019-12-06,HRL,14.13,45.53,25.7,2.1,8.4,333,2019,12,Fri,FALSE,Winter,FALSE,Moderate
2019-12-07,HRL,14.25,40.81,39.37,3,5.6,89,2019,12,Sat,TRUE,Winter,FALSE,Moderate
2019-12-08,HRL,8.9,27.72,48.1,2.5,3,194,2019,12,Sun,TRUE,Winter,FALSE,Good
2019-12-09,HRL,12.54,43.15,37.08,1.1,5.3,306,2019,12,Mon,FALSE,Winter,FALSE,Moderate
2019-12-10,HRL,12.05,29.36,28.38,-0.8,3.1,83,2019,12,Tue,FALSE,Winter,FALSE,Moderate
2019-12-11,HRL,12.76,41.61,33.72,2.5,4.2,319,2019,12,Wed,FALSE,Winter,FALSE,Moderate
2019-12-12,HRL,16.19,50.53,29.1,4.8,2.4,242,2019,12,Thu,FALSE,Winter,FALSE,Moderate
2019-12-13,HRL,12.59,44.18,32.14,-1.9,6.2,180,2019,12,Fri,FALSE,Winter,FALSE,Moderate
2019-12-14,HRL,9.75,31.32,30.85,0.5,3.8,158,2019,12,Sat,TRUE,Winter,FALSE,Good
2019-12-15,HRL,11.95,26.69,43.73,2.3,4.2,156,2019,12,Sun,TRUE,Winter,FALSE,Moderate
2019-12-16,HRL,10.75,21.98,31.21,2,2.2,16,2019,12,Mon,FALSE,Winter,FALSE,Moderate
2019-12-17,HRL,16.16,51.36,22.86,3.3,4.9,325,2019,12,Tue,FALSE,Winter,FALSE,Moderate
2019-12-18,HRL,8.1,25.79,32.58,0.7,4.3,127,2019,12,Wed,FALSE,Winter,FALSE,Good
2019-12-19,HRL,12.57,30.56,26.73,1.4,4.3,265,2019,12,Thu,FALSE,Winter,FALSE,Moderate
2019-12-20,HRL,12.42,31.45,36.46,2.7,2.1,297,2019,12,Fri,FALSE,Winter,FALSE,Moderate
2019-12-21,HRL,10.98,31.25,40.43,2.1,3.9,245,2019,12,Sat,TRUE,Winter,FALSE,Moderate
2019-12-22,HRL,10.41,21.39,42.38,4.5,2.6,346,2019,12,Sun,TRUE,Winter,FALSE,Moderate
2019-12-23,HRL,10.83,19.99,40.28,3.8,4.4,290,2019,12,Mon,FALSE,Winter,FALSE,Moderate
2019-12-24,HRL,12.48,34.68,28.88,1.9,4.5,99,2019,12,Tue,FALSE,Winter,FALSE,Moderate
2019-12-25,HRL,11.03,37.94,27.99,3.8,3.9,315,2019,12,Wed,FALSE,Winter,FALSE,Moderate
2019-12-26,HRL,14.1,51.84,30.88,-1.4,2.8,167,2019,12,Thu,FALSE,Winter,FALSE,Moderate
2019-12-27,HRL,13.82,44.76,28.35,1.2,6.1,245,2019,12,Fri,FALSE,Winter,FALSE,Moderate
2019-12-28,HRL,12.05,26.58,36.32,2.7,3.7,76,2019,12,Sat,TRUE,Winter,FALSE,Moderate
2019-12-29,HRL,12.18,43.42,28.53,0,5.4,79,2019,12,Sun,TRUE,Winter,FALSE,Moderate
2019-12-30,HRL,19.42,72.67,26.12,6.4,1.4,262,2019,12,Mon,FALSE,Winter,FALSE,Moderate
2019-12-31,HRL,15.32,39.7,43.1,3.1,3.3,230,2019,12,Tue,FALSE,Winter,FALSE,Moderate
2020-01-01,HRL,18.73,52.59,16.69,2.3,1.5,75,2020,1,Wed,FALSE,Winter,FALSE,Moderate
2020-01-02,HRL,14.44,37.93,30.48,1.7,8.1,179,2020,1,Thu,FALSE,Winter,FALSE,Moderate
2020-01-03,HRL,10.89,28.14,36.95,1.1,4.3,101,2020,1,Fri,FALSE,Winter,FALSE,Moderate
2020-01-04,HRL,15.1,39.89,18.73,8.8,5.6,323,2020,1,Sat,TRUE,Winter,FALSE,Moderate
2020-01-05,HRL,5.85,21.29,45.57,0.8,7.1,228,2020,1,Sun,TRUE,Winter,FALSE,Good
2020-01-06,HRL,12.2,38.24,31.3,5.6,2.6,306,2020,1,Mon,FALSE,Winter,FALSE,Moderate
2020-01-07,HRL,9.65,26.49,47.2,0,3.4,135,2020,1,Tue,FALSE,Winter,FALSE,Good
2020-01-08,HRL,13.99,28.79,32.46,2.2,7.5,68,2020,1,Wed,FALSE,Winter,FALSE,Moderate
2020-01-09,HRL,14.92,50.47,32.85,4.4,4.8,71,2020,1,Thu,FALSE,Winter,FALSE,Moderate
2020-01-10,HRL,7.31,15.01,43.03,2.1,3.1,79,2020,1,Fri,FALSE,Winter,FALSE,Good
2020-01-11,HRL,14.37,35.52,40.02,1.2,7.4,135,2020,1,Sat,TRUE,Winter,FALSE,Moderate
2020-01-12,HRL,15.84,60.03,28.66,4.3,3.6,70,2020,1,Sun,TRUE,Winter,FALSE,Moderate
2020-01-13,HRL,13.75,44.73,26.3,2,5.5,273,2020,1,Mon,FALSE,Winter,FALSE,Moderate
2020-01-14,HRL,17.29,47.86,21.13,4.7,6.1,215,2020,1,Tue,FALSE,Winter,FALSE,Moderate
2020-01-15,HRL,6.83,12.54,42.72,-1.2,2.2,36,2020,1,Wed,FALSE,Winter,FALSE,Good
2020-01-16,HRL,13.56,46.01,25.23,5.7,3.8,17,2020,1,Thu,FALSE,Winter,FALSE,Moderate
2020-01-17,HRL,13.81,46.92,36.27,1.4,2.5,307,2020,1,Fri,FALSE,Winter,FALSE,Moderate
2020-01-18,HRL,11.48,27.42,40.43,1.5,3.4,134,2020,1,Sat,TRUE,Winter,FALSE,Moderate
2020-01-19,HRL,12.2,32.91,30.44,0.2,7.5,29,2020,1,Sun,TRUE,Winter,FALSE,Moderate
2020-01-20,HRL,13.92,49.86,36.4,3.4,3.6,217,2020,1,Mon,FALSE,Winter,FALSE,Moderate
2020-01-21,HRL,9.55,12.95,39.9,0.3,2.3,132,2020,1,Tue,FALSE,Winter,FALSE,Good
2020-01-22,HRL,16.88,40.02,40.47,5.6,2.1,256,2020,1,Wed,FALSE,Winter,FALSE,Moderate
2020-01-23,HRL,14.74,35.42,36.2,1.5,4.4,316,2020,1,Thu,FALSE,Winter,FALSE,Moderate
2020-01-24,HRL,11.2,25.84,33.32,3.3,9.9,231,2020,1,Fri,FALSE,Winter,FALSE,Moderate
2020-01-25,HRL,14.69,37.12,21.73,1.7,2.3,260,2020,1,Sat,TRUE,Winter,FALSE,Moderate
2020-01-26,HRL,13.4,34.69,29.51,1.8,5.5,255,2020,1,Sun,TRUE,Winter,FALSE,Moderate
2020-01-27,HRL,13.06,22.31,38.38,0.1,2.5,103,2020,1,Mon,FALSE,Winter,FALSE,Moderate
2020-01-28,HRL,9.23,24.05,48.13,2.7,4.6,48,2020,1,Tue,FALSE,Winter,FALSE,Good
2020-01-29,HRL,15.8,34.87,40.13,1,2.4,313,2020,1,Wed,FALSE,Winter,FALSE,Moderate
2020-01-30,HRL,15.51,41.62,32.37,3.3,3.5,147,2020,1,Thu,FALSE,Winter,FALSE,Moderate
2020-01-31,HRL,20.55,52.53,23.98,0.5,19.5,201,2020,1,Fri,FALSE,Winter,FALSE,Unhealthy (sensitive)
2020-02-01,HRL,9.58,24.63,31.88,2.9,3.7,316,2020,2,Sat,TRUE,Winter,FALSE,Good
2020-02-02,HRL,10.64,34.14,42.14,1.1,4.1,163,2020,2,Sun,TRUE,Winter,FALSE,Moderate
2020-02-03,HRL,7.92,36.12,37.44,1.8,2.8,306,2020,2,Mon,FALSE,Winter,FALSE,Good
2020-02-04,HRL,7.21,20.13,22.72,7.6,5.8,83,2020,2,Tue,FALSE,Winter,FALSE,Good
2020-02-05,HRL,17.21,40.42,22.6,4.5,6.8,290,2020,2,Wed,FALSE,Winter,FALSE,Moderate
2020-02-06,HRL,17.06,46.7,33.52,4.2,2.6,45,2020,2,Thu,FALSE,Winter,FALSE,Moderate
2020-02-07,HRL,8.6,19.1,28.94,4.4,2.6,66,2020,2,Fri,FALSE,Winter,FALSE,Good
2020-02-08,HRL,9.37,24.17,40.37,2.6,3.8,263,2020,2,Sat,TRUE,Winter,FALSE,Good
2020-02-09,HRL,14.31,44.05,35.83,7.2,3.5,358,2020,2,Sun,TRUE,Winter,FALSE,Moderate
2020-02-10,HRL,14.4,57.25,25.67,3.7,3.4,290,2020,2,Mon,FALSE,Winter,FALSE,Moderate
2020-02-11,HRL,9,25.28,39.56,5.1,4.6,96,2020,2,Tue,FALSE,Winter,FALSE,Good
2020-02-12,HRL,7.28,16.71,43.69,5.3,3.6,190,2020,2,Wed,FALSE,Winter,FALSE,Good
2020-02-13,HRL,16.11,48.54,36.43,6.5,8,206,2020,2,Thu,FALSE,Winter,FALSE,Moderate
2020-02-14,HRL,11.58,33.65,30.32,5.2,5.9,208,2020,2,Fri,FALSE,Winter,FALSE,Moderate
2020-02-15,HRL,10.36,34.1,30.3,10,9.9,99,2020,2,Sat,TRUE,Winter,FALSE,Moderate
2020-02-16,HRL,8.39,21.06,44.51,8.1,4,211,2020,2,Sun,TRUE,Winter,FALSE,Good
2020-02-17,HRL,11.51,32.03,34.51,9.3,7.7,358,2020,2,Mon,FALSE,Winter,FALSE,Moderate
2020-02-18,HRL,14.84,37.86,26.45,6.6,5,0,2020,2,Tue,FALSE,Winter,FALSE,Moderate
2020-02-19,HRL,15.51,34.26,26.07,1.1,5.7,6,2020,2,Wed,FALSE,Winter,FALSE,Moderate
2020-02-20,HRL,15.54,51.4,33.72,4.7,4.5,210,2020,2,Thu,FALSE,Winter,FALSE,Moderate
2020-02-21,HRL,13.76,35.31,34.64,6.1,1.2,239,2020,2,Fri,FALSE,Winter,FALSE,Moderate
2020-02-22,HRL,6.21,17.87,31.92,3.6,4.3,142,2020,2,Sat,TRUE,Winter,FALSE,Good
2020-02-23,HRL,6.35,23.05,32.91,6.9,6.1,105,2020,2,Sun,TRUE,Winter,FALSE,Good
2020-02-24,HRL,9.85,29.95,31.91,3.2,4.9,50,2020,2,Mon,FALSE,Winter,FALSE,Good
2020-02-25,HRL,15.52,48.24,21.29,2.2,4.1,18,2020,2,Tue,FALSE,Winter,FALSE,Moderate
2020-02-26,HRL,16.76,32.3,38.07,9.3,1.9,82,2020,2,Wed,FALSE,Winter,FALSE,Moderate
2020-02-27,HRL,7.35,40.38,27.3,7.4,6.4,278,2020,2,Thu,FALSE,Winter,FALSE,Good
2020-02-28,HRL,12.82,45.06,44.78,3.5,2.6,337,2020,2,Fri,FALSE,Winter,FALSE,Moderate
2020-02-29,HRL,7.25,38.03,29.89,9.6,5.6,267,2020,2,Sat,TRUE,Winter,FALSE,Good
2020-03-01,HRL,5.12,5,44.9,6.9,2.9,153,2020,3,Sun,TRUE,Spring,FALSE,Good
2020-03-02,HRL,9.02,31.76,39.97,7.9,3,325,2020,3,Mon,FALSE,Spring,FALSE,Good
2020-03-03,HRL,12.57,48.68,34.93,6.4,2.2,275,2020,3,Tue,FALSE,Spring,FALSE,Moderate
2020-03-04,HRL,7.33,19.83,27.54,10.5,3.4,21,2020,3,Wed,FALSE,Spring,FALSE,Good
2020-03-05,HRL,12.55,43.87,40.87,10.7,3,150,2020,3,Thu,FALSE,Spring,FALSE,Moderate
2020-03-06,HRL,13.45,32.38,30.4,8,4.3,152,2020,3,Fri,FALSE,Spring,FALSE,Moderate
2020-03-07,HRL,1,6.16,41.27,7.9,5.6,100,2020,3,Sat,TRUE,Spring,FALSE,Good
2020-03-08,HRL,10.38,42.65,33.05,9,3,159,2020,3,Sun,TRUE,Spring,FALSE,Moderate
2020-03-09,HRL,12.51,27.84,28.79,8.5,2.7,66,2020,3,Mon,FALSE,Spring,FALSE,Moderate
2020-03-10,HRL,8.81,26.38,30.77,8.3,5.3,25,2020,3,Tue,FALSE,Spring,FALSE,Good
2020-03-11,HRL,6.86,15.39,33.37,5.9,4.3,129,2020,3,Wed,FALSE,Spring,FALSE,Good
2020-03-12,HRL,9.05,38.78,42.51,11.2,2.5,293,2020,3,Thu,FALSE,Spring,FALSE,Good
2020-03-13,HRL,14.26,37.19,42.61,5.4,4.5,350,2020,3,Fri,FALSE,Spring,FALSE,Moderate
2020-03-14,HRL,10.32,18.05,30.93,7.4,5.6,155,2020,3,Sat,TRUE,Spring,FALSE,Moderate
2020-03-15,HRL,12.09,36.52,35.2,6.8,5.2,217,2020,3,Sun,TRUE,Spring,FALSE,Moderate
2020-03-16,HRL,11.2,31.71,29.62,9,16,62,2020,3,Mon,FALSE,Spring,FALSE,Moderate
2020-03-17,HRL,4.98,23.23,39.49,9.5,3.7,232,2020,3,Tue,FALSE,Spring,FALSE,Good
2020-03-18,HRL,11.6,23.05,47.64,9.5,4.1,111,2020,3,Wed,FALSE,Spring,FALSE,Moderate
2020-03-19,HRL,9.8,17.77,28.61,10.6,1.6,211,2020,3,Thu,FALSE,Spring,FALSE,Good
2020-03-20,HRL,5.58,20.15,29.67,8.3,1.7,90,2020,3,Fri,FALSE,Spring,FALSE,Good
2020-03-21,HRL,7.47,34.66,29.98,7.4,3.9,218,2020,3,Sat,TRUE,Spring,FALSE,Good
2020-03-22,HRL,11.92,34.29,37.41,14.5,2.9,277,2020,3,Sun,TRUE,Spring,FALSE,Moderate
2020-03-23,HRL,7.31,17.71,36.18,9.4,7.8,138,2020,3,Mon,FALSE,Spring,FALSE,Good
2020-03-24,HRL,14.7,37.31,36.08,8.6,3.9,323,2020,3,Tue,FALSE,Spring,FALSE,Moderate
2020-03-25,HRL,7.19,14.57,37.9,8.9,3.3,18,2020,3,Wed,FALSE,Spring,FALSE,Good
2020-03-26,HRL,7.06,24.42,47.68,12.1,1.9,179,2020,3,Thu,FALSE,Spring,FALSE,Good
2020-03-27,HRL,9.47,28.6,39.76,13.8,4.3,54,2020,3,Fri,FALSE,Spring,FALSE,Good
2020-03-28,HRL,1,5,46.96,12.7,5.5,274,2020,3,Sat,TRUE,Spring,FALSE,Good
2020-03-29,HRL,7.71,15.74,38.39,9.7,1.3,348,2020,3,Sun,TRUE,Spring,FALSE,Good
2020-03-30,HRL,11.23,30.47,32.35,8.7,3,290,2020,3,Mon,FALSE,Spring,FALSE,Moderate
2020-03-31,HRL,7.75,11.95,36.35,12.4,5.2,122,2020,3,Tue,FALSE,Spring,FALSE,Good
2020-04-01,HRL,7.31,26.69,34.35,10.1,3.3,7,2020,4,Wed,FALSE,Spring,FALSE,Good
2020-04-02,HRL,12.73,42.77,26.98,10.8,4,137,2020,4,Thu,FALSE,Spring,FALSE,Moderate
2020-04-03,HRL,5.69,19.11,40.49,9.7,7.5,259,2020,4,Fri,FALSE,Spring,FALSE,Good
2020-04-04,HRL,8.15,10.17,43.94,13.1,2.6,236,2020,4,Sat,TRUE,Spring,FALSE,Good
2020-04-05,HRL,3.03,8.28,47.44,13.8,10,0,2020,4,Sun,TRUE,Spring,FALSE,Good
2020-04-06,HRL,5.43,15.83,34.7,15.1,4.5,303,2020,4,Mon,FALSE,Spring,FALSE,Good
2020-04-07,HRL,7.99,38.78,33.2,16.1,6.3,125,2020,4,Tue,FALSE,Spring,FALSE,Good
2020-04-08,HRL,4.83,27.05,32.96,14.4,7.5,205,2020,4,Wed,FALSE,Spring,FALSE,Good
2020-04-09,HRL,7.44,27.38,39.84,15,3.9,75,2020,4,Thu,FALSE,Spring,FALSE,Good
2020-04-10,HRL,15.3,32.98,35.73,11.8,6.7,222,2020,4,Fri,FALSE,Spring,FALSE,Moderate
2020-04-11,HRL,7.04,41.5,27.44,17.7,2.3,55,2020,4,Sat,TRUE,Spring,FALSE,Good
2020-04-12,HRL,6.91,35.86,32.89,16.7,3.2,293,2020,4,Sun,TRUE,Spring,FALSE,Good
2020-04-13,HRL,5.48,14.36,36.06,10.7,2.6,150,2020,4,Mon,FALSE,Spring,FALSE,Good
2020-04-14,HRL,8.71,13.86,35.24,10.6,2,80,2020,4,Tue,FALSE,Spring,FALSE,Good
2020-04-15,HRL,11.29,25.42,43.32,17.5,4.3,269,2020,4,Wed,FALSE,Spring,FALSE,Moderate
2020-04-16,HRL,11.67,27.55,32.94,12.7,4.8,222,2020,4,Thu,FALSE,Spring,FALSE,Moderate
2020-04-17,HRL,10.25,27.44,48.04,12.3,2.4,291,2020,4,Fri,FALSE,Spring,FALSE,Moderate
2020-04-18,HRL,1,15,37.97,16.3,3.3,181,2020,4,Sat,TRUE,Spring,FALSE,Good
2020-04-19,HRL,2.4,5,41.84,13.7,5.9,69,2020,4,Sun,TRUE,Spring,FALSE,Good
2020-04-20,HRL,7.88,25.04,38.28,11.4,3.8,12,2020,4,Mon,FALSE,Spring,FALSE,Good
2020-04-21,HRL,1,5,37.38,17.4,5.1,144,2020,4,Tue,FALSE,Spring,FALSE,Good
2020-04-22,HRL,5.82,29.01,37.2,17.4,2.1,108,2020,4,Wed,FALSE,Spring,FALSE,Good
2020-04-23,HRL,3.29,17.26,43.12,17.7,3.3,322,2020,4,Thu,FALSE,Spring,FALSE,Good
2020-04-24,HRL,10.41,23.14,40.77,14.7,6.8,322,2020,4,Fri,FALSE,Spring,FALSE,Moderate
2020-04-25,HRL,5.58,10.37,40.55,11.5,1.5,173,2020,4,Sat,TRUE,Spring,FALSE,Good
2020-04-26,HRL,10.06,37.38,33.28,12.5,3.1,103,2020,4,Sun,TRUE,Spring,FALSE,Moderate
2020-04-27,HRL,3.75,9.88,35,14.6,1.6,19,2020,4,Mon,FALSE,Spring,FALSE,Good
2020-04-28,HRL,4.16,16.87,37.02,13.7,4.6,202,2020,4,Tue,FALSE,Spring,FALSE,Good
2020-04-29,HRL,8.91,24.34,40.8,16.1,2.9,45,2020,4,Wed,FALSE,Spring,FALSE,Good
2020-04-30,HRL,4.68,11.21,28.21,14.4,3.1,50,2020,4,Thu,FALSE,Spring,FALSE,Good
2020-05-01,HRL,6.1,23.16,47.03,15,6.9,320,2020,5,Fri,FALSE,Spring,FALSE,Good
2020-05-02,HRL,2,5,37.89,19.2,5.7,75,2020,5,Sat,TRUE,Spring,FALSE,Good
2020-05-03,HRL,2.05,17.57,36.07,17.4,2.8,102,2020,5,Sun,TRUE,Spring,FALSE,Good
2020-05-04,HRL,4.26,13.57,40.15,16.2,5.7,270,2020,5,Mon,FALSE,Spring,FALSE,Good
2020-05-05,HRL,9.62,26.46,39.09,17.8,2,205,2020,5,Tue,FALSE,Spring,FALSE,Good
2020-05-06,HRL,4.21,5,42.95,13,3.3,131,2020,5,Wed,FALSE,Spring,FALSE,Good
2020-05-07,HRL,4.13,17.41,35.74,16.4,1.9,160,2020,5,Thu,FALSE,Spring,FALSE,Good
2020-05-08,HRL,10.8,26.91,36.3,14.7,2.6,264,2020,5,Fri,FALSE,Spring,FALSE,Moderate
2020-05-09,HRL,3.49,12.55,44.44,17.4,6.6,15,2020,5,Sat,TRUE,Spring,FALSE,Good
2020-05-10,HRL,1,5.76,47.75,15.3,4.5,220,2020,5,Sun,TRUE,Spring,FALSE,Good
2020-05-11,HRL,1.87,5.99,46.16,18.2,1.6,331,2020,5,Mon,FALSE,Spring,FALSE,Good
2020-05-12,HRL,8.62,36,30.95,17.2,5.5,296,2020,5,Tue,FALSE,Spring,FALSE,Good
2020-05-13,HRL,8.6,30.35,36.31,13.9,11.3,291,2020,5,Wed,FALSE,Spring,FALSE,Good
2020-05-14,HRL,8.89,22.45,38.1,15.8,5.2,274,2020,5,Thu,FALSE,Spring,FALSE,Good
2020-05-15,HRL,8.7,11.27,51.96,15.7,4.3,88,2020,5,Fri,FALSE,Spring,FALSE,Good
2020-05-16,HRL,1.36,5,42.88,15.9,2.2,79,2020,5,Sat,TRUE,Spring,FALSE,Good
2020-05-17,HRL,2.9,12.84,47.52,15.2,4.7,244,2020,5,Sun,TRUE,Spring,FALSE,Good
2020-05-18,HRL,2.09,7.16,41.76,16.1,3.5,73,2020,5,Mon,FALSE,Spring,FALSE,Good
2020-05-19,HRL,12.27,47.01,39.56,15.5,8.3,275,2020,5,Tue,FALSE,Spring,FALSE,Moderate
2020-05-20,HRL,2.86,18.54,34.88,18,4.3,191,2020,5,Wed,FALSE,Spring,FALSE,Good
2020-05-21,HRL,7.92,13.28,35.45,15.2,2,211,2020,5,Thu,FALSE,Spring,FALSE,Good
2020-05-22,HRL,5.91,18.92,35.31,20.2,3.4,237,2020,5,Fri,FALSE,Spring,FALSE,Good
2020-05-23,HRL,1.14,17.38,41.5,20.4,5.9,79,2020,5,Sat,TRUE,Spring,FALSE,Good
2020-05-24,HRL,1.17,6.54,38.1,15.8,3.7,10,2020,5,Sun,TRUE,Spring,FALSE,Good
2020-05-25,HRL,5.53,5,50.34,19.7,3,290,2020,5,Mon,FALSE,Spring,FALSE,Good
2020-05-26,HRL,7.66,23.88,32.86,15.3,3,254,2020,5,Tue,FALSE,Spring,FALSE,Good
2020-05-27,HRL,1.41,7.06,42.78,17.8,4.2,125,2020,5,Wed,FALSE,Spring,FALSE,Good
2020-05-28,HRL,4.5,18.25,43.09,16.9,2.4,191,2020,5,Thu,FALSE,Spring,FALSE,Good
2020-05-29,HRL,1.13,16.41,40.75,14.2,3.2,350,2020,5,Fri,FALSE,Spring,FALSE,Good
2020-05-30,HRL,2.14,5,55.73,17.2,5.4,173,2020,5,Sat,TRUE,Spring,FALSE,Good
2020-05-31,HRL,3.2,9.92,23.79,14.9,1.8,113,2020,5,Sun,TRUE,Spring,FALSE,Good
2020-06-01,HRL,1,9.33,32.98,14,7.5,271,2020,6,Mon,FALSE,Summer,FALSE,Good
2020-06-02,HRL,7.29,24.35,33.49,18.2,12.1,74,2020,6,Tue,FALSE,Summer,FALSE,Good
2020-06-03,HRL,7.43,18.96,46.26,17.1,2.6,306,2020,6,Wed,FALSE,Summer,FALSE,Good
2020-06-04,HRL,10.38,17.26,37.45,20.7,5.8,321,2020,6,Thu,FALSE,Summer,FALSE,Moderate
2020-06-05,HRL,2.3,21.93,38.1,17.2,3.3,296,2020,6,Fri,FALSE,Summer,FALSE,Good
2020-06-06,HRL,4.31,5,42.69,19.5,1.8,338,2020,6,Sat,TRUE,Summer,FALSE,Good
2020-06-07,HRL,1.98,6.17,57.33,16.5,4,244,2020,6,Sun,TRUE,Summer,FALSE,Good
2020-06-08,HRL,4.13,5.62,46.3,17.4,10.9,125,2020,6,Mon,FALSE,Summer,FALSE,Good
2020-06-09,HRL,1.57,9.43,44.86,18.2,3,318,2020,6,Tue,FALSE,Summer,FALSE,Good
2020-06-10,HRL,6.68,9.28,43.85,17,2.1,178,2020,6,Wed,FALSE,Summer,FALSE,Good
2020-06-11,HRL,1,9.19,49.99,23.8,11.3,174,2020,6,Thu,FALSE,Summer,FALSE,Good
2020-06-12,HRL,1,5,48.17,16.4,3,336,2020,6,Fri,FALSE,Summer,FALSE,Good
2020-06-13,HRL,2.61,6.6,50.03,17.4,4.7,23,2020,6,Sat,TRUE,Summer,FALSE,Good
2020-06-14,HRL,1,9.44,50.13,16,5.3,229,2020,6,Sun,TRUE,Summer,FALSE,Good
2020-06-15,HRL,10.21,23.97,36.58,17.4,2.8,102,2020,6,Mon,FALSE,Summer,FALSE,Moderate
2020-06-16,HRL,3.1,5,33.1,18.3,8.2,192,2020,6,Tue,FALSE,Summer,FALSE,Good
2020-06-17,HRL,1,5,43.25,14.3,2.8,307,2020,6,Wed,FALSE,Summer,FALSE,Good
2020-06-18,HRL,4.95,20.14,34.14,19,7.8,243,2020,6,Thu,FALSE,Summer,FALSE,Good
2020-06-19,HRL,1,5.4,46.06,17.7,6.2,191,2020,6,Fri,FALSE,Summer,FALSE,Good
2020-06-20,HRL,1.23,5,43.88,16,14,51,2020,6,Sat,TRUE,Summer,FALSE,Good
2020-06-21,HRL,3.06,19.09,36.85,17.8,2.8,111,2020,6,Sun,TRUE,Summer,FALSE,Good
2020-06-22,HRL,8.2,29.53,31.95,17.7,3.6,213,2020,6,Mon,FALSE,Summer,FALSE,Good
2020-06-23,HRL,1,10.16,38.42,16,6.5,310,2020,6,Tue,FALSE,Summer,FALSE,Good
2020-06-24,HRL,2.32,7.92,43.39,16.6,2.8,104,2020,6,Wed,FALSE,Summer,FALSE,Good
2020-06-25,HRL,6.99,25.49,47.95,18.5,3.6,205,2020,6,Thu,FALSE,Summer,FALSE,Good
2020-06-26,HRL,3.08,11.56,42.67,18.4,1.7,2,2020,6,Fri,FALSE,Summer,FALSE,Good
2020-06-27,HRL,1,5,42.27,19.6,2.6,60,2020,6,Sat,TRUE,Summer,FALSE,Good
2020-06-28,HRL,1.93,7.54,46.65,19.5,3.3,114,2020,6,Sun,TRUE,Summer,FALSE,Good
2020-06-29,HRL,2.12,5,43.29,14.7,5.5,266,2020,6,Mon,FALSE,Summer,FALSE,Good
2020-06-30,HRL,5.7,10.22,37.68,14.1,8.8,26,2020,6,Tue,FALSE,Summer,FALSE,Good
2020-07-01,HRL,1,5,52.39,20.7,2.2,217,2020,7,Wed,FALSE,Summer,FALSE,Good
2020-07-02,HRL,5.05,23.16,30.72,15.8,2.5,18,2020,7,Thu,FALSE,Summer,FALSE,Good
2020-07-03,HRL,2.25,5.86,41.81,17.8,1.2,239,2020,7,Fri,FALSE,Summer,FALSE,Good
2020-07-04,HRL,1,14.08,27.16,17.6,4.2,154,2020,7,Sat,TRUE,Summer,FALSE,Good
2020-07-05,HRL,1,5.93,39.06,16.6,5.2,17,2020,7,Sun,TRUE,Summer,FALSE,Good
2020-07-06,HRL,1,5,36.27,20.8,4.3,55,2020,7,Mon,FALSE,Summer,FALSE,Good
2020-07-07,HRL,5.96,5,56.04,16.2,9.1,294,2020,7,Tue,FALSE,Summer,FALSE,Good
2020-07-08,HRL,4.55,10.02,37.17,20.1,1.9,297,2020,7,Wed,FALSE,Summer,FALSE,Good
2020-07-09,HRL,1,5,43.53,17,1.3,234,2020,7,Thu,FALSE,Summer,FALSE,Good
2020-07-10,HRL,1,5,43.06,19.4,1.8,150,2020,7,Fri,FALSE,Summer,FALSE,Good
2020-07-11,HRL,1.77,8.23,54.83,16.8,6.3,326,2020,7,Sat,TRUE,Summer,FALSE,Good
2020-07-12,HRL,1,5,45.18,15.4,2.4,127,2020,7,Sun,TRUE,Summer,FALSE,Good
2020-07-13,HRL,3.55,16.9,29.72,16.7,2.8,179,2020,7,Mon,FALSE,Summer,FALSE,Good
2020-07-14,HRL,6.19,23.74,42.77,16,5,59,2020,7,Tue,FALSE,Summer,FALSE,Good
2020-07-15,HRL,3.43,14.32,44.79,15.6,3.8,105,2020,7,Wed,FALSE,Summer,FALSE,Good
2020-07-16,HRL,3.79,14.76,32.72,12.9,3.2,214,2020,7,Thu,FALSE,Summer,FALSE,Good
2020-07-17,HRL,1.32,13.02,43.61,19.2,7,176,2020,7,Fri,FALSE,Summer,FALSE,Good
2020-07-18,HRL,1,17.89,43.25,15.7,6.8,98,2020,7,Sat,TRUE,Summer,FALSE,Good
2020-07-19,HRL,1,5,57.14,18.3,2.3,129,2020,7,Sun,TRUE,Summer,FALSE,Good
2020-07-20,HRL,3.81,5,32.94,15.2,3.4,270,2020,7,Mon,FALSE,Summer,FALSE,Good
2020-07-21,HRL,1,5,41.53,15.7,3.5,348,2020,7,Tue,FALSE,Summer,FALSE,Good
2020-07-22,HRL,3.42,12.85,45.97,16.3,3.5,111,2020,7,Wed,FALSE,Summer,FALSE,Good
2020-07-23,HRL,4.07,5,44.45,14,2.6,336,2020,7,Thu,FALSE,Summer,FALSE,Good
2020-07-24,HRL,1,5,42.96,16.1,2.6,84,2020,7,Fri,FALSE,Summer,FALSE,Good
2020-07-25,HRL,1.72,5,47.71,16.9,6.5,172,2020,7,Sat,TRUE,Summer,FALSE,Good
2020-07-26,HRL,2.28,15.59,51.71,21.1,2.5,309,2020,7,Sun,TRUE,Summer,FALSE,Good
2020-07-27,HRL,1,5.34,43.48,17.5,2.7,359,2020,7,Mon,FALSE,Summer,FALSE,Good
2020-07-28,HRL,8.45,27.01,32.84,11.2,3.3,104,2020,7,Tue,FALSE,Summer,FALSE,Good
2020-07-29,HRL,1,5,53.83,15.9,3.8,126,2020,7,Wed,FALSE,Summer,FALSE,Good
2020-07-30,HRL,1.44,6.76,36.97,17.3,1.5,91,2020,7,Thu,FALSE,Summer,FALSE,Good
2020-07-31,HRL,5.67,18.3,33,15.4,4.6,194,2020,7,Fri,FALSE,Summer,FALSE,Good
2020-08-01,HRL,1,5,41.99,19.4,6.6,263,2020,8,Sat,TRUE,Summer,FALSE,Good
2020-08-02,HRL,3.87,5,42.71,17.9,1.2,116,2020,8,Sun,TRUE,Summer,FALSE,Good
2020-08-03,HRL,8.14,15.51,45.74,18.8,5.3,324,2020,8,Mon,FALSE,Summer,FALSE,Good
2020-08-04,HRL,4.41,7.24,41.71,20,6.2,180,2020,8,Tue,FALSE,Summer,FALSE,Good
2020-08-05,HRL,3.91,5.97,44.22,16.9,3.1,357,2020,8,Wed,FALSE,Summer,FALSE,Good
2020-08-06,HRL,2.54,18.62,50.95,11.8,4.3,124,2020,8,Thu,FALSE,Summer,FALSE,Good
2020-08-07,HRL,5.88,16.23,39.34,16,4.4,119,2020,8,Fri,FALSE,Summer,FALSE,Good
2020-08-08,HRL,4.74,19.77,37.22,14.2,9.6,143,2020,8,Sat,TRUE,Summer,FALSE,Good
2020-08-09,HRL,1,5,36.82,10.6,3.3,82,2020,8,Sun,TRUE,Summer,FALSE,Good
2020-08-10,HRL,1,5,46.45,15.6,1.3,60,2020,8,Mon,FALSE,Summer,FALSE,Good
2020-08-11,HRL,2.56,5,46.46,14.3,6.7,241,2020,8,Tue,FALSE,Summer,FALSE,Good
2020-08-12,HRL,1,5,37.8,15.7,2.5,29,2020,8,Wed,FALSE,Summer,FALSE,Good
2020-08-13,HRL,2.98,13.59,48.16,14.1,1.8,57,2020,8,Thu,FALSE,Summer,FALSE,Good
2020-08-14,HRL,3.13,5,40.15,15.8,2.1,323,2020,8,Fri,FALSE,Summer,FALSE,Good
2020-08-15,HRL,4.32,13.9,45.7,13.5,7.1,111,2020,8,Sat,TRUE,Summer,FALSE,Good
2020-08-16,HRL,1.37,5,38.81,16.1,10.6,35,2020,8,Sun,TRUE,Summer,FALSE,Good
2020-08-17,HRL,3.49,10.45,35.68,14.8,2.5,108,2020,8,Mon,FALSE,Summer,FALSE,Good
2020-08-18,HRL,4.25,7.92,51.97,15,2.8,225,2020,8,Tue,FALSE,Summer,FALSE,Good
2020-08-19,HRL,1,5,31.87,11.6,1.7,105,2020,8,Wed,FALSE,Summer,FALSE,Good
2020-08-20,HRL,4.43,5,44.87,12.5,4.9,114,2020,8,Thu,FALSE,Summer,FALSE,Good
2020-08-21,HRL,5.65,5.96,41.28,16.4,3.4,10,2020,8,Fri,FALSE,Summer,FALSE,Good
2020-08-22,HRL,1.69,5,34.5,14.6,3.8,189,2020,8,Sat,TRUE,Summer,FALSE,Good
2020-08-23,HRL,1,5,42.03,11.6,2.7,212,2020,8,Sun,TRUE,Summer,FALSE,Good
2020-08-24,HRL,4.24,7.99,32.47,12,6,166,2020,8,Mon,FALSE,Summer,FALSE,Good
2020-08-25,HRL,5.67,14.68,46.86,16.3,6.2,71,2020,8,Tue,FALSE,Summer,FALSE,Good
2020-08-26,HRL,3.54,5,43.33,14.4,7.4,136,2020,8,Wed,FALSE,Summer,FALSE,Good
2020-08-27,HRL,8.24,21.75,39.74,11,2.6,70,2020,8,Thu,FALSE,Summer,FALSE,Good
2020-08-28,HRL,3.38,5.04,48.88,13,1,294,2020,8,Fri,FALSE,Summer,FALSE,Good
2020-08-29,HRL,1,5.28,49.96,13.7,7.3,101,2020,8,Sat,TRUE,Summer,FALSE,Good
2020-08-30,HRL,1.41,11.85,40.42,11.9,3.2,78,2020,8,Sun,TRUE,Summer,FALSE,Good
2020-08-31,HRL,2.27,5,44.79,14.6,6.2,206,2020,8,Mon,FALSE,Summer,FALSE,Good
2020-09-01,HRL,13.17,32.91,44.11,10,4.6,127,2020,9,Tue,FALSE,Autumn,FALSE,Moderate
2020-09-02,HRL,10.64,28.25,39.87,12.3,1.9,201,2020,9,Wed,FALSE,Autumn,FALSE,Moderate
2020-09-03,HRL,7.52,28.72,41.46,13.4,3.5,159,2020,9,Thu,FALSE,Autumn,FALSE,Good
2020-09-04,HRL,7.68,14.57,43.93,11.1,4.7,72,2020,9,Fri,FALSE,Autumn,FALSE,Good
2020-09-05,HRL,4.56,12.27,39.59,15,4.8,32,2020,9,Sat,TRUE,Autumn,FALSE,Good
2020-09-06,HRL,1,5,46.51,12.1,1.5,331,2020,9,Sun,TRUE,Autumn,FALSE,Good
2020-09-07,HRL,1.32,5,37.9,11.7,3.7,215,2020,9,Mon,FALSE,Autumn,FALSE,Good
2020-09-08,HRL,5.11,24.25,24.3,14.4,4.2,63,2020,9,Tue,FALSE,Autumn,FALSE,Good
2020-09-09,HRL,2.8,13.18,38.31,10.3,1.6,283,2020,9,Wed,FALSE,Autumn,FALSE,Good
2020-09-10,HRL,11.71,18.89,37.82,9.4,2.4,114,2020,9,Thu,FALSE,Autumn,FALSE,Moderate
2020-09-11,HRL,6.78,21.16,41.68,9.9,2.8,223,2020,9,Fri,FALSE,Autumn,FALSE,Good
2020-09-12,HRL,1.37,15.72,39.45,14.4,5.1,165,2020,9,Sat,TRUE,Autumn,FALSE,Good
2020-09-13,HRL,4.28,9.67,37.41,9.1,3.4,280,2020,9,Sun,TRUE,Autumn,FALSE,Good
2020-09-14,HRL,9.71,22.63,46.13,9.8,5.3,95,2020,9,Mon,FALSE,Autumn,FALSE,Good
2020-09-15,HRL,8.15,19.56,35.09,9.6,13,311,2020,9,Tue,FALSE,Autumn,FALSE,Good
2020-09-16,HRL,9.3,33.99,42.29,12.4,5.3,295,2020,9,Wed,FALSE,Autumn,FALSE,Good
2020-09-17,HRL,10.44,51.79,17.58,12.4,4,224,2020,9,Thu,FALSE,Autumn,FALSE,Moderate
2020-09-18,HRL,7.94,26.2,37.31,7.7,2.7,50,2020,9,Fri,FALSE,Autumn,FALSE,Good
2020-09-19,HRL,2.1,6.22,32.29,8.1,3.6,338,2020,9,Sat,TRUE,Autumn,FALSE,Good
2020-09-20,HRL,2.9,5,45.91,16.6,5.3,296,2020,9,Sun,TRUE,Autumn,FALSE,Good
2020-09-21,HRL,6.46,17.25,26.26,8.2,1.8,213,2020,9,Mon,FALSE,Autumn,FALSE,Good
2020-09-22,HRL,8.86,29.32,33.77,8.4,3.5,219,2020,9,Tue,FALSE,Autumn,FALSE,Good
2020-09-23,HRL,1.1,5,36.93,13.1,7.4,59,2020,9,Wed,FALSE,Autumn,FALSE,Good
2020-09-24,HRL,4.6,16.23,40.3,10.3,3.7,288,2020,9,Thu,FALSE,Autumn,FALSE,Good
2020-09-25,HRL,4.53,5,35.45,6.5,4.2,22,2020,9,Fri,FALSE,Autumn,FALSE,Good
2020-09-26,HRL,1.25,12.28,38.94,12,12.1,357,2020,9,Sat,TRUE,Autumn,FALSE,Good
2020-09-27,HRL,7.97,37.75,33.55,11.4,3.9,81,2020,9,Sun,TRUE,Autumn,FALSE,Good
2020-09-28,HRL,8.15,18.84,35.73,9.1,4.9,225,2020,9,Mon,FALSE,Autumn,FALSE,Good
2020-09-29,HRL,9.73,32.2,39.66,8.3,1.6,32,2020,9,Tue,FALSE,Autumn,FALSE,Good
2020-09-30,HRL,6.68,20.56,34.54,12,6.2,329,2020,9,Wed,FALSE,Autumn,FALSE,Good
2020-10-01,HRL,8.46,29.19,38.85,8.2,4.4,113,2020,10,Thu,FALSE,Autumn,FALSE,Good
2020-10-02,HRL,2.95,5,48.11,6.6,11,203,2020,10,Fri,FALSE,Autumn,FALSE,Good
2020-10-03,HRL,7.37,16.43,46.37,6.7,8,1,2020,10,Sat,TRUE,Autumn,FALSE,Good
2020-10-04,HRL,5.15,17.21,41.45,7.9,4.5,193,2020,10,Sun,TRUE,Autumn,FALSE,Good
2020-10-05,HRL,7.93,32.48,38.91,6.2,4.8,36,2020,10,Mon,FALSE,Autumn,FALSE,Good
2020-10-06,HRL,8.19,15.07,42.57,8.8,2.8,176,2020,10,Tue,FALSE,Autumn,FALSE,Good
2020-10-07,HRL,5.56,12.95,46.68,7.9,4.6,14,2020,10,Wed,FALSE,Autumn,FALSE,Good
2020-10-08,HRL,4.28,7.22,39.63,7.6,3.9,258,2020,10,Thu,FALSE,Autumn,FALSE,Good
2020-10-09,HRL,2.15,5,44.53,4.8,3.1,120,2020,10,Fri,FALSE,Autumn,FALSE,Good
2020-10-10,HRL,8.07,24.62,38.41,5.9,4.8,18,2020,10,Sat,TRUE,Autumn,FALSE,Good
2020-10-11,HRL,4.88,12.56,36.76,8.3,3.4,311,2020,10,Sun,TRUE,Autumn,FALSE,Good
2020-10-12,HRL,10.41,30.25,34.22,3.9,6.9,17,2020,10,Mon,FALSE,Autumn,FALSE,Moderate
2020-10-13,HRL,9.17,26.78,29.87,3.1,2,49,2020,10,Tue,FALSE,Autumn,FALSE,Good
2020-10-14,HRL,2.7,10,39.65,2.9,3.8,103,2020,10,Wed,FALSE,Autumn,FALSE,Good
2020-10-15,HRL,9.52,17.06,47.66,5.9,3.2,243,2020,10,Thu,FALSE,Autumn,FALSE,Good
2020-10-16,HRL,7.08,22.26,35.41,9.2,3.6,109,2020,10,Fri,FALSE,Autumn,FALSE,Good
2020-10-17,HRL,4.18,8.7,47.79,6.2,3.8,146,2020,10,Sat,TRUE,Autumn,FALSE,Good
2020-10-18,HRL,4.63,18,33.04,4.7,3.9,142,2020,10,Sun,TRUE,Autumn,FALSE,Good
2020-10-19,HRL,2.5,5,34.54,9.9,2.6,187,2020,10,Mon,FALSE,Autumn,FALSE,Good
2020-10-20,HRL,11.89,22.78,41.7,4.9,4.6,221,2020,10,Tue,FALSE,Autumn,FALSE,Moderate
2020-10-21,HRL,10.39,32.5,39.61,5.3,4,28,2020,10,Wed,FALSE,Autumn,FALSE,Moderate
2020-10-22,HRL,8.19,15.65,48.38,5.2,2.7,188,2020,10,Thu,FALSE,Autumn,FALSE,Good
2020-10-23,HRL,5.49,17.09,34.16,4.9,3.9,141,2020,10,Fri,FALSE,Autumn,FALSE,Good
2020-10-24,HRL,6.55,32.21,33.06,7.1,2.3,333,2020,10,Sat,TRUE,Autumn,FALSE,Good
2020-10-25,HRL,6.64,25.9,39.85,0.9,5.3,157,2020,10,Sun,TRUE,Autumn,FALSE,Good
2020-10-26,HRL,6.2,21.96,42.68,7.6,3.8,152,2020,10,Mon,FALSE,Autumn,FALSE,Good
2020-10-27,HRL,13.59,42.32,37.3,3.8,1.7,221,2020,10,Tue,FALSE,Autumn,FALSE,Moderate
2020-10-28,HRL,13.6,48.41,24.83,4.6,2.5,177,2020,10,Wed,FALSE,Autumn,FALSE,Moderate
2020-10-29,HRL,14.47,33.3,31.56,4.6,2.5,131,2020,10,Thu,FALSE,Autumn,FALSE,Moderate
2020-10-30,HRL,13.25,42.7,38.43,0.3,3.7,174,2020,10,Fri,FALSE,Autumn,FALSE,Moderate
2020-10-31,HRL,9.19,25.05,37.26,5.2,1.4,317,2020,10,Sat,TRUE,Autumn,FALSE,Good
2020-11-01,HRL,8.49,31.51,34.6,0.8,3.6,227,2020,11,Sun,TRUE,Autumn,FALSE,Good
2020-11-02,HRL,11.79,22.49,40.58,6.3,6.4,154,2020,11,Mon,FALSE,Autumn,FALSE,Moderate
2020-11-03,HRL,8.61,23.02,35.51,6.6,4.8,279,2020,11,Tue,FALSE,Autumn,FALSE,Good
2020-11-04,HRL,11.74,32.41,37.08,3.8,9.8,26,2020,11,Wed,FALSE,Autumn,FALSE,Moderate
2020-11-05,HRL,14.03,40.78,48.58,5.1,8,64,2020,11,Thu,FALSE,Autumn,FALSE,Moderate
2020-11-06,HRL,11.21,30.39,47.74,7.7,5.4,169,2020,11,Fri,FALSE,Autumn,FALSE,Moderate
2020-11-07,HRL,6.63,9.87,37.03,7.3,5.3,4,2020,11,Sat,TRUE,Autumn,FALSE,Good
2020-11-08,HRL,5.31,22.53,38.32,4.9,6.1,338,2020,11,Sun,TRUE,Autumn,FALSE,Good
2020-11-09,HRL,10.82,28.02,36.7,3.2,5.8,208,2020,11,Mon,FALSE,Autumn,FALSE,Moderate
2020-11-10,HRL,8.43,21.19,23.98,2.5,3.2,29,2020,11,Tue,FALSE,Autumn,FALSE,Good
2020-11-11,HRL,9.96,33.88,29.71,8.9,4.7,145,2020,11,Wed,FALSE,Autumn,FALSE,Good
2020-11-12,HRL,13.16,32.22,22.59,3.4,6.6,170,2020,11,Thu,FALSE,Autumn,FALSE,Moderate
2020-11-13,HRL,10.7,17.08,36.25,4.9,4.5,93,2020,11,Fri,FALSE,Autumn,FALSE,Moderate
2020-11-14,HRL,7.92,19.9,39.07,5.8,3,23,2020,11,Sat,TRUE,Autumn,FALSE,Good
2020-11-15,HRL,12.68,35.45,30.55,2.5,2.5,91,2020,11,Sun,TRUE,Autumn,FALSE,Moderate
2020-11-16,HRL,11.58,28.03,26.69,3.9,2.5,306,2020,11,Mon,FALSE,Autumn,FALSE,Moderate
2020-11-17,HRL,13.41,36.5,30.37,2.6,3.2,68,2020,11,Tue,FALSE,Autumn,FALSE,Moderate
2020-11-18,HRL,10.13,33.13,32.95,1.5,9.5,5,2020,11,Wed,FALSE,Autumn,FALSE,Moderate
2020-11-19,HRL,9.95,17.41,40.95,6.2,9.5,150,2020,11,Thu,FALSE,Autumn,FALSE,Good
2020-11-20,HRL,7.41,37.92,37.25,4.6,6,194,2020,11,Fri,FALSE,Autumn,FALSE,Good
2020-11-21,HRL,8.64,19.09,24.82,2.9,7.5,230,2020,11,Sat,TRUE,Autumn,FALSE,Good
2020-11-22,HRL,8.47,23.04,33.9,1.5,2.8,49,2020,11,Sun,TRUE,Autumn,FALSE,Good
2020-11-23,HRL,7.64,15.31,48.36,1.8,4.1,197,2020,11,Mon,FALSE,Autumn,FALSE,Good
2020-11-24,HRL,13.16,42.16,39.92,4.6,1.9,239,2020,11,Tue,FALSE,Autumn,FALSE,Moderate
2020-11-25,HRL,17.55,41.47,35.83,1.6,3.5,167,2020,11,Wed,FALSE,Autumn,FALSE,Moderate
2020-11-26,HRL,13.04,45.23,23.65,4.8,6.8,292,2020,11,Thu,FALSE,Autumn,FALSE,Moderate
2020-11-27,HRL,16.94,49.52,33.74,1.5,1.3,204,2020,11,Fri,FALSE,Autumn,FALSE,Moderate
2020-11-28,HRL,8.47,9.46,43.44,-1,3.6,174,2020,11,Sat,TRUE,Autumn,FALSE,Good
2020-11-29,HRL,11.8,32.67,39.98,4.1,7,13,2020,11,Sun,TRUE,Autumn,FALSE,Moderate
2020-11-30,HRL,11.59,31.11,33.51,2.6,3.1,150,2020,11,Mon,FALSE,Autumn,FALSE,Moderate
2020-12-01,HRL,12.34,34.98,39.82,6.5,3.5,138,2020,12,Tue,FALSE,Winter,FALSE,Moderate
2020-12-02,HRL,10.45,22.99,38.05,2.3,6.2,253,2020,12,Wed,FALSE,Winter,FALSE,Moderate
2020-12-03,HRL,13.61,39.76,20.22,5.4,3.1,143,2020,12,Thu,FALSE,Winter,FALSE,Moderate
2020-12-04,HRL,18.31,52.37,40.9,1.5,4.8,129,2020,12,Fri,FALSE,Winter,FALSE,Moderate
2020-12-05,HRL,7.39,28.67,35,4,3.5,60,2020,12,Sat,TRUE,Winter,FALSE,Good
2020-12-06,HRL,12.78,33.45,35.83,3.7,4.1,351,2020,12,Sun,TRUE,Winter,FALSE,Moderate
2020-12-07,HRL,12.63,34.36,35.73,2.2,7.1,11,2020,12,Mon,FALSE,Winter,FALSE,Moderate
2020-12-08,HRL,12.02,35.62,38.97,2.3,5.2,27,2020,12,Tue,FALSE,Winter,FALSE,Moderate
2020-12-09,HRL,14.95,39.1,27.46,2.6,3.5,21,2020,12,Wed,FALSE,Winter,FALSE,Moderate
2020-12-10,HRL,11.95,44.12,40.98,1.2,5.1,197,2020,12,Thu,FALSE,Winter,FALSE,Moderate
2020-12-11,HRL,16.32,42.96,32.75,1.4,4.1,129,2020,12,Fri,FALSE,Winter,FALSE,Moderate
2020-12-12,HRL,13.76,40.89,28.54,1.2,7.7,91,2020,12,Sat,TRUE,Winter,FALSE,Moderate
2020-12-13,HRL,9.19,33.55,32.27,0.2,3.5,330,2020,12,Sun,TRUE,Winter,FALSE,Good
2020-12-14,HRL,11.27,39.34,28.84,0.5,2.9,78,2020,12,Mon,FALSE,Winter,FALSE,Moderate
2020-12-15,HRL,14,42.83,43.36,-0,11.1,154,2020,12,Tue,FALSE,Winter,FALSE,Moderate
2020-12-16,HRL,12.67,41.03,33.46,0.7,3.2,27,2020,12,Wed,FALSE,Winter,FALSE,Moderate
2020-12-17,HRL,14.01,42.01,34.46,-1,2.5,192,2020,12,Thu,FALSE,Winter,FALSE,Moderate
2020-12-18,HRL,12.25,28.14,32.41,3.1,5.3,191,2020,12,Fri,FALSE,Winter,FALSE,Moderate
2020-12-19,HRL,11.62,35.9,36.19,0.3,2.2,178,2020,12,Sat,TRUE,Winter,FALSE,Moderate
2020-12-20,HRL,10.62,34.58,34.75,1.7,4,246,2020,12,Sun,TRUE,Winter,FALSE,Moderate
2020-12-21,HRL,11.49,31.97,32.54,2.7,4.6,297,2020,12,Mon,FALSE,Winter,FALSE,Moderate
2020-12-22,HRL,16.72,55.63,22.77,2.3,4.7,43,2020,12,Tue,FALSE,Winter,FALSE,Moderate
2020-12-23,HRL,11.23,31.07,27.89,2.5,4.5,257,2020,12,Wed,FALSE,Winter,FALSE,Moderate
2020-12-24,HRL,13.26,29.39,33.93,3.1,2.5,177,2020,12,Thu,FALSE,Winter,FALSE,Moderate
2020-12-25,HRL,16.47,49.12,22.6,7.2,4,177,2020,12,Fri,FALSE,Winter,FALSE,Moderate
2020-12-26,HRL,13.72,45.86,31.45,1.2,3.8,205,2020,12,Sat,TRUE,Winter,FALSE,Moderate
2020-12-27,HRL,14.66,23.77,35.77,3.7,3,33,2020,12,Sun,TRUE,Winter,FALSE,Moderate
2020-12-28,HRL,15.22,35.21,30.82,1.1,3.9,294,2020,12,Mon,FALSE,Winter,FALSE,Moderate
2020-12-29,HRL,13.06,32.77,37.02,-0.3,3.6,256,2020,12,Tue,FALSE,Winter,FALSE,Moderate
2020-12-30,HRL,12.78,42.98,28.33,3.6,7.4,114,2020,12,Wed,FALSE,Winter,FALSE,Moderate
2020-12-31,HRL,16.99,63.63,14.87,2.3,2.6,206,2020,12,Thu,FALSE,Winter,FALSE,Moderate
2021-01-01,HRL,13.59,36.18,22.66,1.2,3.6,352,2021,1,Fri,FALSE,Winter,FALSE,Moderate
2021-01-02,HRL,13.07,32.3,35.92,0.7,5,296,2021,1,Sat,TRUE,Winter,FALSE,Moderate
2021-01-03,HRL,11.7,38.91,35.26,4.8,2.2,122,2021,1,Sun,TRUE,Winter,FALSE,Moderate
2021-01-04,HRL,16.35,41.51,25.18,2.5,5.5,355,2021,1,Mon,FALSE,Winter,FALSE,Moderate
2021-01-05,HRL,12.68,44.9,23.68,2.7,1.7,359,2021,1,Tue,FALSE,Winter,FALSE,Moderate
2021-01-06,HRL,16.96,33.41,37.8,2.7,3.9,357,2021,1,Wed,FALSE,Winter,FALSE,Moderate
2021-01-07,HRL,10.49,32.74,25.38,0.8,6,192,2021,1,Thu,FALSE,Winter,FALSE,Moderate
2021-01-08,HRL,12.58,32.64,35.79,-1.9,5.9,294,2021,1,Fri,FALSE,Winter,FALSE,Moderate
2021-01-09,HRL,11.79,38.53,33.99,1.4,3.2,95,2021,1,Sat,TRUE,Winter,FALSE,Moderate
2021-01-10,HRL,10.01,30.57,33.67,1.4,9.7,7,2021,1,Sun,TRUE,Winter,FALSE,Moderate
2021-01-11,HRL,17.62,49.32,29.42,4.5,4.6,172,2021,1,Mon,FALSE,Winter,FALSE,Moderate
2021-01-12,HRL,9.33,10.81,60.35,2.5,2.2,322,2021,1,Tue,FALSE,Winter,FALSE,Good
2021-01-13,HRL,15.78,48.42,44.92,6,3.9,19,2021,1,Wed,FALSE,Winter,FALSE,Moderate
2021-01-14,HRL,7.93,21.89,40.6,5.1,2.4,244,2021,1,Thu,FALSE,Winter,FALSE,Good
2021-01-15,HRL,14.48,35.14,28.95,-0.2,4.8,181,2021,1,Fri,FALSE,Winter,FALSE,Moderate
2021-01-16,HRL,17.49,32.78,47.35,4.8,2.7,117,2021,1,Sat,TRUE,Winter,FALSE,Moderate
2021-01-17,HRL,19.07,53.56,24.48,-1,4.3,169,2021,1,Sun,TRUE,Winter,FALSE,Moderate
2021-01-18,HRL,13.38,44.98,29.72,4.1,3.3,59,2021,1,Mon,FALSE,Winter,FALSE,Moderate
2021-01-19,HRL,13.35,29.09,41.83,5.5,3.7,299,2021,1,Tue,FALSE,Winter,FALSE,Moderate
2021-01-20,HRL,8.2,14.27,37.91,4.6,3.4,14,2021,1,Wed,FALSE,Winter,FALSE,Good
2021-01-21,HRL,12.37,31.6,38.68,0.6,10.4,353,2021,1,Thu,FALSE,Winter,FALSE,Moderate
2021-01-22,HRL,13.71,26.44,37.86,3.5,4.7,349,2021,1,Fri,FALSE,Winter,FALSE,Moderate
2021-01-23,HRL,11.24,41.62,23.73,4,3,341,2021,1,Sat,TRUE,Winter,FALSE,Moderate
2021-01-24,HRL,7.92,9.04,37.85,5.7,6.3,27,2021,1,Sun,TRUE,Winter,FALSE,Good
2021-01-25,HRL,12.35,43.22,38,2.6,7.8,223,2021,1,Mon,FALSE,Winter,FALSE,Moderate
2021-01-26,HRL,16.84,34.98,44.69,4,6.1,75,2021,1,Tue,FALSE,Winter,FALSE,Moderate
2021-01-27,HRL,14.5,50.97,28.29,1.4,2.2,232,2021,1,Wed,FALSE,Winter,FALSE,Moderate
2021-01-28,HRL,14.71,48.08,32.51,3,5.1,239,2021,1,Thu,FALSE,Winter,FALSE,Moderate
2021-01-29,HRL,13.08,39.82,38.93,4.5,6,86,2021,1,Fri,FALSE,Winter,FALSE,Moderate
2021-01-30,HRL,11.7,27.52,30.34,2.4,1.5,293,2021,1,Sat,TRUE,Winter,FALSE,Moderate
2021-01-31,HRL,10.94,50.29,34.1,4.5,2.9,349,2021,1,Sun,TRUE,Winter,FALSE,Moderate
2021-02-01,HRL,11.53,36.14,35.11,4,3.4,277,2021,2,Mon,FALSE,Winter,FALSE,Moderate
2021-02-02,HRL,12.94,39.57,40.48,5.3,4.3,302,2021,2,Tue,FALSE,Winter,FALSE,Moderate
2021-02-03,HRL,10.83,21.53,50.12,6.6,5.3,179,2021,2,Wed,FALSE,Winter,FALSE,Moderate
2021-02-04,HRL,15.05,56.56,35.28,4.5,5.3,189,2021,2,Thu,FALSE,Winter,FALSE,Moderate
2021-02-05,HRL,13.64,39.35,27.27,5.5,6,272,2021,2,Fri,FALSE,Winter,FALSE,Moderate
2021-02-06,HRL,5.86,24.25,50.76,6,5.1,91,2021,2,Sat,TRUE,Winter,FALSE,Good
2021-02-07,HRL,13.43,29.91,32.54,2.9,7.8,149,2021,2,Sun,TRUE,Winter,FALSE,Moderate
2021-02-08,HRL,16.07,45.25,43.68,4.9,4.9,224,2021,2,Mon,FALSE,Winter,FALSE,Moderate
2021-02-09,HRL,17.19,35.98,33.71,5,5.7,330,2021,2,Tue,FALSE,Winter,FALSE,Moderate
2021-02-10,HRL,13.98,56.13,18.7,6.4,3.4,153,2021,2,Wed,FALSE,Winter,FALSE,Moderate
2021-02-11,HRL,13.73,43.37,36.58,7.8,12.7,174,2021,2,Thu,FALSE,Winter,FALSE,Moderate
2021-02-12,HRL,14.61,45.18,40.68,6.5,5.3,0,2021,2,Fri,FALSE,Winter,FALSE,Moderate
2021-02-13,HRL,10.02,38.33,29.81,6.6,3.9,153,2021,2,Sat,TRUE,Winter,FALSE,Moderate
2021-02-14,HRL,10.51,24.9,38.58,6,3.9,60,2021,2,Sun,TRUE,Winter,FALSE,Moderate
2021-02-15,HRL,10.49,17.97,46.18,6,9,212,2021,2,Mon,FALSE,Winter,FALSE,Moderate
2021-02-16,HRL,11.61,35.33,37.76,7.7,2.9,177,2021,2,Tue,FALSE,Winter,FALSE,Moderate
2021-02-17,HRL,11.19,14.01,51.27,10.7,3.8,286,2021,2,Wed,FALSE,Winter,FALSE,Moderate
2021-02-18,HRL,12.41,27.93,38.22,11.2,3.7,150,2021,2,Thu,FALSE,Winter,FALSE,Moderate
2021-02-19,HRL,13.94,33.05,37.93,6.7,11.8,212,2021,2,Fri,FALSE,Winter,FALSE,Moderate
2021-02-20,HRL,8.03,14.34,33.47,5.3,6.3,193,2021,2,Sat,TRUE,Winter,FALSE,Good
2021-02-21,HRL,8.72,18.78,40.53,5.1,4.4,156,2021,2,Sun,TRUE,Winter,FALSE,Good
2021-02-22,HRL,11.79,28.17,40.66,5.5,2.9,314,2021,2,Mon,FALSE,Winter,FALSE,Moderate
2021-02-23,HRL,9.61,37.52,28.16,5.5,5.4,314,2021,2,Tue,FALSE,Winter,FALSE,Good
2021-02-24,HRL,12.41,40.2,40.86,3.6,3.7,116,2021,2,Wed,FALSE,Winter,FALSE,Moderate
2021-02-25,HRL,15.94,38.8,29.26,7.4,1.3,292,2021,2,Thu,FALSE,Winter,FALSE,Moderate
2021-02-26,HRL,6.26,31.91,33.09,9.6,3.6,146,2021,2,Fri,FALSE,Winter,FALSE,Good
2021-02-27,HRL,10.62,48.79,29.89,5.1,2.9,19,2021,2,Sat,TRUE,Winter,FALSE,Moderate
2021-02-28,HRL,4.28,21.2,39.77,9,3.6,110,2021,2,Sun,TRUE,Winter,FALSE,Good
2021-03-01,HRL,8.64,20.78,40.58,9,3.6,159,2021,3,Mon,FALSE,Spring,FALSE,Good
2021-03-02,HRL,11.47,43.83,23.87,10,4.2,191,2021,3,Tue,FALSE,Spring,FALSE,Moderate
2021-03-03,HRL,5.79,18.4,30.45,7.3,3.4,328,2021,3,Wed,FALSE,Spring,FALSE,Good
2021-03-04,HRL,10.92,35.75,31.01,4.5,4.1,330,2021,3,Thu,FALSE,Spring,FALSE,Moderate
2021-03-05,HRL,19.9,47.12,27.82,4.7,3.4,157,2021,3,Fri,FALSE,Spring,FALSE,Moderate
2021-03-06,HRL,4.69,8.61,42.25,11.2,2,341,2021,3,Sat,TRUE,Spring,FALSE,Good
2021-03-07,HRL,8.57,26.96,36.41,5.5,2.4,241,2021,3,Sun,TRUE,Spring,FALSE,Good
2021-03-08,HRL,11.95,24.35,42.55,6.7,5,244,2021,3,Mon,FALSE,Spring,FALSE,Moderate
2021-03-09,HRL,9.21,14.88,35.26,9.1,6.2,352,2021,3,Tue,FALSE,Spring,FALSE,Good
2021-03-10,HRL,8.27,22.67,39.8,8.5,5.5,252,2021,3,Wed,FALSE,Spring,FALSE,Good
2021-03-11,HRL,10.94,37.41,44.75,7.9,5.4,332,2021,3,Thu,FALSE,Spring,FALSE,Moderate
2021-03-12,HRL,5.56,8.24,33.36,7.9,3.1,345,2021,3,Fri,FALSE,Spring,FALSE,Good
2021-03-13,HRL,13.72,49.16,39.68,10.3,4,31,2021,3,Sat,TRUE,Spring,FALSE,Moderate
2021-03-14,HRL,3.72,5,38.98,5.9,4.6,294,2021,3,Sun,TRUE,Spring,FALSE,Good
2021-03-15,HRL,9.76,21.96,32.33,11.2,3.2,323,2021,3,Mon,FALSE,Spring,FALSE,Good
2021-03-16,HRL,8.83,20.96,33.58,12.4,8,317,2021,3,Tue,FALSE,Spring,FALSE,Good
2021-03-17,HRL,11.05,16.73,46.97,13.2,4.6,174,2021,3,Wed,FALSE,Spring,FALSE,Moderate
2021-03-18,HRL,4.63,23.61,31.89,10.2,4.4,240,2021,3,Thu,FALSE,Spring,FALSE,Good
2021-03-19,HRL,14.5,40.56,33.96,8.8,3.5,112,2021,3,Fri,FALSE,Spring,FALSE,Moderate
2021-03-20,HRL,7.06,27.38,36.03,9.7,3.6,279,2021,3,Sat,TRUE,Spring,FALSE,Good
2021-03-21,HRL,8.89,26.39,46.52,9,3.3,156,2021,3,Sun,TRUE,Spring,FALSE,Good
2021-03-22,HRL,14.03,48.27,30.7,8.2,4,190,2021,3,Mon,FALSE,Spring,FALSE,Moderate
2021-03-23,HRL,10.99,41.46,30.1,13.8,4.8,110,2021,3,Tue,FALSE,Spring,FALSE,Moderate
2021-03-24,HRL,11.59,34.25,38.9,9.6,1.5,269,2021,3,Wed,FALSE,Spring,FALSE,Moderate
2021-03-25,HRL,11.89,38.7,30.55,12,3.8,4,2021,3,Thu,FALSE,Spring,FALSE,Moderate
2021-03-26,HRL,6.71,28.23,38.67,11.5,5,143,2021,3,Fri,FALSE,Spring,FALSE,Good
2021-03-27,HRL,6.32,9.96,47.45,10.1,2.3,208,2021,3,Sat,TRUE,Spring,FALSE,Good
2021-03-28,HRL,5.8,29.74,41.63,11.2,3.7,159,2021,3,Sun,TRUE,Spring,FALSE,Good
2021-03-29,HRL,4.22,7.03,42.96,10.1,7.9,145,2021,3,Mon,FALSE,Spring,FALSE,Good
2021-03-30,HRL,5.93,25.74,31.69,9.9,2.4,125,2021,3,Tue,FALSE,Spring,FALSE,Good
2021-03-31,HRL,13.48,55.04,32.73,12.6,6.7,150,2021,3,Wed,FALSE,Spring,FALSE,Moderate
2021-04-01,HRL,7.49,12.05,44.67,14.7,5.6,286,2021,4,Thu,FALSE,Spring,FALSE,Good
2021-04-02,HRL,8.14,14.82,37.84,13.6,1.8,151,2021,4,Fri,FALSE,Spring,FALSE,Good
2021-04-03,HRL,5.57,5.55,37.52,11.2,1.1,288,2021,4,Sat,TRUE,Spring,FALSE,Good
2021-04-04,HRL,11.27,21.66,47.47,15.2,3.8,344,2021,4,Sun,TRUE,Spring,FALSE,Moderate
2021-04-05,HRL,10.43,14.32,38.6,9.4,5,274,2021,4,Mon,FALSE,Spring,FALSE,Moderate
2021-04-06,HRL,13.64,32.7,37.16,6.2,5.4,175,2021,4,Tue,FALSE,Spring,FALSE,Moderate
2021-04-07,HRL,9.06,21.48,37.04,16.9,3.1,173,2021,4,Wed,FALSE,Spring,FALSE,Good
2021-04-08,HRL,9.08,10.77,33.61,13.3,3.7,77,2021,4,Thu,FALSE,Spring,FALSE,Good
2021-04-09,HRL,8.47,24.86,30.46,15,3.1,91,2021,4,Fri,FALSE,Spring,FALSE,Good
2021-04-10,HRL,13.64,39.1,35.3,14.9,4.4,343,2021,4,Sat,TRUE,Spring,FALSE,Moderate
2021-04-11,HRL,3.02,6.92,38.61,14.4,1.8,250,2021,4,Sun,TRUE,Spring,FALSE,Good
2021-04-12,HRL,9.35,20.16,41.88,10.5,4.9,116,2021,4,Mon,FALSE,Spring,FALSE,Good
2021-04-13,HRL,10.18,40.51,28.65,13.9,12.1,19,2021,4,Tue,FALSE,Spring,FALSE,Moderate
2021-04-14,HRL,3.49,5,37.54,12.6,2.9,171,2021,4,Wed,FALSE,Spring,FALSE,Good
2021-04-15,HRL,9.26,5,50.15,12.1,6.1,216,2021,4,Thu,FALSE,Spring,FALSE,Good
2021-04-16,HRL,8.02,30.66,38.91,17.4,3,173,2021,4,Fri,FALSE,Spring,FALSE,Good
2021-04-17,HRL,9.74,41.29,41.47,13.6,2,21,2021,4,Sat,TRUE,Spring,FALSE,Good
2021-04-18,HRL,1.19,8.42,43.1,13.2,2.3,264,2021,4,Sun,TRUE,Spring,FALSE,Good
2021-04-19,HRL,7.09,14.3,47.24,13.5,3,326,2021,4,Mon,FALSE,Spring,FALSE,Good
2021-04-20,HRL,9.94,32.51,46.7,14.8,3.4,53,2021,4,Tue,FALSE,Spring,FALSE,Good
2021-04-21,HRL,8.4,28.05,30.6,11.3,1.1,110,2021,4,Wed,FALSE,Spring,FALSE,Good
2021-04-22,HRL,6.08,21.39,27.28,14.4,7.8,332,2021,4,Thu,FALSE,Spring,FALSE,Good
2021-04-23,HRL,10.52,26.18,46.87,13.1,1.9,134,2021,4,Fri,FALSE,Spring,FALSE,Moderate
2021-04-24,HRL,5.31,7.04,45.45,15.4,3,345,2021,4,Sat,TRUE,Spring,FALSE,Good
2021-04-25,HRL,2.65,16.09,38.26,17.7,3.1,197,2021,4,Sun,TRUE,Spring,FALSE,Good
2021-04-26,HRL,2.28,5,32.35,16.4,3.1,104,2021,4,Mon,FALSE,Spring,FALSE,Good
2021-04-27,HRL,2.07,5,47.04,14,6.9,30,2021,4,Tue,FALSE,Spring,FALSE,Good
2021-04-28,HRL,10.29,21.85,30.41,18.6,7.6,230,2021,4,Wed,FALSE,Spring,FALSE,Moderate
2021-04-29,HRL,11.49,35.84,19.3,14.7,5.8,14,2021,4,Thu,FALSE,Spring,FALSE,Moderate
2021-04-30,HRL,5.28,29.59,40.47,17.5,3.7,339,2021,4,Fri,FALSE,Spring,FALSE,Good
2021-05-01,HRL,4.57,23.73,43.96,16.5,9.9,90,2021,5,Sat,TRUE,Spring,FALSE,Good
2021-05-02,HRL,6.49,18.29,45.05,12.9,3.8,148,2021,5,Sun,TRUE,Spring,FALSE,Good
2021-05-03,HRL,1.87,10.85,42.54,13.7,6,325,2021,5,Mon,FALSE,Spring,FALSE,Good
2021-05-04,HRL,5.76,14.46,38.12,14.8,2.1,242,2021,5,Tue,FALSE,Spring,FALSE,Good
2021-05-05,HRL,4.5,15.79,40.07,13.4,5.7,288,2021,5,Wed,FALSE,Spring,FALSE,Good
2021-05-06,HRL,6.17,19.2,46.2,16.6,2.4,156,2021,5,Thu,FALSE,Spring,FALSE,Good
2021-05-07,HRL,9.38,25.82,40.65,15.3,4.7,85,2021,5,Fri,FALSE,Spring,FALSE,Good
2021-05-08,HRL,5.7,14.77,37.63,16.3,2.5,304,2021,5,Sat,TRUE,Spring,FALSE,Good
2021-05-09,HRL,5.93,21.3,40.35,16.3,3.7,345,2021,5,Sun,TRUE,Spring,FALSE,Good
2021-05-10,HRL,13.54,37.41,37.25,16.3,4.6,269,2021,5,Mon,FALSE,Spring,FALSE,Moderate
2021-05-11,HRL,4.69,5.54,43.43,14,6.1,327,2021,5,Tue,FALSE,Spring,FALSE,Good
2021-05-12,HRL,5.71,21.3,49.33,15.5,5.2,37,2021,5,Wed,FALSE,Spring,FALSE,Good
2021-05-13,HRL,3.85,5,35.7,14.2,4,332,2021,5,Thu,FALSE,Spring,FALSE,Good
2021-05-14,HRL,12.47,35.3,27.99,16.7,4.4,230,2021,5,Fri,FALSE,Spring,FALSE,Moderate
2021-05-15,HRL,4.76,5,41.87,15.1,3.2,315,2021,5,Sat,TRUE,Spring,FALSE,Good
2021-05-16,HRL,2.81,7.29,38.84,14.5,2.5,11,2021,5,Sun,TRUE,Spring,FALSE,Good
2021-05-17,HRL,4.3,10.98,43.51,15.2,3.8,348,2021,5,Mon,FALSE,Spring,FALSE,Good
2021-05-18,HRL,6.09,20.62,37.1,14.2,4.9,20,2021,5,Tue,FALSE,Spring,FALSE,Good
2021-05-19,HRL,9.68,24.62,48.37,18,2.3,280,2021,5,Wed,FALSE,Spring,FALSE,Good
2021-05-20,HRL,1,15.53,47.41,14.7,3.5,302,2021,5,Thu,FALSE,Spring,FALSE,Good
2021-05-21,HRL,2.88,12.01,42.07,13.2,2.7,224,2021,5,Fri,FALSE,Spring,FALSE,Good
2021-05-22,HRL,2.98,15.64,37.1,17.1,2.8,120,2021,5,Sat,TRUE,Spring,FALSE,Good
2021-05-23,HRL,5.34,20.19,33.01,18.8,2.6,271,2021,5,Sun,TRUE,Spring,FALSE,Good
2021-05-24,HRL,9.93,25.55,34.56,21.4,7.9,176,2021,5,Mon,FALSE,Spring,FALSE,Good
2021-05-25,HRL,4.09,23.79,38.43,19,3.2,130,2021,5,Tue,FALSE,Spring,FALSE,Good
2021-05-26,HRL,1,5,46.51,16.9,2.7,101,2021,5,Wed,FALSE,Spring,FALSE,Good
2021-05-27,HRL,8.4,26.58,39.35,19.7,3.5,119,2021,5,Thu,FALSE,Spring,FALSE,Good
2021-05-28,HRL,6.35,5.98,44.77,19,6.8,27,2021,5,Fri,FALSE,Spring,FALSE,Good
2021-05-29,HRL,1,7.17,36.14,16.2,7.9,249,2021,5,Sat,TRUE,Spring,FALSE,Good
2021-05-30,HRL,1,5,48.92,19.3,2.6,328,2021,5,Sun,TRUE,Spring,FALSE,Good
2021-05-31,HRL,8.86,32.64,36.93,16.7,3.5,70,2021,5,Mon,FALSE,Spring,FALSE,Good
2021-06-01,HRL,2.15,8.74,34.86,17.9,2.6,2,2021,6,Tue,FALSE,Summer,FALSE,Good
2021-06-02,HRL,1.09,5,49.63,17.1,3.3,287,2021,6,Wed,FALSE,Summer,FALSE,Good
2021-06-03,HRL,7.78,16.6,34.93,21.9,5,263,2021,6,Thu,FALSE,Summer,FALSE,Good
2021-06-04,HRL,6.72,16.59,46.51,15.2,7.6,163,2021,6,Fri,FALSE,Summer,FALSE,Good
2021-06-05,HRL,7.33,15.57,40.81,16.3,3.4,272,2021,6,Sat,TRUE,Summer,FALSE,Good
2021-06-06,HRL,1.73,14.71,34.41,17.1,2,165,2021,6,Sun,TRUE,Summer,FALSE,Good
2021-06-07,HRL,1,5,38.78,18.2,5.6,242,2021,6,Mon,FALSE,Summer,FALSE,Good
2021-06-08,HRL,2.09,7.53,28.17,17.3,5.9,117,2021,6,Tue,FALSE,Summer,FALSE,Good
2021-06-09,HRL,1,14.99,37.89,19.7,3.1,199,2021,6,Wed,FALSE,Summer,FALSE,Good
2021-06-10,HRL,8.43,29.94,38.02,20.1,6.1,62,2021,6,Thu,FALSE,Summer,FALSE,Good
2021-06-11,HRL,2.61,11.99,35.12,15.5,3.9,23,2021,6,Fri,FALSE,Summer,FALSE,Good
2021-06-12,HRL,1,5,51.38,21.4,3.5,184,2021,6,Sat,TRUE,Summer,FALSE,Good
2021-06-13,HRL,4.55,26.69,39.3,17.9,3.6,247,2021,6,Sun,TRUE,Summer,FALSE,Good
2021-06-14,HRL,3.53,5,46.62,17.1,4.3,71,2021,6,Mon,FALSE,Summer,FALSE,Good
2021-06-15,HRL,6.45,24.42,46.15,16.5,8,133,2021,6,Tue,FALSE,Summer,FALSE,Good
2021-06-16,HRL,1,5,41.44,18.3,3.4,41,2021,6,Wed,FALSE,Summer,FALSE,Good
2021-06-17,HRL,1.81,5.7,42.29,20.3,2.7,187,2021,6,Thu,FALSE,Summer,FALSE,Good
2021-06-18,HRL,2.84,10.96,35.84,16.6,2,272,2021,6,Fri,FALSE,Summer,FALSE,Good
2021-06-19,HRL,1,5,49.45,18.6,2.7,139,2021,6,Sat,TRUE,Summer,FALSE,Good
2021-06-20,HRL,1,5,38.13,18.5,2.8,346,2021,6,Sun,TRUE,Summer,FALSE,Good
2021-06-21,HRL,1.07,5,43.33,18.3,5.8,7,2021,6,Mon,FALSE,Summer,FALSE,Good
2021-06-22,HRL,1,5,49.82,19.9,4.6,217,2021,6,Tue,FALSE,Summer,FALSE,Good
2021-06-23,HRL,8.42,21.33,43.76,15.7,3.7,254,2021,6,Wed,FALSE,Summer,FALSE,Good
2021-06-24,HRL,5.7,5.85,46.9,15.1,3.2,78,2021,6,Thu,FALSE,Summer,FALSE,Good
2021-06-25,HRL,3.32,5,40.1,14.4,2.8,24,2021,6,Fri,FALSE,Summer,FALSE,Good
2021-06-26,HRL,1,11.36,43.7,19,3.9,271,2021,6,Sat,TRUE,Summer,FALSE,Good
2021-06-27,HRL,1,6.54,44.31,18.6,12,184,2021,6,Sun,TRUE,Summer,FALSE,Good
2021-06-28,HRL,2.35,20.94,37.87,17.7,4.6,276,2021,6,Mon,FALSE,Summer,FALSE,Good
2021-06-29,HRL,1,11.31,51.92,19.9,3.7,87,2021,6,Tue,FALSE,Summer,FALSE,Good
2021-06-30,HRL,1,5,41.6,19.3,3.5,55,2021,6,Wed,FALSE,Summer,FALSE,Good
2021-07-01,HRL,5.5,8.79,35.66,17.7,2.7,298,2021,7,Thu,FALSE,Summer,FALSE,Good
2021-07-02,HRL,1,5,46.43,22.5,3.4,108,2021,7,Fri,FALSE,Summer,FALSE,Good
2021-07-03,HRL,1.66,12.75,43.49,18.1,3,269,2021,7,Sat,TRUE,Summer,FALSE,Good
2021-07-04,HRL,4.37,5,43.35,19.1,4.6,17,2021,7,Sun,TRUE,Summer,FALSE,Good
2021-07-05,HRL,1,6.45,39.91,16.4,3.4,110,2021,7,Mon,FALSE,Summer,FALSE,Good
2021-07-06,HRL,1,6.5,33.68,18.3,4.8,121,2021,7,Tue,FALSE,Summer,FALSE,Good
2021-07-07,HRL,6.39,17.7,42.78,18.4,6,97,2021,7,Wed,FALSE,Summer,FALSE,Good
2021-07-08,HRL,4.79,5,40.13,16.1,9.7,267,2021,7,Thu,FALSE,Summer,FALSE,Good
2021-07-09,HRL,1,5,47.47,18,6.6,124,2021,7,Fri,FALSE,Summer,FALSE,Good
2021-07-10,HRL,1,6.14,52.01,17.3,2.5,304,2021,7,Sat,TRUE,Summer,FALSE,Good
2021-07-11,HRL,1,5,44.59,17.7,6,180,2021,7,Sun,TRUE,Summer,FALSE,Good
2021-07-12,HRL,6.18,27.78,36.13,19.9,6.1,195,2021,7,Mon,FALSE,Summer,FALSE,Good
2021-07-13,HRL,5.91,14,52.64,19.2,3,208,2021,7,Tue,FALSE,Summer,FALSE,Good
2021-07-14,HRL,1.23,8.21,46.22,17.9,2.6,257,2021,7,Wed,FALSE,Summer,FALSE,Good
2021-07-15,HRL,5.17,15.7,42.03,18,2.7,257,2021,7,Thu,FALSE,Summer,FALSE,Good
2021-07-16,HRL,3.35,18.96,38.75,18.9,2.3,350,2021,7,Fri,FALSE,Summer,FALSE,Good
2021-07-17,HRL,1,11.59,42.92,14.8,4.1,128,2021,7,Sat,TRUE,Summer,FALSE,Good
2021-07-18,HRL,1.06,5,42.72,18.2,7.1,162,2021,7,Sun,TRUE,Summer,FALSE,Good
2021-07-19,HRL,5.87,9.47,38.1,17.4,2,34,2021,7,Mon,FALSE,Summer,FALSE,Good
2021-07-20,HRL,1,5,42.58,16,2,190,2021,7,Tue,FALSE,Summer,FALSE,Good
2021-07-21,HRL,2.1,6.5,37.9,16.6,3.7,154,2021,7,Wed,FALSE,Summer,FALSE,Good
2021-07-22,HRL,1,5,42.46,15.1,7.1,94,2021,7,Thu,FALSE,Summer,FALSE,Good
2021-07-23,HRL,5.65,14.96,49.31,18.4,3.6,282,2021,7,Fri,FALSE,Summer,FALSE,Good
2021-07-24,HRL,3.27,18.73,35.92,18,6.6,358,2021,7,Sat,TRUE,Summer,FALSE,Good
2021-07-25,HRL,2.09,5.31,43.26,13.5,2.4,356,2021,7,Sun,TRUE,Summer,FALSE,Good
2021-07-26,HRL,1.47,18.57,40.59,15.8,3.8,349,2021,7,Mon,FALSE,Summer,FALSE,Good
2021-07-27,HRL,1,5,40.42,17.7,5.6,316,2021,7,Tue,FALSE,Summer,FALSE,Good
2021-07-28,HRL,6.42,16,45.1,15.4,8.1,35,2021,7,Wed,FALSE,Summer,FALSE,Good
2021-07-29,HRL,3.62,20.53,36.7,19.2,5.4,261,2021,7,Thu,FALSE,Summer,FALSE,Good
2021-07-30,HRL,1.36,5,39.51,15.7,4.9,191,2021,7,Fri,FALSE,Summer,FALSE,Good
2021-07-31,HRL,4.9,9.38,45.14,15.5,3.1,150,2021,7,Sat,TRUE,Summer,FALSE,Good
2021-08-01,HRL,1.32,5,53.39,12.6,9.5,289,2021,8,Sun,TRUE,Summer,FALSE,Good
2021-08-02,HRL,1,10.08,39.28,13.7,2.9,196,2021,8,Mon,FALSE,Summer,FALSE,Good
2021-08-03,HRL,1,7.65,38.58,12.7,1.9,318,2021,8,Tue,FALSE,Summer,FALSE,Good
2021-08-04,HRL,2.39,5,51.05,16.2,2.5,33,2021,8,Wed,FALSE,Summer,FALSE,Good
2021-08-05,HRL,3.71,12.87,41.19,11.7,4.4,23,2021,8,Thu,FALSE,Summer,FALSE,Good
2021-08-06,HRL,5.98,24.33,43.46,12.1,4.3,333,2021,8,Fri,FALSE,Summer,FALSE,Good
2021-08-07,HRL,2.39,11.09,42.76,13.4,4.4,18,2021,8,Sat,TRUE,Summer,FALSE,Good
2021-08-08,HRL,3.06,10.79,27.49,17.3,7.3,35,2021,8,Sun,TRUE,Summer,FALSE,Good
2021-08-09,HRL,1,10.6,46.3,13.3,6.7,66,2021,8,Mon,FALSE,Summer,FALSE,Good
2021-08-10,HRL,1,7.96,36.48,14.7,5.6,57,2021,8,Tue,FALSE,Summer,FALSE,Good
2021-08-11,HRL,1.1,12.4,38.07,14.6,1.4,153,2021,8,Wed,FALSE,Summer,FALSE,Good
2021-08-12,HRL,8.98,20.37,29.42,15.6,1.9,300,2021,8,Thu,FALSE,Summer,FALSE,Good
2021-08-13,HRL,1.87,10.89,53.75,16.3,2.7,234,2021,8,Fri,FALSE,Summer,FALSE,Good
2021-08-14,HRL,4.76,13.39,48.06,16.7,2.3,141,2021,8,Sat,TRUE,Summer,FALSE,Good
2021-08-15,HRL,3.99,5,41.02,14.7,4,5,2021,8,Sun,TRUE,Summer,FALSE,Good
2021-08-16,HRL,3.69,19.44,43.44,14,3.8,80,2021,8,Mon,FALSE,Summer,FALSE,Good
2021-08-17,HRL,7.3,31.42,35.81,10.8,4,131,2021,8,Tue,FALSE,Summer,FALSE,Good
2021-08-18,HRL,5.97,27.18,37.56,12.4,3.5,252,2021,8,Wed,FALSE,Summer,FALSE,Good
2021-08-19,HRL,4.29,15.77,41.05,17.8,3.5,284,2021,8,Thu,FALSE,Summer,FALSE,Good
2021-08-20,HRL,1,5,46.84,12.5,2,249,2021,8,Fri,FALSE,Summer,FALSE,Good
2021-08-21,HRL,2.48,5,40.61,13.7,4.4,172,2021,8,Sat,TRUE,Summer,FALSE,Good
2021-08-22,HRL,1,5,37.37,13.5,2,193,2021,8,Sun,TRUE,Summer,FALSE,Good
2021-08-23,HRL,3.74,11.85,37.46,17.8,4.1,220,2021,8,Mon,FALSE,Summer,FALSE,Good
2021-08-24,HRL,6.08,27.47,31.36,10.2,0.7,318,2021,8,Tue,FALSE,Summer,FALSE,Good
2021-08-25,HRL,4.89,7.77,44.22,13,3,264,2021,8,Wed,FALSE,Summer,FALSE,Good
2021-08-26,HRL,4.57,5,40.77,11,2.8,144,2021,8,Thu,FALSE,Summer,FALSE,Good
2021-08-27,HRL,3.56,5,54.85,12.5,2.3,70,2021,8,Fri,FALSE,Summer,FALSE,Good
2021-08-28,HRL,1.16,5,43.92,11.9,3.4,64,2021,8,Sat,TRUE,Summer,FALSE,Good
2021-08-29,HRL,1,15.7,35.76,16,11.5,20,2021,8,Sun,TRUE,Summer,FALSE,Good
2021-08-30,HRL,1,6.38,39.53,9.9,3.7,212,2021,8,Mon,FALSE,Summer,FALSE,Good
2021-08-31,HRL,3.3,10.05,52.52,11.4,3.9,336,2021,8,Tue,FALSE,Summer,FALSE,Good
2021-09-01,HRL,1,5,37.63,14.1,4.5,357,2021,9,Wed,FALSE,Autumn,FALSE,Good
2021-09-02,HRL,3.02,20.24,35.46,15,4.3,27,2021,9,Thu,FALSE,Autumn,FALSE,Good
2021-09-03,HRL,1,5,36.2,12.2,2.7,242,2021,9,Fri,FALSE,Autumn,FALSE,Good
2021-09-04,HRL,8.91,42.17,31.88,14,1.6,286,2021,9,Sat,TRUE,Autumn,FALSE,Good
2021-09-05,HRL,13.08,43.48,31.13,14.3,6.5,198,2021,9,Sun,TRUE,Autumn,FALSE,Moderate
2021-09-06,HRL,2.08,5,34.2,11.3,0.9,228,2021,9,Mon,FALSE,Autumn,FALSE,Good
2021-09-07,HRL,7.85,28.37,35.96,6.3,1.8,43,2021,9,Tue,FALSE,Autumn,FALSE,Good
2021-09-08,HRL,3.54,18.94,34.13,14,1.7,167,2021,9,Wed,FALSE,Autumn,FALSE,Good
2021-09-09,HRL,1,10.17,37.87,12.2,2.9,208,2021,9,Thu,FALSE,Autumn,FALSE,Good
2021-09-10,HRL,6.73,35.7,37.73,12.3,6.7,41,2021,9,Fri,FALSE,Autumn,FALSE,Good
2021-09-11,HRL,4.85,6.15,47.33,14.6,2.5,299,2021,9,Sat,TRUE,Autumn,FALSE,Good
2021-09-12,HRL,1,5.02,47.56,9.3,3.7,131,2021,9,Sun,TRUE,Autumn,FALSE,Good
2021-09-13,HRL,7.16,23.1,46.15,7.4,3.7,169,2021,9,Mon,FALSE,Autumn,FALSE,Good
2021-09-14,HRL,10.16,33.67,36.4,15.3,3.3,85,2021,9,Tue,FALSE,Autumn,FALSE,Moderate
2021-09-15,HRL,4.69,11.28,33.05,12.6,3,269,2021,9,Wed,FALSE,Autumn,FALSE,Good
2021-09-16,HRL,5.7,22.68,45.72,11.3,2.5,349,2021,9,Thu,FALSE,Autumn,FALSE,Good
2021-09-17,HRL,1.77,14.26,39.88,11,5.5,320,2021,9,Fri,FALSE,Autumn,FALSE,Good
2021-09-18,HRL,2.54,5,42.08,14.3,7.1,121,2021,9,Sat,TRUE,Autumn,FALSE,Good
2021-09-19,HRL,2.95,5,47.71,11.1,4,282,2021,9,Sun,TRUE,Autumn,FALSE,Good
2021-09-20,HRL,12.04,17.98,42.07,10.5,3.2,303,2021,9,Mon,FALSE,Autumn,FALSE,Moderate
2021-09-21,HRL,1.73,5,40.59,10.4,7.1,257,2021,9,Tue,FALSE,Autumn,FALSE,Good
2021-09-22,HRL,5.67,17.04,39.81,8.8,11.3,110,2021,9,Wed,FALSE,Autumn,FALSE,Good
2021-09-23,HRL,2.02,5,50.15,9.3,4.5,352,2021,9,Thu,FALSE,Autumn,FALSE,Good
2021-09-24,HRL,1,5,51.48,13.3,4.7,97,2021,9,Fri,FALSE,Autumn,FALSE,Good
2021-09-25,HRL,3.48,12.54,35.01,6.6,8.4,339,2021,9,Sat,TRUE,Autumn,FALSE,Good
2021-09-26,HRL,1,5,37.95,8.7,4.2,307,2021,9,Sun,TRUE,Autumn,FALSE,Good
2021-09-27,HRL,10.12,31.45,38.34,8.9,11.2,173,2021,9,Mon,FALSE,Autumn,FALSE,Moderate
2021-09-28,HRL,8.13,21.26,32.75,10.4,5.2,214,2021,9,Tue,FALSE,Autumn,FALSE,Good
2021-09-29,HRL,7.6,27.88,37.7,7.2,5.2,353,2021,9,Wed,FALSE,Autumn,FALSE,Good
2021-09-30,HRL,5.45,23.97,32.68,8.7,2.7,44,2021,9,Thu,FALSE,Autumn,FALSE,Good
2021-10-01,HRL,5.56,16.13,42.81,9,3.1,170,2021,10,Fri,FALSE,Autumn,FALSE,Good
2021-10-02,HRL,3.56,17.75,46.54,7.8,6,120,2021,10,Sat,TRUE,Autumn,FALSE,Good
2021-10-03,HRL,3.58,25.87,48.84,9.8,6.6,338,2021,10,Sun,TRUE,Autumn,FALSE,Good
2021-10-04,HRL,5.71,32.84,26.92,8.4,4.4,290,2021,10,Mon,FALSE,Autumn,FALSE,Good
2021-10-05,HRL,12.06,23.83,46.88,6.8,5.1,22,2021,10,Tue,FALSE,Autumn,FALSE,Moderate
2021-10-06,HRL,9.21,21.92,31.88,10.1,5,119,2021,10,Wed,FALSE,Autumn,FALSE,Good
2021-10-07,HRL,10.77,12.1,44.99,8.4,9.1,263,2021,10,Thu,FALSE,Autumn,FALSE,Moderate
2021-10-08,HRL,11.73,24.77,49.69,7.2,4.3,351,2021,10,Fri,FALSE,Autumn,FALSE,Moderate
2021-10-09,HRL,9.16,22.68,37.39,8.5,6.4,84,2021,10,Sat,TRUE,Autumn,FALSE,Good
2021-10-10,HRL,9.77,29.25,31.16,7,4.4,329,2021,10,Sun,TRUE,Autumn,FALSE,Good
2021-10-11,HRL,3.12,8.74,34.71,5.4,6.2,87,2021,10,Mon,FALSE,Autumn,FALSE,Good
2021-10-12,HRL,2.82,5,47.63,9.1,2.3,46,2021,10,Tue,FALSE,Autumn,FALSE,Good
2021-10-13,HRL,7.35,5,46.97,7.2,6.3,225,2021,10,Wed,FALSE,Autumn,FALSE,Good
2021-10-14,HRL,7.6,11.72,45.59,6.8,3.1,76,2021,10,Thu,FALSE,Autumn,FALSE,Good
2021-10-15,HRL,6.07,5,44.41,4.9,5.4,76,2021,10,Fri,FALSE,Autumn,FALSE,Good
2021-10-16,HRL,11.88,24.5,35.36,6.6,3.1,24,2021,10,Sat,TRUE,Autumn,FALSE,Moderate
2021-10-17,HRL,6.88,22.82,41.1,4.6,2.6,204,2021,10,Sun,TRUE,Autumn,FALSE,Good
2021-10-18,HRL,6.89,26.18,42.84,2.8,3.8,113,2021,10,Mon,FALSE,Autumn,FALSE,Good
2021-10-19,HRL,6.05,14.87,34.8,8,6.2,189,2021,10,Tue,FALSE,Autumn,FALSE,Good
2021-10-20,HRL,3.66,5,48.73,2.5,5.4,291,2021,10,Wed,FALSE,Autumn,FALSE,Good
2021-10-21,HRL,9.33,27.12,33.07,2.3,7,233,2021,10,Thu,FALSE,Autumn,FALSE,Good
2021-10-22,HRL,15.89,46.75,33.05,3.5,12.3,83,2021,10,Fri,FALSE,Autumn,FALSE,Moderate
2021-10-23,HRL,6.09,25.12,49.02,6.3,7,224,2021,10,Sat,TRUE,Autumn,FALSE,Good
2021-10-24,HRL,5.96,31.75,21.8,10.3,4.2,224,2021,10,Sun,TRUE,Autumn,FALSE,Good
2021-10-25,HRL,9.18,27.7,36.31,6.6,3.3,336,2021,10,Mon,FALSE,Autumn,TRUE,Good
2021-10-26,HRL,6.39,20.72,41.2,6.6,2.2,140,2021,10,Tue,FALSE,Autumn,TRUE,Good
2021-10-27,HRL,7.64,32.65,36.25,3.2,3.9,235,2021,10,Wed,FALSE,Autumn,TRUE,Good
2021-10-28,HRL,12.55,23.77,39.09,2.6,3.1,108,2021,10,Thu,FALSE,Autumn,TRUE,Moderate
2021-10-29,HRL,4.12,20.11,30.06,2,3.1,12,2021,10,Fri,FALSE,Autumn,TRUE,Good
2021-10-30,HRL,5.6,16.82,34.16,3.9,1.7,263,2021,10,Sat,TRUE,Autumn,TRUE,Good
2021-10-31,HRL,9.48,29.5,40.78,2.7,1.7,32,2021,10,Sun,TRUE,Autumn,TRUE,Good
2021-11-01,HRL,6.91,22.9,46.58,6.5,2.9,215,2021,11,Mon,FALSE,Autumn,TRUE,Good
2021-11-02,HRL,7.53,19.13,33.31,4.1,8.9,158,2021,11,Tue,FALSE,Autumn,TRUE,Good
2021-11-03,HRL,15.24,36.27,43.9,6.1,10.8,294,2021,11,Wed,FALSE,Autumn,TRUE,Moderate
2021-11-04,HRL,6.49,21.9,38.69,5.3,3.9,208,2021,11,Thu,FALSE,Autumn,TRUE,Good
2021-11-05,HRL,7.43,25.49,26.27,6,4.3,77,2021,11,Fri,FALSE,Autumn,TRUE,Good
2021-11-06,HRL,7.83,26.3,41.2,2.9,2.8,296,2021,11,Sat,TRUE,Autumn,TRUE,Good
2021-11-07,HRL,8.04,28.49,36.7,6,1.5,358,2021,11,Sun,TRUE,Autumn,TRUE,Good
2021-11-08,HRL,9.27,32.04,35.79,4.8,7.2,24,2021,11,Mon,FALSE,Autumn,TRUE,Good
2021-11-09,HRL,8.75,22.21,37.92,4,5,244,2021,11,Tue,FALSE,Autumn,TRUE,Good
2021-11-10,HRL,6.52,5,37.87,2.4,3.1,295,2021,11,Wed,FALSE,Autumn,TRUE,Good
2021-11-11,HRL,10.78,30.66,38.23,4.5,5,320,2021,11,Thu,FALSE,Autumn,TRUE,Moderate
2021-11-12,HRL,6.66,20.77,37.62,7.2,3.2,88,2021,11,Fri,FALSE,Autumn,TRUE,Good
2021-11-13,HRL,4.05,20.93,34,3.5,5.1,328,2021,11,Sat,TRUE,Autumn,TRUE,Good
2021-11-14,HRL,9.42,25,30.14,1.8,4.5,90,2021,11,Sun,TRUE,Autumn,TRUE,Good
2021-11-15,HRL,11.39,43.3,30.91,1,4.9,247,2021,11,Mon,FALSE,Autumn,TRUE,Moderate
2021-11-16,HRL,11.58,38.21,39.71,2.8,4.6,141,2021,11,Tue,FALSE,Autumn,TRUE,Moderate
2021-11-17,HRL,6.97,11.83,42.39,3.6,5.7,162,2021,11,Wed,FALSE,Autumn,TRUE,Good
2021-11-18,HRL,9.12,28.57,48.56,2.2,2.4,20,2021,11,Thu,FALSE,Autumn,TRUE,Good
2021-11-19,HRL,4.6,14.71,52.07,7.2,6.7,310,2021,11,Fri,FALSE,Autumn,TRUE,Good
2021-11-20,HRL,12.86,24.45,30.09,2.9,4.8,331,2021,11,Sat,TRUE,Autumn,TRUE,Moderate
2021-11-21,HRL,3.64,10.92,36.22,2.7,4,245,2021,11,Sun,TRUE,Autumn,TRUE,Good
2021-11-22,HRL,8,30.14,40.83,6.6,3.3,77,2021,11,Mon,FALSE,Autumn,TRUE,Good
2021-11-23,HRL,4.35,16.93,37.28,2.9,12,91,2021,11,Tue,FALSE,Autumn,TRUE,Good
2021-11-24,HRL,10.98,36.48,27.79,3.9,4,236,2021,11,Wed,FALSE,Autumn,TRUE,Moderate
2021-11-25,HRL,11.3,36.1,39.15,-0,2.4,176,2021,11,Thu,FALSE,Autumn,TRUE,Moderate
2021-11-26,HRL,9.85,27.23,38.16,0.8,2.3,186,2021,11,Fri,FALSE,Autumn,TRUE,Good
2021-11-27,HRL,7.11,8.68,48.47,-1.5,4.8,204,2021,11,Sat,TRUE,Autumn,TRUE,Good
2021-11-28,HRL,7.84,31.39,34.28,-0.9,4.9,46,2021,11,Sun,TRUE,Autumn,TRUE,Good
2021-11-29,HRL,10.77,34.31,31.01,4,4.5,73,2021,11,Mon,FALSE,Autumn,TRUE,Moderate
2021-11-30,HRL,10.72,19.3,38.01,4,2.5,293,2021,11,Tue,FALSE,Autumn,TRUE,Moderate
2021-12-01,HRL,5.52,5.15,50.24,4.2,3,358,2021,12,Wed,FALSE,Winter,TRUE,Good
2021-12-02,HRL,11.2,28.9,44.54,-0.9,5.9,275,2021,12,Thu,FALSE,Winter,TRUE,Moderate
2021-12-03,HRL,11.1,15.45,36.65,3.6,3.3,319,2021,12,Fri,FALSE,Winter,TRUE,Moderate
2021-12-04,HRL,9.32,23.32,46.2,3.1,5.7,247,2021,12,Sat,TRUE,Winter,TRUE,Good
2021-12-05,HRL,10.35,35.34,39.79,0.7,5.2,70,2021,12,Sun,TRUE,Winter,TRUE,Moderate
2021-12-06,HRL,14.11,46.8,27.76,3.4,4.7,86,2021,12,Mon,FALSE,Winter,TRUE,Moderate
2021-12-07,HRL,10.53,41.36,26.03,5.8,1.7,177,2021,12,Tue,FALSE,Winter,TRUE,Moderate
2021-12-08,HRL,10.89,35.59,38.18,0.9,4.2,153,2021,12,Wed,FALSE,Winter,TRUE,Moderate
2021-12-09,HRL,8.42,34.52,29.09,1.1,2.1,291,2021,12,Thu,FALSE,Winter,TRUE,Good
2021-12-10,HRL,13.92,43.77,27.72,0.1,5,204,2021,12,Fri,FALSE,Winter,TRUE,Moderate
2021-12-11,HRL,11.56,30.77,27.63,2.5,9,292,2021,12,Sat,TRUE,Winter,TRUE,Moderate
2021-12-12,HRL,16.45,53.39,27.67,2,8.2,142,2021,12,Sun,TRUE,Winter,TRUE,Moderate
2021-12-13,HRL,14.07,40.52,39.15,3.5,1.3,345,2021,12,Mon,FALSE,Winter,TRUE,Moderate
2021-12-14,HRL,11.62,24.37,45.29,2.2,8.1,150,2021,12,Tue,FALSE,Winter,TRUE,Moderate
2021-12-15,HRL,12.95,38.06,36.2,3,6.8,101,2021,12,Wed,FALSE,Winter,TRUE,Moderate
2021-12-16,HRL,12.63,38.9,28.26,3.8,7.3,353,2021,12,Thu,FALSE,Winter,TRUE,Moderate
2021-12-17,HRL,15.96,32.95,29.84,-0.3,2.2,339,2021,12,Fri,FALSE,Winter,TRUE,Moderate
2021-12-18,HRL,12.72,30.43,47.2,-0.3,3.7,99,2021,12,Sat,TRUE,Winter,TRUE,Moderate
2021-12-19,HRL,8.66,10.5,48.19,2,9.3,102,2021,12,Sun,TRUE,Winter,TRUE,Good
2021-12-20,HRL,12.92,42.67,30.25,2.8,5.3,331,2021,12,Mon,FALSE,Winter,TRUE,Moderate
2021-12-21,HRL,8.96,36.58,43.56,1.4,1.7,161,2021,12,Tue,FALSE,Winter,TRUE,Good
2021-12-22,HRL,11.16,25.62,33.98,3.3,4.1,119,2021,12,Wed,FALSE,Winter,TRUE,Moderate
2021-12-23,HRL,10.39,30.32,24.24,-0.2,1.9,86,2021,12,Thu,FALSE,Winter,TRUE,Moderate
2021-12-24,HRL,11.61,23.16,41.26,-1,3.9,274,2021,12,Fri,FALSE,Winter,TRUE,Moderate
2021-12-25,HRL,7.02,5,44.43,1.5,9.2,239,2021,12,Sat,TRUE,Winter,TRUE,Good
2021-12-26,HRL,7.35,13.19,41.25,-1.1,9.6,153,2021,12,Sun,TRUE,Winter,TRUE,Good
2021-12-27,HRL,13.81,52.11,25.95,3.3,2.3,111,2021,12,Mon,FALSE,Winter,TRUE,Moderate
2021-12-28,HRL,11.17,38.46,31.75,4.5,4.8,256,2021,12,Tue,FALSE,Winter,TRUE,Moderate
2021-12-29,HRL,11.68,43.41,30.35,-2.5,2.3,79,2021,12,Wed,FALSE,Winter,TRUE,Moderate
2021-12-30,HRL,11.38,32.41,28.19,3.2,6.4,116,2021,12,Thu,FALSE,Winter,TRUE,Moderate
2021-12-31,HRL,15.02,38.93,30.7,1.7,5.2,328,2021,12,Fri,FALSE,Winter,TRUE,Moderate
2022-01-01,HRL,10.76,27.37,35.17,2,3.3,69,2022,1,Sat,TRUE,Winter,TRUE,Moderate
2022-01-02,HRL,10.12,8.46,42,3.6,1.7,313,2022,1,Sun,TRUE,Winter,TRUE,Moderate
2022-01-03,HRL,12.44,25.99,39.29,3.3,1.5,127,2022,1,Mon,FALSE,Winter,TRUE,Moderate
2022-01-04,HRL,8.24,15.05,32.34,-0.8,4.6,246,2022,1,Tue,FALSE,Winter,TRUE,Good
2022-01-05,HRL,13.24,27.4,43.81,1.4,3,124,2022,1,Wed,FALSE,Winter,TRUE,Moderate
2022-01-06,HRL,10.87,28.17,30.16,1.5,2.9,210,2022,1,Thu,FALSE,Winter,TRUE,Moderate
2022-01-07,HRL,9.18,16.82,33.99,1,1.3,76,2022,1,Fri,FALSE,Winter,TRUE,Good
2022-01-08,HRL,10.71,26.4,31.21,1.9,2.3,233,2022,1,Sat,TRUE,Winter,TRUE,Moderate
2022-01-09,HRL,9.59,27.25,37.31,2.6,4.5,245,2022,1,Sun,TRUE,Winter,TRUE,Good
2022-01-10,HRL,11.59,27.25,42.57,3.8,9.3,213,2022,1,Mon,FALSE,Winter,TRUE,Moderate
2022-01-11,HRL,10.34,25.03,31.25,0.7,4.9,334,2022,1,Tue,FALSE,Winter,TRUE,Moderate
2022-01-12,HRL,11.46,26.5,40.1,1,3.2,316,2022,1,Wed,FALSE,Winter,TRUE,Moderate
2022-01-13,HRL,11.1,30.47,33.29,5.5,3.3,22,2022,1,Thu,FALSE,Winter,TRUE,Moderate
2022-01-14,HRL,11.3,33.44,34.77,3.9,5.1,320,2022,1,Fri,FALSE,Winter,TRUE,Moderate
2022-01-15,HRL,11.13,45.09,20.5,3.3,4.1,11,2022,1,Sat,TRUE,Winter,TRUE,Moderate
2022-01-16,HRL,9.71,33.8,30.6,3.3,7,165,2022,1,Sun,TRUE,Winter,TRUE,Good
2022-01-17,HRL,9.89,23.63,34.43,2.1,4.9,122,2022,1,Mon,FALSE,Winter,TRUE,Good
2022-01-18,HRL,13.56,43.89,32.43,4,3.4,259,2022,1,Tue,FALSE,Winter,TRUE,Moderate
2022-01-19,HRL,7.95,10.81,40.69,-2.1,6.6,48,2022,1,Wed,FALSE,Winter,TRUE,Good
2022-01-20,HRL,10.02,28.01,39.29,3.7,2.4,230,2022,1,Thu,FALSE,Winter,TRUE,Moderate
2022-01-21,HRL,16.56,46.21,40.89,2,9.7,39,2022,1,Fri,FALSE,Winter,TRUE,Moderate
2022-01-22,HRL,11.2,34.23,35.37,0.3,3.6,14,2022,1,Sat,TRUE,Winter,TRUE,Moderate
2022-01-23,HRL,16.48,44.31,30.26,0.1,4.3,256,2022,1,Sun,TRUE,Winter,TRUE,Moderate
2022-01-24,HRL,11.72,45.18,25.77,3.3,3.6,196,2022,1,Mon,FALSE,Winter,TRUE,Moderate
2022-01-25,HRL,8.35,19.47,26.41,0.5,6.7,305,2022,1,Tue,FALSE,Winter,TRUE,Good
2022-01-26,HRL,16.43,34.58,36.45,5.6,1.9,103,2022,1,Wed,FALSE,Winter,TRUE,Moderate
2022-01-27,HRL,7.47,21.44,39.89,2.7,2.6,96,2022,1,Thu,FALSE,Winter,TRUE,Good
2022-01-28,HRL,12.93,32.48,31.04,2.8,3.1,351,2022,1,Fri,FALSE,Winter,TRUE,Moderate
2022-01-29,HRL,9.62,21.93,49.22,2.3,2,268,2022,1,Sat,TRUE,Winter,TRUE,Good
2022-01-30,HRL,10.68,48.74,31.57,1.2,4,167,2022,1,Sun,TRUE,Winter,TRUE,Moderate
2022-01-31,HRL,3.82,5,40.99,4,1.1,165,2022,1,Mon,FALSE,Winter,TRUE,Good
2022-02-01,HRL,17.06,38.08,34.78,1.6,3.8,139,2022,2,Tue,FALSE,Winter,TRUE,Moderate
2022-02-02,HRL,13.02,43.21,41.64,7.2,5.4,110,2022,2,Wed,FALSE,Winter,TRUE,Moderate
2022-02-03,HRL,12.71,35.94,40.42,6.6,2.1,118,2022,2,Thu,FALSE,Winter,TRUE,Moderate
2022-02-04,HRL,6.13,16.86,31.63,5.3,2.6,208,2022,2,Fri,FALSE,Winter,TRUE,Good
2022-02-05,HRL,11.01,40.78,21.44,1.6,6.8,237,2022,2,Sat,TRUE,Winter,TRUE,Moderate
2022-02-06,HRL,9.99,23.25,29.12,5.6,4,122,2022,2,Sun,TRUE,Winter,TRUE,Good
2022-02-07,HRL,4.8,17.83,39.39,4.5,3.6,355,2022,2,Mon,FALSE,Winter,TRUE,Good
2022-02-08,HRL,14.25,41.96,31.4,4.3,6.6,268,2022,2,Tue,FALSE,Winter,TRUE,Moderate
2022-02-09,HRL,8.19,26.73,27.99,3.4,6.7,72,2022,2,Wed,FALSE,Winter,TRUE,Good
2022-02-10,HRL,14.14,22.21,38.43,5.8,2.1,245,2022,2,Thu,FALSE,Winter,TRUE,Moderate
2022-02-11,HRL,16.49,41.64,34.25,3.2,5.6,125,2022,2,Fri,FALSE,Winter,TRUE,Moderate
2022-02-12,HRL,9.76,39.82,33.15,7.6,1.9,58,2022,2,Sat,TRUE,Winter,TRUE,Good
2022-02-13,HRL,8.87,19.02,34.93,4.8,3.2,351,2022,2,Sun,TRUE,Winter,TRUE,Good
2022-02-14,HRL,14.72,53.28,34.99,6.4,1.7,243,2022,2,Mon,FALSE,Winter,TRUE,Moderate
2022-02-15,HRL,7.09,36.11,41.71,6.5,3.3,228,2022,2,Tue,FALSE,Winter,TRUE,Good
2022-02-16,HRL,10.58,29.36,41.31,6.1,3.9,180,2022,2,Wed,FALSE,Winter,TRUE,Moderate
2022-02-17,HRL,12.35,30.33,28.67,5.5,5.1,183,2022,2,Thu,FALSE,Winter,TRUE,Moderate
2022-02-18,HRL,9.29,39.3,49.15,5.8,3.7,276,2022,2,Fri,FALSE,Winter,TRUE,Good
2022-02-19,HRL,12.57,33.76,30.42,4.8,3.4,156,2022,2,Sat,TRUE,Winter,TRUE,Moderate
2022-02-20,HRL,16.06,41.49,36.79,5.8,4.2,30,2022,2,Sun,TRUE,Winter,TRUE,Moderate
2022-02-21,HRL,10.89,26.34,37.04,6.9,2.6,267,2022,2,Mon,FALSE,Winter,TRUE,Moderate
2022-02-22,HRL,10.25,21.77,37.17,7.4,6.6,6,2022,2,Tue,FALSE,Winter,TRUE,Moderate
2022-02-23,HRL,9.7,26.8,34.97,6.6,2.8,23,2022,2,Wed,FALSE,Winter,TRUE,Good
2022-02-24,HRL,9.9,9.4,37,5,3.8,113,2022,2,Thu,FALSE,Winter,TRUE,Good
2022-02-25,HRL,5.96,17.13,37.59,5.6,7.1,159,2022,2,Fri,FALSE,Winter,TRUE,Good
2022-02-26,HRL,10.74,17.35,42.38,3.8,3.1,292,2022,2,Sat,TRUE,Winter,TRUE,Moderate
2022-02-27,HRL,6.4,8.97,47.79,8.1,4.7,9,2022,2,Sun,TRUE,Winter,TRUE,Good
2022-02-28,HRL,11.55,26.19,33.7,7.9,5,129,2022,2,Mon,FALSE,Winter,TRUE,Moderate
2022-03-01,HRL,11.51,36.98,43.79,5.1,2.8,90,2022,3,Tue,FALSE,Spring,TRUE,Moderate
2022-03-02,HRL,6.4,19.27,41.57,10.6,4.1,357,2022,3,Wed,FALSE,Spring,TRUE,Good
2022-03-03,HRL,5.89,23.46,50.88,6.3,4,279,2022,3,Thu,FALSE,Spring,TRUE,Good
2022-03-04,HRL,6.56,17.89,31.31,7.6,5.1,161,2022,3,Fri,FALSE,Spring,TRUE,Good
2022-03-05,HRL,9.44,14.87,37.34,5.3,2.4,177,2022,3,Sat,TRUE,Spring,TRUE,Good
2022-03-06,HRL,9.58,22.38,28.06,6.4,4.1,83,2022,3,Sun,TRUE,Spring,TRUE,Good
2022-03-07,HRL,12.44,29.02,34.6,8.3,4.7,353,2022,3,Mon,FALSE,Spring,TRUE,Moderate
2022-03-08,HRL,9.44,39.15,16.14,6.4,3.8,266,2022,3,Tue,FALSE,Spring,TRUE,Good
2022-03-09,HRL,8.77,26.47,25.65,5.1,3,244,2022,3,Wed,FALSE,Spring,TRUE,Good
2022-03-10,HRL,10.49,31.43,36.14,6.9,3.5,314,2022,3,Thu,FALSE,Spring,TRUE,Moderate
2022-03-11,HRL,13.11,48.28,35.43,9,5.2,347,2022,3,Fri,FALSE,Spring,TRUE,Moderate
2022-03-12,HRL,7.27,10.37,44.38,7.8,2.5,304,2022,3,Sat,TRUE,Spring,TRUE,Good
2022-03-13,HRL,7.86,36.78,29.68,7.4,1.3,334,2022,3,Sun,TRUE,Spring,TRUE,Good
2022-03-14,HRL,14.25,48.66,18.65,4.8,4.7,234,2022,3,Mon,FALSE,Spring,TRUE,Moderate
2022-03-15,HRL,6.66,14.23,43.43,11.2,5.5,268,2022,3,Tue,FALSE,Spring,TRUE,Good
2022-03-16,HRL,9.1,34.5,31.48,7.9,1.9,19,2022,3,Wed,FALSE,Spring,TRUE,Good
2022-03-17,HRL,15.48,50.88,30.19,10,6,305,2022,3,Thu,FALSE,Spring,TRUE,Moderate
2022-03-18,HRL,14.26,39.52,29.97,7.1,2.6,122,2022,3,Fri,FALSE,Spring,TRUE,Moderate
2022-03-19,HRL,11.95,44.61,29.32,7.6,6.6,180,2022,3,Sat,TRUE,Spring,TRUE,Moderate
2022-03-20,HRL,9.61,13.23,33.69,12.1,6.2,251,2022,3,Sun,TRUE,Spring,TRUE,Good
2022-03-21,HRL,12.82,29.5,37.92,10.4,6.4,209,2022,3,Mon,FALSE,Spring,TRUE,Moderate
2022-03-22,HRL,8.65,22.99,47.28,11.3,3.7,16,2022,3,Tue,FALSE,Spring,TRUE,Good
2022-03-23,HRL,9.91,28.53,32.52,12.1,6.1,29,2022,3,Wed,FALSE,Spring,TRUE,Good
2022-03-24,HRL,9.46,31.46,31.09,9,5.4,249,2022,3,Thu,FALSE,Spring,TRUE,Good
2022-03-25,HRL,13.85,43.18,30.37,12.7,3.2,291,2022,3,Fri,FALSE,Spring,TRUE,Moderate
2022-03-26,HRL,11.52,34.61,36.99,9.1,2.1,29,2022,3,Sat,TRUE,Spring,TRUE,Moderate
2022-03-27,HRL,3.83,13.79,45.23,7,5.2,344,2022,3,Sun,TRUE,Spring,TRUE,Good
2022-03-28,HRL,4.73,9.38,43.07,14.8,1,58,2022,3,Mon,FALSE,Spring,TRUE,Good
2022-03-29,HRL,10.71,25.81,40.38,6.9,3.3,313,2022,3,Tue,FALSE,Spring,TRUE,Moderate
2022-03-30,HRL,9.61,18.33,35.74,12.6,4.3,15,2022,3,Wed,FALSE,Spring,TRUE,Good
2022-03-31,HRL,11.18,37.05,24.51,13.6,3.1,288,2022,3,Thu,FALSE,Spring,TRUE,Moderate
2022-04-01,HRL,6.39,12.68,42.32,9.4,2.5,305,2022,4,Fri,FALSE,Spring,TRUE,Good
2022-04-02,HRL,6.15,26.25,35.81,13.3,8.6,114,2022,4,Sat,TRUE,Spring,TRUE,Good
2022-04-03,HRL,10.21,35.47,28.12,13.1,4.4,70,2022,4,Sun,TRUE,Spring,TRUE,Moderate
2022-04-04,HRL,9.08,32.16,44.8,11.6,2.9,263,2022,4,Mon,FALSE,Spring,TRUE,Good
2022-04-05,HRL,11.22,28.39,36.64,11.5,3.5,15,2022,4,Tue,FALSE,Spring,TRUE,Moderate
2022-04-06,HRL,5.35,16.41,43.5,11.9,4.4,218,2022,4,Wed,FALSE,Spring,TRUE,Good
2022-04-07,HRL,8.12,30.34,32.38,14.4,4.3,22,2022,4,Thu,FALSE,Spring,TRUE,Good
2022-04-08,HRL,10.13,26.29,38.18,13.7,4.5,204,2022,4,Fri,FALSE,Spring,TRUE,Moderate
2022-04-09,HRL,8.18,24.5,34.95,13.4,4.7,117,2022,4,Sat,TRUE,Spring,TRUE,Good
2022-04-10,HRL,4.75,24.06,36.97,12,4.5,194,2022,4,Sun,TRUE,Spring,TRUE,Good
2022-04-11,HRL,13.04,36.16,31.84,10.3,15.1,236,2022,4,Mon,FALSE,Spring,TRUE,Moderate
2022-04-12,HRL,6.13,10.17,39.6,13.2,4.8,211,2022,4,Tue,FALSE,Spring,TRUE,Good
2022-04-13,HRL,3.24,15.4,35.08,12.9,2.4,340,2022,4,Wed,FALSE,Spring,TRUE,Good
2022-04-14,HRL,7.54,28,27.89,13.5,2,35,2022,4,Thu,FALSE,Spring,TRUE,Good
2022-04-15,HRL,6.93,22.76,38.56,14.5,5.9,275,2022,4,Fri,FALSE,Spring,TRUE,Good
2022-04-16,HRL,4.98,22.23,46.82,15.4,4.8,15,2022,4,Sat,TRUE,Spring,TRUE,Good
2022-04-17,HRL,5.12,14.88,39.84,12.5,1.5,347,2022,4,Sun,TRUE,Spring,TRUE,Good
2022-04-18,HRL,6.48,6.85,39.34,15.9,4.2,11,2022,4,Mon,FALSE,Spring,TRUE,Good
2022-04-19,HRL,4.82,15.25,40.8,13.1,4.1,307,2022,4,Tue,FALSE,Spring,TRUE,Good
2022-04-20,HRL,6.69,12.28,39.84,12.9,3.8,14,2022,4,Wed,FALSE,Spring,TRUE,Good
2022-04-21,HRL,9,27.71,34.8,14.5,3.2,195,2022,4,Thu,FALSE,Spring,TRUE,Good
2022-04-22,HRL,7.57,19.73,40.39,9.5,4.5,281,2022,4,Fri,FALSE,Spring,TRUE,Good
2022-04-23,HRL,5.01,8.22,42.13,15.2,6,272,2022,4,Sat,TRUE,Spring,TRUE,Good
2022-04-24,HRL,7.05,24.89,40.99,10.8,8.7,76,2022,4,Sun,TRUE,Spring,TRUE,Good
2022-04-25,HRL,4.6,5.85,49.85,14.6,4.8,210,2022,4,Mon,FALSE,Spring,TRUE,Good
2022-04-26,HRL,1,10.18,42.94,19.3,6.9,154,2022,4,Tue,FALSE,Spring,TRUE,Good
2022-04-27,HRL,8.34,19.24,41.6,16.4,2.8,160,2022,4,Wed,FALSE,Spring,TRUE,Good
2022-04-28,HRL,8.11,26.29,29.21,14.4,8.1,54,2022,4,Thu,FALSE,Spring,TRUE,Good
2022-04-29,HRL,1.87,5,48.61,13.3,2.5,106,2022,4,Fri,FALSE,Spring,TRUE,Good
2022-04-30,HRL,4.36,19.65,39.47,16.4,2.8,339,2022,4,Sat,TRUE,Spring,TRUE,Good
2022-05-01,HRL,3.61,10.95,38.97,11.9,7.2,14,2022,5,Sun,TRUE,Spring,TRUE,Good
2022-05-02,HRL,7.42,20.74,38.13,14.3,2.4,270,2022,5,Mon,FALSE,Spring,TRUE,Good
2022-05-03,HRL,10.63,38.68,41.91,15.8,1.8,190,2022,5,Tue,FALSE,Spring,TRUE,Moderate
2022-05-04,HRL,6.25,5,50.3,16.9,5.2,118,2022,5,Wed,FALSE,Spring,TRUE,Good
2022-05-05,HRL,6.76,19.87,46.74,18.3,2.7,180,2022,5,Thu,FALSE,Spring,TRUE,Good
2022-05-06,HRL,4.6,6.61,38.09,16.7,5.9,156,2022,5,Fri,FALSE,Spring,TRUE,Good
2022-05-07,HRL,3.87,10.04,46.53,13.6,4.1,15,2022,5,Sat,TRUE,Spring,TRUE,Good
2022-05-08,HRL,3.54,8.43,44.88,16.4,4,62,2022,5,Sun,TRUE,Spring,TRUE,Good
2022-05-09,HRL,9.55,28.59,32.56,14.7,2,317,2022,5,Mon,FALSE,Spring,TRUE,Good
2022-05-10,HRL,8.17,14.02,40.3,16.4,3.4,260,2022,5,Tue,FALSE,Spring,TRUE,Good
2022-05-11,HRL,9.02,21.62,28.59,18.5,5,274,2022,5,Wed,FALSE,Spring,TRUE,Good
2022-05-12,HRL,3.96,9.18,38.06,15.7,2.5,108,2022,5,Thu,FALSE,Spring,TRUE,Good
2022-05-13,HRL,8.8,28.98,30.32,15.2,7.6,116,2022,5,Fri,FALSE,Spring,TRUE,Good
2022-05-14,HRL,2.71,5,47.21,17.1,4.8,159,2022,5,Sat,TRUE,Spring,TRUE,Good
2022-05-15,HRL,3.94,5,51.87,14.5,1.7,191,2022,5,Sun,TRUE,Spring,TRUE,Good
2022-05-16,HRL,4.67,6.78,35.55,16.4,4.1,70,2022,5,Mon,FALSE,Spring,TRUE,Good
2022-05-17,HRL,4.68,6.57,47.55,16.1,4.3,333,2022,5,Tue,FALSE,Spring,TRUE,Good
2022-05-18,HRL,1,5,39.41,16.9,4.9,306,2022,5,Wed,FALSE,Spring,TRUE,Good
2022-05-19,HRL,9.83,22.53,40.26,17.3,2.1,237,2022,5,Thu,FALSE,Spring,TRUE,Good
2022-05-20,HRL,4.99,12.99,43.74,14,4,182,2022,5,Fri,FALSE,Spring,TRUE,Good
2022-05-21,HRL,1.03,5,31.08,15.2,6.7,152,2022,5,Sat,TRUE,Spring,TRUE,Good
2022-05-22,HRL,4.17,22.3,37.92,14.4,5.7,69,2022,5,Sun,TRUE,Spring,TRUE,Good
2022-05-23,HRL,7.79,18.04,38.06,17,8,142,2022,5,Mon,FALSE,Spring,TRUE,Good
2022-05-24,HRL,1.38,5,49.36,17.4,4.5,59,2022,5,Tue,FALSE,Spring,TRUE,Good
2022-05-25,HRL,7.79,28.33,38.73,14.1,7.1,240,2022,5,Wed,FALSE,Spring,TRUE,Good
2022-05-26,HRL,11.2,48.3,26.02,16.1,7.6,227,2022,5,Thu,FALSE,Spring,TRUE,Moderate
2022-05-27,HRL,3.43,8.57,48.99,17.5,3.3,346,2022,5,Fri,FALSE,Spring,TRUE,Good
2022-05-28,HRL,1,5,39.19,21.3,2.4,146,2022,5,Sat,TRUE,Spring,TRUE,Good
2022-05-29,HRL,4.8,16.29,32.74,19.4,3.9,174,2022,5,Sun,TRUE,Spring,TRUE,Good
2022-05-30,HRL,2.2,5,51.5,19.1,2.8,334,2022,5,Mon,FALSE,Spring,TRUE,Good
2022-05-31,HRL,1,5,50.89,14.7,1.4,311,2022,5,Tue,FALSE,Spring,TRUE,Good
2022-06-01,HRL,1.54,5,41.28,15.7,3.9,140,2022,6,Wed,FALSE,Summer,TRUE,Good
2022-06-02,HRL,2.74,16.87,34.96,15.3,2.2,143,2022,6,Thu,FALSE,Summer,TRUE,Good
2022-06-03,HRL,4.94,13.85,33.13,14.6,1.9,146,2022,6,Fri,FALSE,Summer,TRUE,Good
2022-06-04,HRL,1,14.21,35.49,13.3,4.2,124,2022,6,Sat,TRUE,Summer,TRUE,Good
2022-06-05,HRL,1,6.93,35.13,16.2,7.1,9,2022,6,Sun,TRUE,Summer,TRUE,Good
2022-06-06,HRL,3.81,12.69,48.5,17.3,5.8,81,2022,6,Mon,FALSE,Summer,TRUE,Good
2022-06-07,HRL,4.98,16.1,43.6,21.1,3.5,46,2022,6,Tue,FALSE,Summer,TRUE,Good
2022-06-08,HRL,1,5,45.44,22.1,2.9,321,2022,6,Wed,FALSE,Summer,TRUE,Good
2022-06-09,HRL,4.2,18.66,31.59,14.2,3.6,65,2022,6,Thu,FALSE,Summer,TRUE,Good
2022-06-10,HRL,4.65,8.33,33.43,20.1,2.7,295,2022,6,Fri,FALSE,Summer,TRUE,Good
2022-06-11,HRL,1,9.01,39.23,15.9,4.5,142,2022,6,Sat,TRUE,Summer,TRUE,Good
2022-06-12,HRL,4.53,22.42,44.78,17.3,2.2,41,2022,6,Sun,TRUE,Summer,TRUE,Good
2022-06-13,HRL,1.42,5,44.32,14.3,7.5,111,2022,6,Mon,FALSE,Summer,TRUE,Good
2022-06-14,HRL,1,6.04,48.01,21.9,5.2,26,2022,6,Tue,FALSE,Summer,TRUE,Good
2022-06-15,HRL,1,5,32.64,20.6,3.5,194,2022,6,Wed,FALSE,Summer,TRUE,Good
2022-06-16,HRL,1.47,23.63,36.07,14.8,2.6,21,2022,6,Thu,FALSE,Summer,TRUE,Good
2022-06-17,HRL,1.94,5,42.45,18.3,5.2,177,2022,6,Fri,FALSE,Summer,TRUE,Good
2022-06-18,HRL,4.52,18.37,28.27,19.7,3.2,268,2022,6,Sat,TRUE,Summer,TRUE,Good
2022-06-19,HRL,2.13,7.04,41.62,17.7,7.9,245,2022,6,Sun,TRUE,Summer,TRUE,Good
2022-06-20,HRL,8.71,21.81,39.86,17.6,5,111,2022,6,Mon,FALSE,Summer,TRUE,Good
2022-06-21,HRL,1.98,5,43.9,18.7,5.1,299,2022,6,Tue,FALSE,Summer,TRUE,Good
2022-06-22,HRL,1,5,36.75,20.8,8.7,311,2022,6,Wed,FALSE,Summer,TRUE,Good
2022-06-23,HRL,1,25.21,48.13,18.1,4.2,76,2022,6,Thu,FALSE,Summer,TRUE,Good
2022-06-24,HRL,1,7.74,38.13,21.5,1.5,36,2022,6,Fri,FALSE,Summer,TRUE,Good
2022-06-25,HRL,1,6.62,42.02,22.4,5.1,51,2022,6,Sat,TRUE,Summer,TRUE,Good
2022-06-26,HRL,1,5.44,43.7,19.1,4.7,135,2022,6,Sun,TRUE,Summer,TRUE,Good
2022-06-27,HRL,1,9.03,40.18,21.3,17.8,326,2022,6,Mon,FALSE,Summer,TRUE,Good
2022-06-28,HRL,1.42,12.3,38.33,20.3,6.8,299,2022,6,Tue,FALSE,Summer,TRUE,Good
2022-06-29,HRL,3.35,13.03,47.65,17.4,4.2,188,2022,6,Wed,FALSE,Summer,TRUE,Good
2022-06-30,HRL,1,9.91,38.52,19.5,9.2,189,2022,6,Thu,FALSE,Summer,TRUE,Good
2022-07-01,HRL,1,11.75,25.48,17.8,4.2,198,2022,7,Fri,FALSE,Summer,TRUE,Good
2022-07-02,HRL,1,5,38.13,17.7,2.1,240,2022,7,Sat,TRUE,Summer,TRUE,Good
2022-07-03,HRL,1,7.94,42.01,15.7,9.1,50,2022,7,Sun,TRUE,Summer,TRUE,Good
2022-07-04,HRL,3.4,12.3,40.45,18.4,8.7,344,2022,7,Mon,FALSE,Summer,TRUE,Good
2022-07-05,HRL,1,5,38.49,16.8,6.2,237,2022,7,Tue,FALSE,Summer,TRUE,Good
2022-07-06,HRL,1,5,51,18.9,3.4,262,2022,7,Wed,FALSE,Summer,TRUE,Good
2022-07-07,HRL,1,5,41.26,17,5.6,48,2022,7,Thu,FALSE,Summer,TRUE,Good
2022-07-08,HRL,5.12,26.17,39.8,15.1,3,1,2022,7,Fri,FALSE,Summer,TRUE,Good
2022-07-09,HRL,1,5,43.42,17.8,6,182,2022,7,Sat,TRUE,Summer,TRUE,Good
2022-07-10,HRL,1,5,40.57,20,3.9,262,2022,7,Sun,TRUE,Summer,TRUE,Good
2022-07-11,HRL,1,5,48.97,16.1,3.8,70,2022,7,Mon,FALSE,Summer,TRUE,Good
2022-07-12,HRL,1.57,8.58,37.46,16.8,2.8,236,2022,7,Tue,FALSE,Summer,TRUE,Good
2022-07-13,HRL,1,5,40.61,15.1,2.8,206,2022,7,Wed,FALSE,Summer,TRUE,Good
2022-07-14,HRL,3.81,12.72,30.09,17,2.4,254,2022,7,Thu,FALSE,Summer,TRUE,Good
2022-07-15,HRL,4.85,23.15,41.92,17.9,2.7,39,2022,7,Fri,FALSE,Summer,TRUE,Good
2022-07-16,HRL,1,5,41.98,21.2,6.1,269,2022,7,Sat,TRUE,Summer,TRUE,Good
2022-07-17,HRL,4.68,11.71,44.94,19,3,226,2022,7,Sun,TRUE,Summer,TRUE,Good
2022-07-18,HRL,3.37,5,33.26,14.6,5.8,317,2022,7,Mon,FALSE,Summer,TRUE,Good
2022-07-19,HRL,3.5,17.18,43.31,17.2,7.5,104,2022,7,Tue,FALSE,Summer,TRUE,Good
2022-07-20,HRL,7.93,6.99,50.33,16,6.8,295,2022,7,Wed,FALSE,Summer,TRUE,Good
2022-07-21,HRL,1,5,42.11,19.5,2,35,2022,7,Thu,FALSE,Summer,TRUE,Good
2022-07-22,HRL,2.47,15.37,40.94,19.2,6.5,272,2022,7,Fri,FALSE,Summer,TRUE,Good
2022-07-23,HRL,1.14,5,47.97,15.6,3.2,19,2022,7,Sat,TRUE,Summer,TRUE,Good
2022-07-24,HRL,1,5,46.29,15.5,4.2,133,2022,7,Sun,TRUE,Summer,TRUE,Good
2022-07-25,HRL,2.67,5,50,17.8,2.3,175,2022,7,Mon,FALSE,Summer,TRUE,Good
2022-07-26,HRL,3.19,5,38.01,14.1,1.7,58,2022,7,Tue,FALSE,Summer,TRUE,Good
2022-07-27,HRL,1,5,45.8,16.5,2.4,261,2022,7,Wed,FALSE,Summer,TRUE,Good
2022-07-28,HRL,1,6.39,33.38,16.9,4.1,303,2022,7,Thu,FALSE,Summer,TRUE,Good
2022-07-29,HRL,2,5,41.16,19.1,5.7,2,2022,7,Fri,FALSE,Summer,TRUE,Good
2022-07-30,HRL,1,7.05,43.1,17.8,4.4,327,2022,7,Sat,TRUE,Summer,TRUE,Good
2022-07-31,HRL,1,5,39.31,15.1,2.6,98,2022,7,Sun,TRUE,Summer,TRUE,Good
2022-08-01,HRL,1.79,5,41.55,18.2,2.2,220,2022,8,Mon,FALSE,Summer,TRUE,Good
2022-08-02,HRL,1.56,5.86,37.79,18.4,2.5,268,2022,8,Tue,FALSE,Summer,TRUE,Good
2022-08-03,HRL,3.03,5,56.4,14,6.1,352,2022,8,Wed,FALSE,Summer,TRUE,Good
2022-08-04,HRL,1.96,15.4,46.24,20.1,3.1,47,2022,8,Thu,FALSE,Summer,TRUE,Good
2022-08-05,HRL,1,5,42.06,15.7,5,341,2022,8,Fri,FALSE,Summer,TRUE,Good
2022-08-06,HRL,1,5.27,45.12,14.5,5.3,168,2022,8,Sat,TRUE,Summer,TRUE,Good
2022-08-07,HRL,4.08,16.46,43.32,14.7,3.8,77,2022,8,Sun,TRUE,Summer,TRUE,Good
2022-08-08,HRL,1,7.59,39.94,18.6,3.5,329,2022,8,Mon,FALSE,Summer,TRUE,Good
2022-08-09,HRL,3.12,16.46,37.96,14.5,1.9,132,2022,8,Tue,FALSE,Summer,TRUE,Good
2022-08-10,HRL,3.59,5,49.8,13.6,5,266,2022,8,Wed,FALSE,Summer,TRUE,Good
2022-08-11,HRL,1,7.02,38.78,17.1,1.8,358,2022,8,Thu,FALSE,Summer,TRUE,Good
2022-08-12,HRL,1.56,5,37.38,17.5,4.2,169,2022,8,Fri,FALSE,Summer,TRUE,Good
2022-08-13,HRL,1,5,36.71,16.2,7.3,113,2022,8,Sat,TRUE,Summer,TRUE,Good
2022-08-14,HRL,1,5,51.38,14.5,2.1,285,2022,8,Sun,TRUE,Summer,TRUE,Good
2022-08-15,HRL,1,5,46.97,16.3,2.3,206,2022,8,Mon,FALSE,Summer,TRUE,Good
2022-08-16,HRL,1.17,5,36.55,15.5,3.7,174,2022,8,Tue,FALSE,Summer,TRUE,Good
2022-08-17,HRL,1.59,7.37,35.6,16.4,3.5,235,2022,8,Wed,FALSE,Summer,TRUE,Good
2022-08-18,HRL,3.47,5,50.19,9,5.7,280,2022,8,Thu,FALSE,Summer,TRUE,Good
2022-08-19,HRL,1,16.63,38.62,15.9,3.6,317,2022,8,Fri,FALSE,Summer,TRUE,Good
2022-08-20,HRL,1,5,41.4,16.1,1.6,106,2022,8,Sat,TRUE,Summer,TRUE,Good
2022-08-21,HRL,1.94,24.02,40.73,12.9,2.7,61,2022,8,Sun,TRUE,Summer,TRUE,Good
2022-08-22,HRL,1,6.28,45.22,13.5,13.8,19,2022,8,Mon,FALSE,Summer,TRUE,Good
2022-08-23,HRL,1.45,5,41.55,14.4,2.5,340,2022,8,Tue,FALSE,Summer,TRUE,Good
2022-08-24,HRL,1,5,35.45,17.1,4.4,241,2022,8,Wed,FALSE,Summer,TRUE,Good
2022-08-25,HRL,2.64,5,30.55,11.5,6.6,349,2022,8,Thu,FALSE,Summer,TRUE,Good
2022-08-26,HRL,3.08,7.15,55.56,13.6,6.1,56,2022,8,Fri,FALSE,Summer,TRUE,Good
2022-08-27,HRL,1,13.27,46.34,13.2,3.6,102,2022,8,Sat,TRUE,Summer,TRUE,Good
2022-08-28,HRL,1,5,40.68,16.8,4.8,58,2022,8,Sun,TRUE,Summer,TRUE,Good
2022-08-29,HRL,4.09,27.41,30.48,12.1,3.9,179,2022,8,Mon,FALSE,Summer,TRUE,Good
2022-08-30,HRL,2.06,10.04,46.56,13,4.3,10,2022,8,Tue,FALSE,Summer,TRUE,Good
2022-08-31,HRL,1,5,37.14,11.6,6.8,211,2022,8,Wed,FALSE,Summer,TRUE,Good
2022-09-01,HRL,5.53,6.38,47.72,12.6,3.3,283,2022,9,Thu,FALSE,Autumn,TRUE,Good
2022-09-02,HRL,1,5.08,52.07,12.6,2.4,102,2022,9,Fri,FALSE,Autumn,TRUE,Good
2022-09-03,HRL,1,9.76,42.58,13.3,3.2,90,2022,9,Sat,TRUE,Autumn,TRUE,Good
2022-09-04,HRL,1,5,44.4,13.5,1.1,95,2022,9,Sun,TRUE,Autumn,TRUE,Good
2022-09-05,HRL,1,5,48.2,13,6.6,301,2022,9,Mon,FALSE,Autumn,TRUE,Good
2022-09-06,HRL,5.12,8.93,37.83,12.2,1.5,192,2022,9,Tue,FALSE,Autumn,TRUE,Good
2022-09-07,HRL,10.29,40.43,23.38,11.3,10.2,265,2022,9,Wed,FALSE,Autumn,TRUE,Moderate
2022-09-08,HRL,6.02,19.61,36.04,9.8,15.7,134,2022,9,Thu,FALSE,Autumn,TRUE,Good
2022-09-09,HRL,2.39,5,49.1,11.7,3.4,158,2022,9,Fri,FALSE,Autumn,TRUE,Good
2022-09-10,HRL,1,5.85,31.44,13.2,6.5,156,2022,9,Sat,TRUE,Autumn,TRUE,Good
2022-09-11,HRL,2.36,5,51.64,9.7,4.4,294,2022,9,Sun,TRUE,Autumn,TRUE,Good
2022-09-12,HRL,5.58,17.03,35.08,11.8,3.9,343,2022,9,Mon,FALSE,Autumn,TRUE,Good
2022-09-13,HRL,3.6,12.48,50.59,12.3,5.4,313,2022,9,Tue,FALSE,Autumn,TRUE,Good
2022-09-14,HRL,3.53,6.45,47.16,9.2,7.4,345,2022,9,Wed,FALSE,Autumn,TRUE,Good
2022-09-15,HRL,6.21,8.6,46.62,10.1,2.4,198,2022,9,Thu,FALSE,Autumn,TRUE,Good
2022-09-16,HRL,1,5,43.88,13.6,10.9,118,2022,9,Fri,FALSE,Autumn,TRUE,Good
2022-09-17,HRL,1,5,47.99,10.3,3.8,3,2022,9,Sat,TRUE,Autumn,TRUE,Good
2022-09-18,HRL,1.89,10.84,34.24,11.5,8,266,2022,9,Sun,TRUE,Autumn,TRUE,Good
2022-09-19,HRL,4.78,5,45.73,10,2.5,207,2022,9,Mon,FALSE,Autumn,TRUE,Good
2022-09-20,HRL,1.28,14.75,39.31,7.8,3.1,166,2022,9,Tue,FALSE,Autumn,TRUE,Good
2022-09-21,HRL,1.51,5,47.81,9.7,3.2,103,2022,9,Wed,FALSE,Autumn,TRUE,Good
2022-09-22,HRL,4.94,9.82,40.67,9.9,3.5,74,2022,9,Thu,FALSE,Autumn,TRUE,Good
2022-09-23,HRL,3.66,18.63,42.5,8.4,3.9,77,2022,9,Fri,FALSE,Autumn,TRUE,Good
2022-09-24,HRL,1,5,41.69,10.2,3.7,149,2022,9,Sat,TRUE,Autumn,TRUE,Good
2022-09-25,HRL,2.45,12.33,43.04,8.7,7.9,195,2022,9,Sun,TRUE,Autumn,TRUE,Good
2022-09-26,HRL,4.64,11.16,47.23,8.8,1.9,295,2022,9,Mon,FALSE,Autumn,TRUE,Good
2022-09-27,HRL,4.39,18.21,38.67,9.8,4.9,235,2022,9,Tue,FALSE,Autumn,TRUE,Good
2022-09-28,HRL,4.61,5,43.01,10.7,6.7,170,2022,9,Wed,FALSE,Autumn,TRUE,Good
2022-09-29,HRL,5.78,20.72,30.33,8.7,3.2,326,2022,9,Thu,FALSE,Autumn,TRUE,Good
2022-09-30,HRL,1,5,46.46,7.9,3.9,76,2022,9,Fri,FALSE,Autumn,TRUE,Good
2022-10-01,HRL,3.69,14,53.01,9.9,2.5,217,2022,10,Sat,TRUE,Autumn,TRUE,Good
2022-10-02,HRL,5.16,5.83,44.18,11.5,3.5,204,2022,10,Sun,TRUE,Autumn,TRUE,Good
2022-10-03,HRL,3.75,6.95,39.44,13.1,3.4,144,2022,10,Mon,FALSE,Autumn,TRUE,Good
2022-10-04,HRL,11.42,14.51,42.59,7.2,2.5,297,2022,10,Tue,FALSE,Autumn,TRUE,Moderate
2022-10-05,HRL,3.43,5,48.86,7.9,2.2,252,2022,10,Wed,FALSE,Autumn,TRUE,Good
2022-10-06,HRL,3.16,5,44.2,4.7,1.7,166,2022,10,Thu,FALSE,Autumn,TRUE,Good
2022-10-07,HRL,9.61,12.63,45.29,5,3.7,202,2022,10,Fri,FALSE,Autumn,TRUE,Good
2022-10-08,HRL,3.58,5,46.86,10.2,4.9,154,2022,10,Sat,TRUE,Autumn,TRUE,Good
2022-10-09,HRL,7.89,19.75,39.91,5.3,6.4,149,2022,10,Sun,TRUE,Autumn,TRUE,Good
2022-10-10,HRL,10.3,8.89,47.81,6.7,1.2,177,2022,10,Mon,FALSE,Autumn,TRUE,Moderate
2022-10-11,HRL,6.2,15.98,42.92,3.7,5.2,340,2022,10,Tue,FALSE,Autumn,TRUE,Good
2022-10-12,HRL,10.38,37.89,34.46,6.6,3.7,14,2022,10,Wed,FALSE,Autumn,TRUE,Moderate
2022-10-13,HRL,3.97,16.28,54.24,9.3,2.2,30,2022,10,Thu,FALSE,Autumn,TRUE,Good
2022-10-14,HRL,8.78,30.15,26.99,6,4.3,306,2022,10,Fri,FALSE,Autumn,TRUE,Good
2022-10-15,HRL,5,23.9,40.15,6.2,3.3,234,2022,10,Sat,TRUE,Autumn,TRUE,Good
2022-10-16,HRL,4.63,18.79,44.99,4.7,10.1,202,2022,10,Sun,TRUE,Autumn,TRUE,Good
2022-10-17,HRL,8.15,26.79,31.28,5.1,6.4,118,2022,10,Mon,FALSE,Autumn,TRUE,Good
2022-10-18,HRL,6.5,23.63,39.93,3,2.3,189,2022,10,Tue,FALSE,Autumn,TRUE,Good
2022-10-19,HRL,6.6,27.12,48.15,7.7,4.3,223,2022,10,Wed,FALSE,Autumn,TRUE,Good
2022-10-20,HRL,6.2,18.01,44.51,8.3,1.5,200,2022,10,Thu,FALSE,Autumn,TRUE,Good
2022-10-21,HRL,6.09,7.09,37.23,6.9,3.5,222,2022,10,Fri,FALSE,Autumn,TRUE,Good
2022-10-22,HRL,1,10.16,34.87,7.8,5.2,160,2022,10,Sat,TRUE,Autumn,TRUE,Good
2022-10-23,HRL,3.12,13.81,36.44,6.2,2.4,180,2022,10,Sun,TRUE,Autumn,TRUE,Good
2022-10-24,HRL,10.03,36.16,29.92,5.5,4.8,84,2022,10,Mon,FALSE,Autumn,TRUE,Moderate
2022-10-25,HRL,4.17,5,32.58,9.1,1.9,65,2022,10,Tue,FALSE,Autumn,TRUE,Good
2022-10-26,HRL,10.56,32.84,35.92,3.2,4.1,14,2022,10,Wed,FALSE,Autumn,TRUE,Moderate
2022-10-27,HRL,4.88,20.69,40.4,4.9,4.6,33,2022,10,Thu,FALSE,Autumn,TRUE,Good
2022-10-28,HRL,5.86,32.66,39.59,6.2,10.2,123,2022,10,Fri,FALSE,Autumn,TRUE,Good
2022-10-29,HRL,5.87,19.54,41.94,5.9,2,231,2022,10,Sat,TRUE,Autumn,TRUE,Good
2022-10-30,HRL,3.08,27.93,41.76,1.7,3.2,51,2022,10,Sun,TRUE,Autumn,TRUE,Good
2022-10-31,HRL,9.3,18.46,29.81,6.4,1.1,12,2022,10,Mon,FALSE,Autumn,TRUE,Good
2022-11-01,HRL,8.15,12.98,45.47,7.7,3.7,342,2022,11,Tue,FALSE,Autumn,TRUE,Good
2022-11-02,HRL,7.91,23.9,33.62,1.3,3.4,184,2022,11,Wed,FALSE,Autumn,TRUE,Good
2022-11-03,HRL,10.28,36.38,31.44,5.3,3.3,5,2022,11,Thu,FALSE,Autumn,TRUE,Moderate
2022-11-04,HRL,8.5,31.41,39.71,7.9,1.7,53,2022,11,Fri,FALSE,Autumn,TRUE,Good
2022-11-05,HRL,5.86,5,39.58,1.1,3,184,2022,11,Sat,TRUE,Autumn,TRUE,Good
2022-11-06,HRL,7.49,25.65,41.19,2.8,2.5,206,2022,11,Sun,TRUE,Autumn,TRUE,Good
2022-11-07,HRL,6.17,19.89,32.59,4.9,3.9,246,2022,11,Mon,FALSE,Autumn,TRUE,Good
2022-11-08,HRL,4.1,12.28,41.29,3.1,1.5,13,2022,11,Tue,FALSE,Autumn,TRUE,Good
2022-11-09,HRL,12.39,34.36,30.49,4.2,3.4,18,2022,11,Wed,FALSE,Autumn,TRUE,Moderate
2022-11-10,HRL,13.55,34.34,38.64,2.6,6.7,190,2022,11,Thu,FALSE,Autumn,TRUE,Moderate
2022-11-11,HRL,10.11,20.96,34.84,2.7,1.9,63,2022,11,Fri,FALSE,Autumn,TRUE,Moderate
2022-11-12,HRL,6.25,33.48,28.71,2.9,8.3,140,2022,11,Sat,TRUE,Autumn,TRUE,Good
2022-11-13,HRL,5.71,20.15,43.95,1.1,5.2,247,2022,11,Sun,TRUE,Autumn,TRUE,Good
2022-11-14,HRL,5.5,6.71,32.15,4.5,3.7,178,2022,11,Mon,FALSE,Autumn,TRUE,Good
2022-11-15,HRL,8.25,15.71,36.76,1.7,2.2,358,2022,11,Tue,FALSE,Autumn,TRUE,Good
2022-11-16,HRL,14.5,21.87,37.45,1.1,2.3,148,2022,11,Wed,FALSE,Autumn,TRUE,Moderate
2022-11-17,HRL,5.15,16.64,40.54,4.9,5.9,93,2022,11,Thu,FALSE,Autumn,TRUE,Good
2022-11-18,HRL,12.2,35.94,34.15,1.4,2.1,42,2022,11,Fri,FALSE,Autumn,TRUE,Moderate
2022-11-19,HRL,8.91,31.11,42.31,3,11.8,250,2022,11,Sat,TRUE,Autumn,TRUE,Good
2022-11-20,HRL,10.27,30.26,45.52,2.3,5.6,282,2022,11,Sun,TRUE,Autumn,TRUE,Moderate
2022-11-21,HRL,7.08,23.64,32.58,4.7,6.9,69,2022,11,Mon,FALSE,Autumn,TRUE,Good
2022-11-22,HRL,11.39,35.88,23.68,2.7,2.7,174,2022,11,Tue,FALSE,Autumn,TRUE,Moderate
2022-11-23,HRL,14.77,31.88,36.98,1.6,3,332,2022,11,Wed,FALSE,Autumn,TRUE,Moderate
2022-11-24,HRL,11.81,31.67,25.99,3.5,1.3,209,2022,11,Thu,FALSE,Autumn,TRUE,Moderate
2022-11-25,HRL,8.91,21.16,41.19,-0.3,5.8,258,2022,11,Fri,FALSE,Autumn,TRUE,Good
2022-11-26,HRL,6.45,8.71,51.98,4.8,1.3,30,2022,11,Sat,TRUE,Autumn,TRUE,Good
2022-11-27,HRL,6.44,31.89,42.18,1.3,5.8,257,2022,11,Sun,TRUE,Autumn,TRUE,Good
2022-11-28,HRL,7.23,18.74,34.22,8.3,2.8,190,2022,11,Mon,FALSE,Autumn,TRUE,Good
2022-11-29,HRL,3.22,10.25,46.52,-2.1,6.2,0,2022,11,Tue,FALSE,Autumn,TRUE,Good
2022-11-30,HRL,9.11,9.1,35.45,3,3.5,4,2022,11,Wed,FALSE,Autumn,TRUE,Good
2022-12-01,HRL,12.12,39.93,34.95,1.2,6.9,0,2022,12,Thu,FALSE,Winter,TRUE,Moderate
2022-12-02,HRL,9.6,25.11,33.41,4.2,10.8,314,2022,12,Fri,FALSE,Winter,TRUE,Good
2022-12-03,HRL,8.02,26.73,36.47,1.6,6.3,236,2022,12,Sat,TRUE,Winter,TRUE,Good
2022-12-04,HRL,8.94,30.43,21.76,-0.1,2,37,2022,12,Sun,TRUE,Winter,TRUE,Good
2022-12-05,HRL,14,48.7,26.33,5.2,6.8,332,2022,12,Mon,FALSE,Winter,TRUE,Moderate
2022-12-06,HRL,17.23,51.91,24.2,2.7,2.5,120,2022,12,Tue,FALSE,Winter,TRUE,Moderate
2022-12-07,HRL,9.61,25.67,53.42,6.9,3.6,345,2022,12,Wed,FALSE,Winter,TRUE,Good
2022-12-08,HRL,10.7,39.78,34.61,3.1,2.7,290,2022,12,Thu,FALSE,Winter,TRUE,Moderate
2022-12-09,HRL,12.32,14.44,42.51,0.5,1.9,211,2022,12,Fri,FALSE,Winter,TRUE,Moderate
2022-12-10,HRL,7.75,22.76,40.85,2,2.9,350,2022,12,Sat,TRUE,Winter,TRUE,Good
2022-12-11,HRL,5.39,6.98,51.16,2.7,6.6,220,2022,12,Sun,TRUE,Winter,TRUE,Good
2022-12-12,HRL,9.85,44.24,29.01,3.7,4.4,188,2022,12,Mon,FALSE,Winter,TRUE,Good
2022-12-13,HRL,14.73,43.01,42.92,4.7,4.3,346,2022,12,Tue,FALSE,Winter,TRUE,Moderate
2022-12-14,HRL,8.73,14.74,43.27,0.7,3.3,278,2022,12,Wed,FALSE,Winter,TRUE,Good
2022-12-15,HRL,10.95,24.93,31.64,0.3,5.4,201,2022,12,Thu,FALSE,Winter,TRUE,Moderate
2022-12-16,HRL,11.36,34.39,49.41,-1.2,3.4,158,2022,12,Fri,FALSE,Winter,TRUE,Moderate
2022-12-17,HRL,5.26,13.02,48.01,3.9,6.7,47,2022,12,Sat,TRUE,Winter,TRUE,Good
2022-12-18,HRL,11.15,32.58,42.15,4.2,6.3,23,2022,12,Sun,TRUE,Winter,TRUE,Moderate
2022-12-19,HRL,10.68,24.9,32.37,2.6,6.4,330,2022,12,Mon,FALSE,Winter,TRUE,Moderate
2022-12-20,HRL,13.27,30.46,31.93,-0.4,2.5,260,2022,12,Tue,FALSE,Winter,TRUE,Moderate
2022-12-21,HRL,14.19,36.54,38.62,0.5,2.3,164,2022,12,Wed,FALSE,Winter,TRUE,Moderate
2022-12-22,HRL,14.06,45.12,20.55,-0.7,2.9,327,2022,12,Thu,FALSE,Winter,TRUE,Moderate
2022-12-23,HRL,11.99,33.62,24.78,-0.6,4.1,28,2022,12,Fri,FALSE,Winter,TRUE,Moderate
2022-12-24,HRL,14.16,39.83,32.99,1.2,6,87,2022,12,Sat,TRUE,Winter,TRUE,Moderate
2022-12-25,HRL,11.11,37.32,31.48,0.7,5.4,239,2022,12,Sun,TRUE,Winter,TRUE,Moderate
2022-12-26,HRL,11.57,39.01,30.69,0.6,3.7,274,2022,12,Mon,FALSE,Winter,TRUE,Moderate
2022-12-27,HRL,15.16,43.4,30.09,1,7.9,211,2022,12,Tue,FALSE,Winter,TRUE,Moderate
2022-12-28,HRL,16.73,38.39,38.67,1.9,1.9,157,2022,12,Wed,FALSE,Winter,TRUE,Moderate
2022-12-29,HRL,16.66,44.08,26.93,2.1,3.9,73,2022,12,Thu,FALSE,Winter,TRUE,Moderate
2022-12-30,HRL,13.2,37.44,31.75,4.2,3.6,276,2022,12,Fri,FALSE,Winter,TRUE,Moderate
2022-12-31,HRL,15.39,34.53,40.57,0.2,2.9,270,2022,12,Sat,TRUE,Winter,TRUE,Moderate
2023-01-01,HRL,12.39,36.77,31.86,6.8,7.7,291,2023,1,Sun,TRUE,Winter,TRUE,Moderate
2023-01-02,HRL,11.93,28.75,37.3,4.8,4.1,236,2023,1,Mon,FALSE,Winter,TRUE,Moderate
2023-01-03,HRL,8.3,22.56,44.38,0.6,2.5,207,2023,1,Tue,FALSE,Winter,TRUE,Good
2023-01-04,HRL,12.02,26.92,32.47,3.6,3.7,356,2023,1,Wed,FALSE,Winter,TRUE,Moderate
2023-01-05,HRL,12.8,48.44,40.52,4.7,3.4,355,2023,1,Thu,FALSE,Winter,TRUE,Moderate
2023-01-06,HRL,9.96,30.73,31.67,5.7,4,359,2023,1,Fri,FALSE,Winter,TRUE,Good
2023-01-07,HRL,9.4,18.13,33.22,2.9,2,223,2023,1,Sat,TRUE,Winter,TRUE,Good
2023-01-08,HRL,12.78,34.24,36.21,4.6,7.8,172,2023,1,Sun,TRUE,Winter,TRUE,Moderate
2023-01-09,HRL,6.39,14.89,46.54,-0.9,5.8,92,2023,1,Mon,FALSE,Winter,TRUE,Good
2023-01-10,HRL,10.15,31.41,34.81,3.1,11.9,162,2023,1,Tue,FALSE,Winter,TRUE,Moderate
2023-01-11,HRL,17.73,47.95,39.96,-0.9,3.5,343,2023,1,Wed,FALSE,Winter,TRUE,Moderate
2023-01-12,HRL,13.37,43.81,36.56,0.7,5.4,25,2023,1,Thu,FALSE,Winter,TRUE,Moderate
2023-01-13,HRL,10.8,29.46,37.84,3.4,5.3,25,2023,1,Fri,FALSE,Winter,TRUE,Moderate
2023-01-14,HRL,12.47,35.62,24.33,1.7,3,237,2023,1,Sat,TRUE,Winter,TRUE,Moderate
2023-01-15,HRL,7.46,17.77,49.04,3.8,4,130,2023,1,Sun,TRUE,Winter,TRUE,Good
2023-01-16,HRL,19.25,46.62,36.11,3,4.8,253,2023,1,Mon,FALSE,Winter,TRUE,Moderate
2023-01-17,HRL,10.84,34.9,34.21,3.8,2.4,175,2023,1,Tue,FALSE,Winter,TRUE,Moderate
2023-01-18,HRL,9.21,39.61,40.44,4.9,9.5,42,2023,1,Wed,FALSE,Winter,TRUE,Good
2023-01-19,HRL,12.18,39,34.66,4.1,3.8,354,2023,1,Thu,FALSE,Winter,TRUE,Moderate
2023-01-20,HRL,11.86,35.94,34.31,2.5,2.5,261,2023,1,Fri,FALSE,Winter,TRUE,Moderate
2023-01-21,HRL,8.58,46.61,26.12,5.2,5.2,182,2023,1,Sat,TRUE,Winter,TRUE,Good
2023-01-22,HRL,8.84,25.95,37.05,4.2,11,80,2023,1,Sun,TRUE,Winter,TRUE,Good
2023-01-23,HRL,13.4,30.33,53.19,1.6,5.5,145,2023,1,Mon,FALSE,Winter,TRUE,Moderate
2023-01-24,HRL,11.15,29.89,40.02,5.7,4.5,44,2023,1,Tue,FALSE,Winter,TRUE,Moderate
2023-01-25,HRL,14.58,48.14,32.03,3.2,5.4,284,2023,1,Wed,FALSE,Winter,TRUE,Moderate
2023-01-26,HRL,13.42,33.81,35.99,5.6,5.6,77,2023,1,Thu,FALSE,Winter,TRUE,Moderate
2023-01-27,HRL,8.62,29.67,33.18,4.3,5.7,71,2023,1,Fri,FALSE,Winter,TRUE,Good
2023-01-28,HRL,6.4,22.97,30.27,5.6,3.1,146,2023,1,Sat,TRUE,Winter,TRUE,Good
2023-01-29,HRL,10.91,23.56,47.85,1.8,4.1,345,2023,1,Sun,TRUE,Winter,TRUE,Moderate
2023-01-30,HRL,14.08,37.88,40.44,6.2,8.4,73,2023,1,Mon,FALSE,Winter,TRUE,Moderate
2023-01-31,HRL,11.11,36.46,29.25,1,2.1,355,2023,1,Tue,FALSE,Winter,TRUE,Moderate
2023-02-01,HRL,14.94,39.71,39.55,4.5,2.4,296,2023,2,Wed,FALSE,Winter,TRUE,Moderate
2023-02-02,HRL,12.5,50.01,25.36,3.4,3.3,186,2023,2,Thu,FALSE,Winter,TRUE,Moderate
2023-02-03,HRL,6.18,20.17,30.11,4.9,5.1,216,2023,2,Fri,FALSE,Winter,TRUE,Good
2023-02-04,HRL,8.42,25.83,30.4,2.3,4.3,228,2023,2,Sat,TRUE,Winter,TRUE,Good
2023-02-05,HRL,8.76,17.79,39.26,6.4,6.9,135,2023,2,Sun,TRUE,Winter,TRUE,Good
2023-02-06,HRL,13.75,50.15,36.47,4,3,163,2023,2,Mon,FALSE,Winter,TRUE,Moderate
2023-02-07,HRL,10.96,32.87,35.77,5.5,5.7,267,2023,2,Tue,FALSE,Winter,TRUE,Moderate
2023-02-08,HRL,15.11,28.07,31.2,8.4,3.6,39,2023,2,Wed,FALSE,Winter,TRUE,Moderate
2023-02-09,HRL,7.23,21.63,37.57,3.8,4.4,187,2023,2,Thu,FALSE,Winter,TRUE,Good
2023-02-10,HRL,8.78,29.2,44.53,5.5,3.1,151,2023,2,Fri,FALSE,Winter,TRUE,Good
2023-02-11,HRL,9.31,31.13,46.65,4.8,8,210,2023,2,Sat,TRUE,Winter,TRUE,Good
2023-02-12,HRL,10.4,35.9,32.06,4.3,2.5,142,2023,2,Sun,TRUE,Winter,TRUE,Moderate
2023-02-13,HRL,10.93,17.43,29.57,1.2,4.9,237,2023,2,Mon,FALSE,Winter,TRUE,Moderate
2023-02-14,HRL,10.22,28.35,37.39,8.9,1.5,218,2023,2,Tue,FALSE,Winter,TRUE,Moderate
2023-02-15,HRL,13.34,31.7,40.72,3.3,5.3,24,2023,2,Wed,FALSE,Winter,TRUE,Moderate
2023-02-16,HRL,12.41,35.13,41.29,7.3,1.9,6,2023,2,Thu,FALSE,Winter,TRUE,Moderate
2023-02-17,HRL,11.89,40.15,30.04,4.8,4.4,284,2023,2,Fri,FALSE,Winter,TRUE,Moderate
2023-02-18,HRL,6.87,12.47,36.38,3.1,2.7,84,2023,2,Sat,TRUE,Winter,TRUE,Good
2023-02-19,HRL,9.48,30.96,37.09,2.8,11.7,178,2023,2,Sun,TRUE,Winter,TRUE,Good
2023-02-20,HRL,9.74,39.25,31.74,5.8,4.1,154,2023,2,Mon,FALSE,Winter,TRUE,Good
2023-02-21,HRL,7.94,33.42,30.21,5.4,3.2,276,2023,2,Tue,FALSE,Winter,TRUE,Good
2023-02-22,HRL,8.2,20.28,32.13,10.6,3.8,178,2023,2,Wed,FALSE,Winter,TRUE,Good
2023-02-23,HRL,9.25,28.18,30.47,8.1,4.4,255,2023,2,Thu,FALSE,Winter,TRUE,Good
2023-02-24,HRL,12.68,38.77,23.7,10,4.8,189,2023,2,Fri,FALSE,Winter,TRUE,Moderate
2023-02-25,HRL,8.57,29.27,50.17,7.3,5.5,49,2023,2,Sat,TRUE,Winter,TRUE,Good
2023-02-26,HRL,7.41,31.44,29.58,8.1,1.4,6,2023,2,Sun,TRUE,Winter,TRUE,Good
2023-02-27,HRL,13.59,45.48,21.45,9,12.4,181,2023,2,Mon,FALSE,Winter,TRUE,Moderate
2023-02-28,HRL,14.41,38.02,44.12,11.7,7.3,192,2023,2,Tue,FALSE,Winter,TRUE,Moderate
2023-03-01,HRL,9.89,33.8,39.06,5.3,5.3,259,2023,3,Wed,FALSE,Spring,TRUE,Good
2023-03-02,HRL,12.84,31.32,36.68,9.2,3.5,294,2023,3,Thu,FALSE,Spring,TRUE,Moderate
2023-03-03,HRL,7.71,26.44,48.34,7.9,11.5,153,2023,3,Fri,FALSE,Spring,TRUE,Good
2023-03-04,HRL,7.5,31.97,40.36,6.8,7.8,321,2023,3,Sat,TRUE,Spring,TRUE,Good
2023-03-05,HRL,6.75,19.8,49.92,8.4,3.3,47,2023,3,Sun,TRUE,Spring,TRUE,Good
2023-03-06,HRL,13.59,30.59,41.71,9.4,5.9,311,2023,3,Mon,FALSE,Spring,TRUE,Moderate
2023-03-07,HRL,11.53,31.9,32.91,10.6,4.6,20,2023,3,Tue,FALSE,Spring,TRUE,Moderate
2023-03-08,HRL,4.79,6.09,41.88,10.3,3.4,261,2023,3,Wed,FALSE,Spring,TRUE,Good
2023-03-09,HRL,12.36,48.92,46.79,10,3.4,172,2023,3,Thu,FALSE,Spring,TRUE,Moderate
2023-03-10,HRL,9.72,21.84,39.77,8.7,2,297,2023,3,Fri,FALSE,Spring,TRUE,Good
2023-03-11,HRL,6.63,25.12,30.03,9.4,3.2,348,2023,3,Sat,TRUE,Spring,TRUE,Good
2023-03-12,HRL,4.2,7.14,39.92,7,3.9,86,2023,3,Sun,TRUE,Spring,TRUE,Good
2023-03-13,HRL,11.85,51.41,17.06,6.9,8.3,225,2023,3,Mon,FALSE,Spring,TRUE,Moderate
2023-03-14,HRL,10.45,32.25,36.3,7.9,11,120,2023,3,Tue,FALSE,Spring,TRUE,Moderate
2023-03-15,HRL,7.01,23.14,36.92,8.7,7.1,113,2023,3,Wed,FALSE,Spring,TRUE,Good
2023-03-16,HRL,13.79,47.31,33.98,8.1,4.6,20,2023,3,Thu,FALSE,Spring,TRUE,Moderate
2023-03-17,HRL,11.66,10.45,41.13,10.1,1.9,349,2023,3,Fri,FALSE,Spring,TRUE,Moderate
2023-03-18,HRL,9.41,36.81,39.06,10.1,5.9,359,2023,3,Sat,TRUE,Spring,TRUE,Good
2023-03-19,HRL,6.6,19.18,34.1,10.1,2.9,238,2023,3,Sun,TRUE,Spring,TRUE,Good
2023-03-20,HRL,8.87,17.55,39.78,10.3,7.3,60,2023,3,Mon,FALSE,Spring,TRUE,Good
2023-03-21,HRL,8.71,22.24,38.8,9.6,3.2,281,2023,3,Tue,FALSE,Spring,TRUE,Good
2023-03-22,HRL,15,54.33,25.82,10.7,3.4,299,2023,3,Wed,FALSE,Spring,TRUE,Moderate
2023-03-23,HRL,11.34,34.42,29.32,9.4,3.5,78,2023,3,Thu,FALSE,Spring,TRUE,Moderate
2023-03-24,HRL,3.48,7.1,43.72,13.6,5.1,354,2023,3,Fri,FALSE,Spring,TRUE,Good
2023-03-25,HRL,1.55,6.05,40.9,8.9,3.9,109,2023,3,Sat,TRUE,Spring,TRUE,Good
2023-03-26,HRL,2.14,6.29,36.35,11.3,7.1,328,2023,3,Sun,TRUE,Spring,TRUE,Good
2023-03-27,HRL,7.14,5,52.55,9.3,3.9,63,2023,3,Mon,FALSE,Spring,TRUE,Good
2023-03-28,HRL,4.23,6.57,50.14,10.7,5.1,41,2023,3,Tue,FALSE,Spring,TRUE,Good
2023-03-29,HRL,9.01,29.46,31.98,12.4,7.5,172,2023,3,Wed,FALSE,Spring,TRUE,Good
2023-03-30,HRL,8.64,29.38,30.06,10.2,4,231,2023,3,Thu,FALSE,Spring,TRUE,Good
2023-03-31,HRL,9.8,32.84,30.14,9.6,4.7,78,2023,3,Fri,FALSE,Spring,TRUE,Good
2023-04-01,HRL,3.97,14.81,45.83,14.8,3.4,296,2023,4,Sat,TRUE,Spring,TRUE,Good
2023-04-02,HRL,6.76,16.35,37.55,12.1,21,83,2023,4,Sun,TRUE,Spring,TRUE,Good
2023-04-03,HRL,8.45,22.11,31.73,11.3,5.4,333,2023,4,Mon,FALSE,Spring,TRUE,Good
2023-04-04,HRL,4.6,21.71,48.85,14.1,6.6,334,2023,4,Tue,FALSE,Spring,TRUE,Good
2023-04-05,HRL,10.05,19.28,42.88,12.8,2.4,251,2023,4,Wed,FALSE,Spring,TRUE,Moderate
2023-04-06,HRL,7.53,24.8,43.81,11.4,4.1,188,2023,4,Thu,FALSE,Spring,TRUE,Good
2023-04-07,HRL,6.62,14.32,44.99,7.1,4.4,291,2023,4,Fri,FALSE,Spring,TRUE,Good
2023-04-08,HRL,9.58,37.23,42.32,12,3.1,312,2023,4,Sat,TRUE,Spring,TRUE,Good
2023-04-09,HRL,5.74,17.3,41.76,11.2,2.1,115,2023,4,Sun,TRUE,Spring,TRUE,Good
2023-04-10,HRL,1,5,29.42,10.7,2.4,332,2023,4,Mon,FALSE,Spring,TRUE,Good
2023-04-11,HRL,7.58,10.24,36.36,12.4,2.9,341,2023,4,Tue,FALSE,Spring,TRUE,Good
2023-04-12,HRL,9.66,24.04,33.95,14.3,4.5,149,2023,4,Wed,FALSE,Spring,TRUE,Good
2023-04-13,HRL,5.5,11.86,41.93,15.3,4.3,33,2023,4,Thu,FALSE,Spring,TRUE,Good
2023-04-14,HRL,5.08,11.54,43.01,13.3,2.8,35,2023,4,Fri,FALSE,Spring,TRUE,Good
2023-04-15,HRL,1,7.08,47.22,10.8,2.9,351,2023,4,Sat,TRUE,Spring,TRUE,Good
2023-04-16,HRL,8.85,21.47,38.78,13.2,7,84,2023,4,Sun,TRUE,Spring,TRUE,Good
2023-04-17,HRL,5.1,5,40.87,14.3,7.1,259,2023,4,Mon,FALSE,Spring,TRUE,Good
2023-04-18,HRL,9.02,31.15,34.23,15.1,3,120,2023,4,Tue,FALSE,Spring,TRUE,Good
2023-04-19,HRL,4.63,22.31,43.28,13.8,1.8,64,2023,4,Wed,FALSE,Spring,TRUE,Good
2023-04-20,HRL,1.71,5,47.16,15.6,4.8,4,2023,4,Thu,FALSE,Spring,TRUE,Good
2023-04-21,HRL,8.37,5.46,34.19,14.5,8.4,164,2023,4,Fri,FALSE,Spring,TRUE,Good
2023-04-22,HRL,1.91,5,55.97,15.8,2.2,320,2023,4,Sat,TRUE,Spring,TRUE,Good
2023-04-23,HRL,7.2,18.14,40.87,11.6,6.8,259,2023,4,Sun,TRUE,Spring,TRUE,Good
2023-04-24,HRL,3.68,13.2,37.1,14.6,4.1,142,2023,4,Mon,FALSE,Spring,TRUE,Good
2023-04-25,HRL,5.21,30.13,33.43,12.8,5.7,308,2023,4,Tue,FALSE,Spring,TRUE,Good
2023-04-26,HRL,3.68,5,52.73,18.5,1.4,46,2023,4,Wed,FALSE,Spring,TRUE,Good
2023-04-27,HRL,8.18,10.28,42.16,13.3,3.3,24,2023,4,Thu,FALSE,Spring,TRUE,Good
2023-04-28,HRL,6.25,26.46,34.39,11.8,5.2,116,2023,4,Fri,FALSE,Spring,TRUE,Good
2023-04-29,HRL,6.95,26.23,40.57,14.9,3.6,295,2023,4,Sat,TRUE,Spring,TRUE,Good
2023-04-30,HRL,2.08,10.96,45.29,16.4,5.5,345,2023,4,Sun,TRUE,Spring,TRUE,Good
2023-05-01,HRL,7.14,24.06,40.39,14.8,1.7,83,2023,5,Mon,FALSE,Spring,TRUE,Good
2023-05-02,HRL,7.76,21.49,30.37,15.6,2.7,279,2023,5,Tue,FALSE,Spring,TRUE,Good
2023-05-03,HRL,5.66,7.97,44.95,14,3.2,345,2023,5,Wed,FALSE,Spring,TRUE,Good
2023-05-04,HRL,4.36,5,52.76,17.9,13.2,201,2023,5,Thu,FALSE,Spring,TRUE,Good
2023-05-05,HRL,2.96,16.64,37.56,12.2,4.3,204,2023,5,Fri,FALSE,Spring,TRUE,Good
2023-05-06,HRL,1,9.08,49.37,17.9,3.6,156,2023,5,Sat,TRUE,Spring,TRUE,Good
2023-05-07,HRL,3,10.32,37.26,16.5,5.6,358,2023,5,Sun,TRUE,Spring,TRUE,Good
2023-05-08,HRL,6.12,11.16,40.34,17.2,5.5,302,2023,5,Mon,FALSE,Spring,TRUE,Good
2023-05-09,HRL,2.57,5,43.75,15.2,4.1,124,2023,5,Tue,FALSE,Spring,TRUE,Good
2023-05-10,HRL,1,5,41.27,14.5,3.7,315,2023,5,Wed,FALSE,Spring,TRUE,Good
2023-05-11,HRL,1.47,5,46.92,16.1,2.3,2,2023,5,Thu,FALSE,Spring,TRUE,Good
2023-05-12,HRL,5.04,5,29.4,20.2,8.8,212,2023,5,Fri,FALSE,Spring,TRUE,Good
2023-05-13,HRL,1,5,42.59,15.1,8.1,293,2023,5,Sat,TRUE,Spring,TRUE,Good
2023-05-14,HRL,2.49,16.62,37.88,15.6,8,195,2023,5,Sun,TRUE,Spring,TRUE,Good
2023-05-15,HRL,4.17,11.33,42.31,18.5,6.2,255,2023,5,Mon,FALSE,Spring,TRUE,Good
2023-05-16,HRL,1,18.61,40.29,18.6,5.1,174,2023,5,Tue,FALSE,Spring,TRUE,Good
2023-05-17,HRL,4.91,11.44,53.57,18.5,3.8,60,2023,5,Wed,FALSE,Spring,TRUE,Good
2023-05-18,HRL,4.24,10.49,41.64,14.9,5.9,256,2023,5,Thu,FALSE,Spring,TRUE,Good
2023-05-19,HRL,2.18,17.1,33.04,15.8,5.6,142,2023,5,Fri,FALSE,Spring,TRUE,Good
2023-05-20,HRL,2.02,5,43.55,15.5,3.3,210,2023,5,Sat,TRUE,Spring,TRUE,Good
2023-05-21,HRL,2.07,9.05,45.68,15.1,5,277,2023,5,Sun,TRUE,Spring,TRUE,Good
2023-05-22,HRL,2.27,5,47.36,19.7,3.4,174,2023,5,Mon,FALSE,Spring,TRUE,Good
2023-05-23,HRL,3.72,20.59,44.78,19.5,4,219,2023,5,Tue,FALSE,Spring,TRUE,Good
2023-05-24,HRL,4,23.73,34.71,19.3,8.9,120,2023,5,Wed,FALSE,Spring,TRUE,Good
2023-05-25,HRL,3.71,7.95,42.92,18.1,2.6,31,2023,5,Thu,FALSE,Spring,TRUE,Good
2023-05-26,HRL,6.86,21.1,35.02,19.6,4.7,219,2023,5,Fri,FALSE,Spring,TRUE,Good
2023-05-27,HRL,1,9.53,36.06,19,2.5,17,2023,5,Sat,TRUE,Spring,TRUE,Good
2023-05-28,HRL,2.04,10.25,42.71,16.6,1,309,2023,5,Sun,TRUE,Spring,TRUE,Good
2023-05-29,HRL,1,5,50.45,18.4,5.8,117,2023,5,Mon,FALSE,Spring,TRUE,Good
2023-05-30,HRL,1,5,39.68,15.5,3.7,72,2023,5,Tue,FALSE,Spring,TRUE,Good
2023-05-31,HRL,1.6,11.8,39.95,15.5,6.1,162,2023,5,Wed,FALSE,Spring,TRUE,Good
2023-06-01,HRL,3.16,5.87,42.81,17.9,5.1,281,2023,6,Thu,FALSE,Summer,TRUE,Good
2023-06-02,HRL,4.26,15.53,35.68,20.9,1.3,81,2023,6,Fri,FALSE,Summer,TRUE,Good
2023-06-03,HRL,2.08,16.78,44.18,20.1,9,268,2023,6,Sat,TRUE,Summer,TRUE,Good
2023-06-04,HRL,1,5,48.72,18,5.7,152,2023,6,Sun,TRUE,Summer,TRUE,Good
2023-06-05,HRL,4.89,8.01,36.16,13.3,6.1,312,2023,6,Mon,FALSE,Summer,TRUE,Good
2023-06-06,HRL,6.48,30.45,27.69,19.6,7.4,131,2023,6,Tue,FALSE,Summer,TRUE,Good
2023-06-07,HRL,1.41,5,41.75,17.5,4.4,164,2023,6,Wed,FALSE,Summer,TRUE,Good
2023-06-08,HRL,5.84,17.24,39.29,14.9,2.9,58,2023,6,Thu,FALSE,Summer,TRUE,Good
2023-06-09,HRL,3.58,23.74,41.72,18.1,2.4,134,2023,6,Fri,FALSE,Summer,TRUE,Good
2023-06-10,HRL,5.56,18.02,31.59,19.1,9.9,228,2023,6,Sat,TRUE,Summer,TRUE,Good
2023-06-11,HRL,3.34,5,38.82,16.9,2.1,117,2023,6,Sun,TRUE,Summer,TRUE,Good
2023-06-12,HRL,1.73,5,43.45,17.7,3.4,188,2023,6,Mon,FALSE,Summer,TRUE,Good
2023-06-13,HRL,1,5,44.23,20.7,4,247,2023,6,Tue,FALSE,Summer,TRUE,Good
2023-06-14,HRL,1,20.79,54.38,20.2,2.7,190,2023,6,Wed,FALSE,Summer,TRUE,Good
2023-06-15,HRL,1,11.74,33.09,19,5.4,220,2023,6,Thu,FALSE,Summer,TRUE,Good
2023-06-16,HRL,1,5,51.14,18.9,3.5,92,2023,6,Fri,FALSE,Summer,TRUE,Good
2023-06-17,HRL,3.32,5,41.47,18,4.5,322,2023,6,Sat,TRUE,Summer,TRUE,Good
2023-06-18,HRL,1.36,19.94,36.84,19.7,2.5,10,2023,6,Sun,TRUE,Summer,TRUE,Good
2023-06-19,HRL,1.1,12.34,52.05,19.2,8.3,106,2023,6,Mon,FALSE,Summer,TRUE,Good
2023-06-20,HRL,5.21,16.72,29.06,14.7,6.1,16,2023,6,Tue,FALSE,Summer,TRUE,Good
2023-06-21,HRL,1,9.86,40.71,17.6,4.5,17,2023,6,Wed,FALSE,Summer,TRUE,Good
2023-06-22,HRL,1.85,5,48.45,21.1,3.4,17,2023,6,Thu,FALSE,Summer,TRUE,Good
2023-06-23,HRL,1,5,51.29,19.2,2.8,39,2023,6,Fri,FALSE,Summer,TRUE,Good
2023-06-24,HRL,1,9.51,46.03,18.6,5.9,16,2023,6,Sat,TRUE,Summer,TRUE,Good
2023-06-25,HRL,1,5,53.06,19.3,6,113,2023,6,Sun,TRUE,Summer,TRUE,Good
2023-06-26,HRL,1.7,6.38,36.49,18.5,5.9,261,2023,6,Mon,FALSE,Summer,TRUE,Good
2023-06-27,HRL,3.25,5,42.33,20.1,7.4,324,2023,6,Tue,FALSE,Summer,TRUE,Good
2023-06-28,HRL,2.41,14.21,47.4,16.8,4.5,193,2023,6,Wed,FALSE,Summer,TRUE,Good
2023-06-29,HRL,1,15.81,44.78,18.7,10.8,274,2023,6,Thu,FALSE,Summer,TRUE,Good
2023-06-30,HRL,1.97,6.38,46.75,17,5.4,185,2023,6,Fri,FALSE,Summer,TRUE,Good
2023-07-01,HRL,1,5,42.86,21.5,3.9,67,2023,7,Sat,TRUE,Summer,TRUE,Good
2023-07-02,HRL,1.94,16.48,42.59,17.8,3.9,108,2023,7,Sun,TRUE,Summer,TRUE,Good
2023-07-03,HRL,1,10.12,37.8,20.1,1.9,335,2023,7,Mon,FALSE,Summer,TRUE,Good
2023-07-04,HRL,1,9.16,46.37,16.7,3.8,69,2023,7,Tue,FALSE,Summer,TRUE,Good
2023-07-05,HRL,3.92,5,39.69,16.2,1.8,56,2023,7,Wed,FALSE,Summer,TRUE,Good
2023-07-06,HRL,3.95,12.27,41.46,19.6,2.3,350,2023,7,Thu,FALSE,Summer,TRUE,Good
2023-07-07,HRL,1,5,49.74,17.5,7,197,2023,7,Fri,FALSE,Summer,TRUE,Good
2023-07-08,HRL,3.74,13.73,40.89,15.1,2.5,148,2023,7,Sat,TRUE,Summer,TRUE,Good
2023-07-09,HRL,1,5,38.69,14,2.5,121,2023,7,Sun,TRUE,Summer,TRUE,Good
2023-07-10,HRL,1,6.19,36.57,21.9,1.9,110,2023,7,Mon,FALSE,Summer,TRUE,Good
2023-07-11,HRL,4.35,14.04,35.89,17.3,7,306,2023,7,Tue,FALSE,Summer,TRUE,Good
2023-07-12,HRL,1.2,9.2,42.64,15.7,2,230,2023,7,Wed,FALSE,Summer,TRUE,Good
2023-07-13,HRL,1,5,39.02,19.9,4.2,345,2023,7,Thu,FALSE,Summer,TRUE,Good
2023-07-14,HRL,1,5,51.09,15.8,2.3,141,2023,7,Fri,FALSE,Summer,TRUE,Good
2023-07-15,HRL,1,6.96,44.93,16.5,2,51,2023,7,Sat,TRUE,Summer,TRUE,Good
2023-07-16,HRL,2.62,16.9,21.2,17.4,4.8,247,2023,7,Sun,TRUE,Summer,TRUE,Good
2023-07-17,HRL,1,5,51.76,15.9,4.2,310,2023,7,Mon,FALSE,Summer,TRUE,Good
2023-07-18,HRL,1.35,7.59,43.09,13.5,2.2,76,2023,7,Tue,FALSE,Summer,TRUE,Good
2023-07-19,HRL,1.98,5,42.02,19.4,3.4,255,2023,7,Wed,FALSE,Summer,TRUE,Good
2023-07-20,HRL,2.34,9.43,41.85,14.8,3.8,317,2023,7,Thu,FALSE,Summer,TRUE,Good
2023-07-21,HRL,2.44,15.96,45.7,20.7,11.3,15,2023,7,Fri,FALSE,Summer,TRUE,Good
2023-07-22,HRL,1,7.17,52.71,17.8,3.2,131,2023,7,Sat,TRUE,Summer,TRUE,Good
2023-07-23,HRL,4.16,18.28,47.1,16.8,3.4,88,2023,7,Sun,TRUE,Summer,TRUE,Good
2023-07-24,HRL,2.83,11.99,43.56,16.8,1.1,246,2023,7,Mon,FALSE,Summer,TRUE,Good
2023-07-25,HRL,1.95,5,46.1,16.2,4.2,131,2023,7,Tue,FALSE,Summer,TRUE,Good
2023-07-26,HRL,2.8,18.01,27.16,18,3.8,289,2023,7,Wed,FALSE,Summer,TRUE,Good
2023-07-27,HRL,1,5,31.06,14.3,6.7,88,2023,7,Thu,FALSE,Summer,TRUE,Good
2023-07-28,HRL,1,5,42.36,17.4,6.1,201,2023,7,Fri,FALSE,Summer,TRUE,Good
2023-07-29,HRL,1,6.59,42.59,15.8,4.3,242,2023,7,Sat,TRUE,Summer,TRUE,Good
2023-07-30,HRL,1,5,34.55,15.5,1.6,356,2023,7,Sun,TRUE,Summer,TRUE,Good
2023-07-31,HRL,1,5,40.32,14.8,2.7,268,2023,7,Mon,FALSE,Summer,TRUE,Good
2023-08-01,HRL,1,8.89,34.65,17.5,4.2,255,2023,8,Tue,FALSE,Summer,TRUE,Good
2023-08-02,HRL,1,13.14,44.11,18.1,4.2,52,2023,8,Wed,FALSE,Summer,TRUE,Good
2023-08-03,HRL,1,26.45,31.41,19.3,2.5,156,2023,8,Thu,FALSE,Summer,TRUE,Good
2023-08-04,HRL,6.23,24.12,44.52,14.8,10.2,108,2023,8,Fri,FALSE,Summer,TRUE,Good
2023-08-05,HRL,2.41,19.37,53.87,12.2,4.4,331,2023,8,Sat,TRUE,Summer,TRUE,Good
2023-08-06,HRL,1,5,41.84,18.1,2.4,320,2023,8,Sun,TRUE,Summer,TRUE,Good
2023-08-07,HRL,4.34,17.99,38.74,15.7,2.7,12,2023,8,Mon,FALSE,Summer,TRUE,Good
2023-08-08,HRL,2.35,9.43,49.71,15.2,3.2,137,2023,8,Tue,FALSE,Summer,TRUE,Good
2023-08-09,HRL,6.61,24.87,39.51,14.2,4,59,2023,8,Wed,FALSE,Summer,TRUE,Good
2023-08-10,HRL,2.83,5.89,37.5,14.9,7.8,183,2023,8,Thu,FALSE,Summer,TRUE,Good
2023-08-11,HRL,1,5,47.36,15.9,7.2,184,2023,8,Fri,FALSE,Summer,TRUE,Good
2023-08-12,HRL,1,7.39,41.99,19.5,5.6,19,2023,8,Sat,TRUE,Summer,TRUE,Good
2023-08-13,HRL,1,5.51,42.29,17.7,3.5,245,2023,8,Sun,TRUE,Summer,TRUE,Good
2023-08-14,HRL,2.56,5,50.28,14.7,2.8,173,2023,8,Mon,FALSE,Summer,TRUE,Good
2023-08-15,HRL,4.94,5,45.1,15.5,7,150,2023,8,Tue,FALSE,Summer,TRUE,Good
2023-08-16,HRL,3.32,7.57,43.17,14.4,4.8,201,2023,8,Wed,FALSE,Summer,TRUE,Good
2023-08-17,HRL,5.47,8.44,41.2,15.7,4.6,258,2023,8,Thu,FALSE,Summer,TRUE,Good
2023-08-18,HRL,1.41,18.5,44.69,14,4.1,283,2023,8,Fri,FALSE,Summer,TRUE,Good
2023-08-19,HRL,1,5,32.99,12.5,2,160,2023,8,Sat,TRUE,Summer,TRUE,Good
2023-08-20,HRL,1,10.31,49.64,12.6,2.6,101,2023,8,Sun,TRUE,Summer,TRUE,Good
2023-08-21,HRL,6.6,33.07,41.18,14.1,5.3,11,2023,8,Mon,FALSE,Summer,TRUE,Good
2023-08-22,HRL,2.08,8.56,42.62,11.7,4.7,189,2023,8,Tue,FALSE,Summer,TRUE,Good
2023-08-23,HRL,3.56,5,43.03,14.1,3.3,77,2023,8,Wed,FALSE,Summer,TRUE,Good
2023-08-24,HRL,1.75,11.6,38.04,15.8,3,329,2023,8,Thu,FALSE,Summer,TRUE,Good
2023-08-25,HRL,1,5,41.52,13.5,3.7,204,2023,8,Fri,FALSE,Summer,TRUE,Good
2023-08-26,HRL,1,13.07,51.02,12.4,6.6,67,2023,8,Sat,TRUE,Summer,TRUE,Good
2023-08-27,HRL,1,5,52.79,13.3,3.9,186,2023,8,Sun,TRUE,Summer,TRUE,Good
2023-08-28,HRL,3.56,5.64,48.55,13,5.2,333,2023,8,Mon,FALSE,Summer,TRUE,Good
2023-08-29,HRL,1,5,33.11,15.7,2.2,203,2023,8,Tue,FALSE,Summer,TRUE,Good
2023-08-30,HRL,3.96,17.05,43.42,11.4,5.8,225,2023,8,Wed,FALSE,Summer,TRUE,Good
2023-08-31,HRL,6.82,17.41,42.03,12.5,8.5,318,2023,8,Thu,FALSE,Summer,TRUE,Good
2023-09-01,HRL,4.73,20.85,45.15,10,1.9,106,2023,9,Fri,FALSE,Autumn,TRUE,Good
2023-09-02,HRL,1,14.6,30.59,11.5,3.1,29,2023,9,Sat,TRUE,Autumn,TRUE,Good
2023-09-03,HRL,3.09,5,48.03,9.1,3.7,286,2023,9,Sun,TRUE,Autumn,TRUE,Good
2023-09-04,HRL,1,5,48.28,11.5,3,74,2023,9,Mon,FALSE,Autumn,TRUE,Good
2023-09-05,HRL,5.12,28.91,35.87,15,4.9,219,2023,9,Tue,FALSE,Autumn,TRUE,Good
2023-09-06,HRL,5.69,12.17,46.64,9.5,5.2,287,2023,9,Wed,FALSE,Autumn,TRUE,Good
2023-09-07,HRL,2,7.09,51.63,9.7,2.5,13,2023,9,Thu,FALSE,Autumn,TRUE,Good
2023-09-08,HRL,1,5,41.41,15.4,5.7,228,2023,9,Fri,FALSE,Autumn,TRUE,Good
2023-09-09,HRL,2.41,16.14,54.79,9.9,5.8,110,2023,9,Sat,TRUE,Autumn,TRUE,Good
2023-09-10,HRL,2.54,13.44,44.96,11.9,3.9,57,2023,9,Sun,TRUE,Autumn,TRUE,Good
2023-09-11,HRL,8.95,41.93,28.27,10.2,4.5,128,2023,9,Mon,FALSE,Autumn,TRUE,Good
2023-09-12,HRL,1,5,44.75,9.6,1.8,330,2023,9,Tue,FALSE,Autumn,TRUE,Good
2023-09-13,HRL,6.87,13.56,34.02,13.4,3.4,220,2023,9,Wed,FALSE,Autumn,TRUE,Good
2023-09-14,HRL,4.38,11.47,34.36,8.9,5,286,2023,9,Thu,FALSE,Autumn,TRUE,Good
2023-09-15,HRL,5.41,5.27,47.7,13.4,4.2,216,2023,9,Fri,FALSE,Autumn,TRUE,Good
2023-09-16,HRL,8.01,42.8,24.37,11.4,8.8,188,2023,9,Sat,TRUE,Autumn,TRUE,Good
2023-09-17,HRL,7.12,23.53,44.48,7.2,6.2,71,2023,9,Sun,TRUE,Autumn,TRUE,Good
2023-09-18,HRL,5.99,11.45,42.21,11.9,3.8,94,2023,9,Mon,FALSE,Autumn,TRUE,Good
2023-09-19,HRL,1.77,14.32,39.85,8.7,7.6,158,2023,9,Tue,FALSE,Autumn,TRUE,Good
2023-09-20,HRL,3.2,9.23,38.68,10.7,3.1,221,2023,9,Wed,FALSE,Autumn,TRUE,Good
2023-09-21,HRL,6.69,22.74,27.61,6.6,9.7,12,2023,9,Thu,FALSE,Autumn,TRUE,Good
2023-09-22,HRL,1,5,36.46,8.1,6.1,299,2023,9,Fri,FALSE,Autumn,TRUE,Good
2023-09-23,HRL,3.03,5.07,40.83,9.9,1.7,250,2023,9,Sat,TRUE,Autumn,TRUE,Good
2023-09-24,HRL,1,7.6,54.45,9.5,5,89,2023,9,Sun,TRUE,Autumn,TRUE,Good
2023-09-25,HRL,1.53,17.75,43.82,7.2,7.1,186,2023,9,Mon,FALSE,Autumn,TRUE,Good
2023-09-26,HRL,4.43,5.63,47.95,9,2.5,152,2023,9,Tue,FALSE,Autumn,TRUE,Good
2023-09-27,HRL,6.74,10.27,35.59,10.5,8.5,121,2023,9,Wed,FALSE,Autumn,TRUE,Good
2023-09-28,HRL,5.77,14.31,39.36,7,4.7,218,2023,9,Thu,FALSE,Autumn,TRUE,Good
2023-09-29,HRL,4.93,15.71,31.86,10.9,3.3,133,2023,9,Fri,FALSE,Autumn,TRUE,Good
2023-09-30,HRL,7.36,33.29,45.06,9.6,4.3,245,2023,9,Sat,TRUE,Autumn,TRUE,Good
2023-10-01,HRL,3.66,7.65,39.64,7.8,3.6,285,2023,10,Sun,TRUE,Autumn,TRUE,Good
2023-10-02,HRL,4.63,9.89,36.8,8.6,10.9,236,2023,10,Mon,FALSE,Autumn,TRUE,Good
2023-10-03,HRL,8.04,22.02,49.57,5.5,7.9,217,2023,10,Tue,FALSE,Autumn,TRUE,Good
2023-10-04,HRL,9.9,32.09,23.49,8.2,5.5,305,2023,10,Wed,FALSE,Autumn,TRUE,Good
2023-10-05,HRL,6.38,13.23,35.86,4.8,5.5,195,2023,10,Thu,FALSE,Autumn,TRUE,Good
2023-10-06,HRL,6.2,9.99,41.95,8.6,5.2,256,2023,10,Fri,FALSE,Autumn,TRUE,Good
2023-10-07,HRL,4.41,20.47,32.97,8.6,5.6,68,2023,10,Sat,TRUE,Autumn,TRUE,Good
2023-10-08,HRL,1,5,42.44,10.1,4.6,92,2023,10,Sun,TRUE,Autumn,TRUE,Good
2023-10-09,HRL,5.44,20.44,44.01,3.9,2.5,204,2023,10,Mon,FALSE,Autumn,TRUE,Good
2023-10-10,HRL,6.94,15.37,34.73,7.8,4.8,172,2023,10,Tue,FALSE,Autumn,TRUE,Good
2023-10-11,HRL,6.87,27.28,32.39,11.7,4.3,331,2023,10,Wed,FALSE,Autumn,TRUE,Good
2023-10-12,HRL,4.37,14.57,37.71,8.9,3.2,268,2023,10,Thu,FALSE,Autumn,TRUE,Good
2023-10-13,HRL,6.7,33.1,40.86,6.3,3.3,181,2023,10,Fri,FALSE,Autumn,TRUE,Good
2023-10-14,HRL,1.32,5,58.94,5.1,3,323,2023,10,Sat,TRUE,Autumn,TRUE,Good
2023-10-15,HRL,5.33,8.42,48.41,5.6,1.3,193,2023,10,Sun,TRUE,Autumn,TRUE,Good
2023-10-16,HRL,6.8,12.03,36.76,10.2,2.3,125,2023,10,Mon,FALSE,Autumn,TRUE,Good
2023-10-17,HRL,8.89,23.06,36.44,6.2,3,192,2023,10,Tue,FALSE,Autumn,TRUE,Good
2023-10-18,HRL,3.65,5,44.7,6.3,3.1,178,2023,10,Wed,FALSE,Autumn,TRUE,Good
2023-10-19,HRL,5.85,20.65,37.7,4.5,6.8,223,2023,10,Thu,FALSE,Autumn,TRUE,Good
2023-10-20,HRL,11.07,36.55,36,8.7,4.6,102,2023,10,Fri,FALSE,Autumn,TRUE,Moderate
2023-10-21,HRL,4.89,9.96,32.74,8,4.9,23,2023,10,Sat,TRUE,Autumn,TRUE,Good
2023-10-22,HRL,4.6,9.91,42.4,5.3,2.2,208,2023,10,Sun,TRUE,Autumn,TRUE,Good
2023-10-23,HRL,4.26,9.14,45.46,6.4,5.8,282,2023,10,Mon,FALSE,Autumn,TRUE,Good
2023-10-24,HRL,8.78,33.28,15.59,3.7,5,96,2023,10,Tue,FALSE,Autumn,TRUE,Good
2023-10-25,HRL,2.51,5,43.99,5.6,1.7,109,2023,10,Wed,FALSE,Autumn,TRUE,Good
2023-10-26,HRL,13.18,38.92,28.58,3.9,3.4,157,2023,10,Thu,FALSE,Autumn,TRUE,Moderate
2023-10-27,HRL,8.6,17.4,36.94,5.1,3,62,2023,10,Fri,FALSE,Autumn,TRUE,Good
2023-10-28,HRL,2.88,17.66,37.78,5.5,4,269,2023,10,Sat,TRUE,Autumn,TRUE,Good
2023-10-29,HRL,7.58,27.96,33.5,3.6,2.1,233,2023,10,Sun,TRUE,Autumn,TRUE,Good
2023-10-30,HRL,5.94,31.75,46.88,7.6,3.3,296,2023,10,Mon,FALSE,Autumn,TRUE,Good
2023-10-31,HRL,10.98,22.3,32.07,4.2,2.5,152,2023,10,Tue,FALSE,Autumn,TRUE,Moderate
2023-11-01,HRL,8.65,20.24,45.14,4.5,7.4,235,2023,11,Wed,FALSE,Autumn,TRUE,Good
2023-11-02,HRL,10.66,22.93,40.9,3.4,4.5,28,2023,11,Thu,FALSE,Autumn,TRUE,Moderate
2023-11-03,HRL,14.22,39.96,21.81,2.7,5.5,113,2023,11,Fri,FALSE,Autumn,TRUE,Moderate
2023-11-04,HRL,6.88,27.94,38.98,2.4,11.8,291,2023,11,Sat,TRUE,Autumn,TRUE,Good
2023-11-05,HRL,1,5,36.17,5.6,6,19,2023,11,Sun,TRUE,Autumn,TRUE,Good
2023-11-06,HRL,10.18,26.72,26.73,4.7,5.9,276,2023,11,Mon,FALSE,Autumn,TRUE,Moderate
2023-11-07,HRL,13.31,46.42,33.14,2.9,6.9,58,2023,11,Tue,FALSE,Autumn,TRUE,Moderate
2023-11-08,HRL,6.41,8.15,43.85,3.2,2.9,184,2023,11,Wed,FALSE,Autumn,TRUE,Good
2023-11-09,HRL,1.7,5,36.46,-2.2,1.9,139,2023,11,Thu,FALSE,Autumn,TRUE,Good
2023-11-10,HRL,5.49,5,40.16,2.8,6,161,2023,11,Fri,FALSE,Autumn,TRUE,Good
2023-11-11,HRL,9.35,27.43,26.41,4.1,3.4,224,2023,11,Sat,TRUE,Autumn,TRUE,Good
2023-11-12,HRL,11.5,21.59,40.94,1.8,1.2,201,2023,11,Sun,TRUE,Autumn,TRUE,Moderate
2023-11-13,HRL,8.15,38.39,38.12,8.3,3,249,2023,11,Mon,FALSE,Autumn,TRUE,Good
2023-11-14,HRL,13.19,34.41,38.6,6,5.9,266,2023,11,Tue,FALSE,Autumn,TRUE,Moderate
2023-11-15,HRL,6.09,33.39,49.14,3.3,3.3,115,2023,11,Wed,FALSE,Autumn,TRUE,Good
2023-11-16,HRL,12.69,34.78,28.47,2,1.3,307,2023,11,Thu,FALSE,Autumn,TRUE,Moderate
2023-11-17,HRL,4.11,11.93,46.83,0.6,2.1,265,2023,11,Fri,FALSE,Autumn,TRUE,Good
2023-11-18,HRL,1,5,38.64,6.7,2.7,264,2023,11,Sat,TRUE,Autumn,TRUE,Good
2023-11-19,HRL,6.38,19.34,37.99,0.5,5.2,355,2023,11,Sun,TRUE,Autumn,TRUE,Good
2023-11-20,HRL,3.83,11.85,38.38,4.8,7.6,139,2023,11,Mon,FALSE,Autumn,TRUE,Good
2023-11-21,HRL,10.32,25.91,39.9,1.6,2.2,256,2023,11,Tue,FALSE,Autumn,TRUE,Moderate
2023-11-22,HRL,4.64,14.76,37.8,0.5,2.2,158,2023,11,Wed,FALSE,Autumn,TRUE,Good
2023-11-23,HRL,7,16.92,40.68,3.1,6.4,169,2023,11,Thu,FALSE,Autumn,TRUE,Good
2023-11-24,HRL,9.64,25.05,31.19,1.9,3.6,39,2023,11,Fri,FALSE,Autumn,TRUE,Good
2023-11-25,HRL,9.09,9.63,36.1,5.8,2.1,259,2023,11,Sat,TRUE,Autumn,TRUE,Good
2023-11-26,HRL,7.64,19.22,34.19,3.8,8.2,199,2023,11,Sun,TRUE,Autumn,TRUE,Good
2023-11-27,HRL,9.69,34.35,41.37,3,4.8,68,2023,11,Mon,FALSE,Autumn,TRUE,Good
2023-11-28,HRL,17.38,47.97,30.88,3,7.4,259,2023,11,Tue,FALSE,Autumn,TRUE,Moderate
2023-11-29,HRL,6.71,29.04,31.54,0.3,3.9,24,2023,11,Wed,FALSE,Autumn,TRUE,Good
2023-11-30,HRL,9.84,16.81,52.01,3.5,4.8,11,2023,11,Thu,FALSE,Autumn,TRUE,Good
2023-12-01,HRL,14.44,42.72,30.14,2.5,2.4,256,2023,12,Fri,FALSE,Winter,TRUE,Moderate
2023-12-02,HRL,5.44,11.9,45.32,-0.2,3.1,269,2023,12,Sat,TRUE,Winter,TRUE,Good
2023-12-03,HRL,4.63,5,44.71,1.9,5.1,47,2023,12,Sun,TRUE,Winter,TRUE,Good
2023-12-04,HRL,11.43,30.65,31.03,3,6.4,331,2023,12,Mon,FALSE,Winter,TRUE,Moderate
2023-12-05,HRL,15.26,23.75,36.64,-0.7,2,306,2023,12,Tue,FALSE,Winter,TRUE,Moderate
2023-12-06,HRL,14.33,44.35,33.97,4,4.1,122,2023,12,Wed,FALSE,Winter,TRUE,Moderate
2023-12-07,HRL,8.46,31.18,42.78,0.1,3.4,78,2023,12,Thu,FALSE,Winter,TRUE,Good
2023-12-08,HRL,9.03,24.36,33.18,2.8,8.5,209,2023,12,Fri,FALSE,Winter,TRUE,Good
2023-12-09,HRL,11.45,47.37,32.65,1.1,4.5,257,2023,12,Sat,TRUE,Winter,TRUE,Moderate
2023-12-10,HRL,2.89,5,46.97,2.6,1.9,149,2023,12,Sun,TRUE,Winter,TRUE,Good
2023-12-11,HRL,11.73,26.47,38.3,2.4,5.8,48,2023,12,Mon,FALSE,Winter,TRUE,Moderate
2023-12-12,HRL,7.26,24.45,41.16,2.2,7.4,357,2023,12,Tue,FALSE,Winter,TRUE,Good
2023-12-13,HRL,11.97,33.78,38.95,0.2,4,154,2023,12,Wed,FALSE,Winter,TRUE,Moderate
2023-12-14,HRL,10.11,19.82,36.47,2.5,4.2,74,2023,12,Thu,FALSE,Winter,TRUE,Moderate
2023-12-15,HRL,12.24,32.59,34.3,-1.1,5.9,43,2023,12,Fri,FALSE,Winter,TRUE,Moderate
2023-12-16,HRL,9.91,40.43,39.01,2.9,3.4,286,2023,12,Sat,TRUE,Winter,TRUE,Good
2023-12-17,HRL,10.86,21.43,41.42,5.5,7.6,220,2023,12,Sun,TRUE,Winter,TRUE,Moderate
2023-12-18,HRL,10.25,27.31,28.66,4.2,7.9,348,2023,12,Mon,FALSE,Winter,TRUE,Moderate
2023-12-19,HRL,12.5,42.58,30.62,-0.7,3.5,24,2023,12,Tue,FALSE,Winter,TRUE,Moderate
2023-12-20,HRL,18.41,56.16,22.69,0.1,2.2,58,2023,12,Wed,FALSE,Winter,TRUE,Moderate
2023-12-21,HRL,12.87,39.52,26.98,1.9,2.3,23,2023,12,Thu,FALSE,Winter,TRUE,Moderate
2023-12-22,HRL,17.19,61.97,40.26,3.6,7.9,282,2023,12,Fri,FALSE,Winter,TRUE,Moderate
2023-12-23,HRL,5.33,24.8,37.53,3.7,3.7,220,2023,12,Sat,TRUE,Winter,TRUE,Good
2023-12-24,HRL,6.76,25.31,38.44,3.5,4.8,61,2023,12,Sun,TRUE,Winter,TRUE,Good
2023-12-25,HRL,10.67,25.98,42.49,3.9,4.3,295,2023,12,Mon,FALSE,Winter,TRUE,Moderate
2023-12-26,HRL,12.04,37.69,37.52,1.9,1.7,163,2023,12,Tue,FALSE,Winter,TRUE,Moderate
2023-12-27,HRL,9.48,21.09,49.06,1.4,1.6,25,2023,12,Wed,FALSE,Winter,TRUE,Good
2023-12-28,HRL,12.95,52.5,27.46,1.7,3.6,321,2023,12,Thu,FALSE,Winter,TRUE,Moderate
2023-12-29,HRL,12.93,17.33,44.2,2.4,5.8,30,2023,12,Fri,FALSE,Winter,TRUE,Moderate
2023-12-30,HRL,7.4,16.93,31.18,-0.7,2,0,2023,12,Sat,TRUE,Winter,TRUE,Good
2023-12-31,HRL,11.52,31.88,36.79,3.8,4.3,130,2023,12,Sun,TRUE,Winter,TRUE,Moderate
2018-01-01,KC1,18.82,64.83,14.81,5.6,4.1,112,2018,1,Mon,FALSE,Winter,FALSE,Moderate
2018-01-02,KC1,16.93,30.68,34.04,2.8,2.3,272,2018,1,Tue,FALSE,Winter,FALSE,Moderate
2018-01-03,KC1,11.35,34.48,38.24,0.9,8.3,180,2018,1,Wed,FALSE,Winter,FALSE,Moderate
2018-01-04,KC1,16.51,60.77,22.84,8.3,4.6,264,2018,1,Thu,FALSE,Winter,FALSE,Moderate
2018-01-05,KC1,13.33,35.75,32.41,2.1,6.7,348,2018,1,Fri,FALSE,Winter,FALSE,Moderate
2018-01-06,KC1,10.95,27.95,45.44,1.6,6.1,138,2018,1,Sat,TRUE,Winter,FALSE,Moderate
2018-01-07,KC1,17.7,67.98,28.27,3.5,10.6,354,2018,1,Sun,TRUE,Winter,FALSE,Moderate
2018-01-08,KC1,16.47,72.32,20.23,2.3,4.7,320,2018,1,Mon,FALSE,Winter,FALSE,Moderate
2018-01-09,KC1,12.17,36.36,35.35,4.6,4.5,212,2018,1,Tue,FALSE,Winter,FALSE,Moderate
2018-01-10,KC1,14.48,41.2,32.66,4.1,4,114,2018,1,Wed,FALSE,Winter,FALSE,Moderate
2018-01-11,KC1,18.07,50.54,31.05,3,2.7,229,2018,1,Thu,FALSE,Winter,FALSE,Moderate
2018-01-12,KC1,16.02,45.83,21.66,0.3,2.3,302,2018,1,Fri,FALSE,Winter,FALSE,Moderate
2018-01-13,KC1,12.81,31.75,35.99,3.2,2.5,106,2018,1,Sat,TRUE,Winter,FALSE,Moderate
2018-01-14,KC1,12.89,22.94,27.91,3.4,2.1,85,2018,1,Sun,TRUE,Winter,FALSE,Moderate
2018-01-15,KC1,15.91,33.92,41.21,2.9,1.4,177,2018,1,Mon,FALSE,Winter,FALSE,Moderate
2018-01-16,KC1,17.4,61.71,17.54,2.5,3.1,337,2018,1,Tue,FALSE,Winter,FALSE,Moderate
2018-01-17,KC1,21.92,66.11,29.48,3.8,7.5,265,2018,1,Wed,FALSE,Winter,FALSE,Unhealthy (sensitive)
2018-01-18,KC1,12.79,38.44,29.53,1.4,8.1,14,2018,1,Thu,FALSE,Winter,FALSE,Moderate
2018-01-19,KC1,26.08,71.23,31.52,0.8,1.7,276,2018,1,Fri,FALSE,Winter,FALSE,Unhealthy
2018-01-20,KC1,18.58,44.25,29.91,0.5,7.5,7,2018,1,Sat,TRUE,Winter,FALSE,Moderate
2018-01-21,KC1,15.14,41.74,26.56,7,3.1,235,2018,1,Sun,TRUE,Winter,FALSE,Moderate
2018-01-22,KC1,18.21,56.87,25.23,2.2,5.8,165,2018,1,Mon,FALSE,Winter,FALSE,Moderate
2018-01-23,KC1,14.16,52.98,29.44,7.3,1.7,159,2018,1,Tue,FALSE,Winter,FALSE,Moderate
2018-01-24,KC1,14.97,43.53,18.62,1.3,5,13,2018,1,Wed,FALSE,Winter,FALSE,Moderate
2018-01-25,KC1,16.82,61.88,10.62,4.2,2.7,337,2018,1,Thu,FALSE,Winter,FALSE,Moderate
2018-01-26,KC1,10.14,28.72,42.64,2.1,7.9,282,2018,1,Fri,FALSE,Winter,FALSE,Moderate
2018-01-27,KC1,13.32,26.64,43.42,5.7,8.4,251,2018,1,Sat,TRUE,Winter,FALSE,Moderate
2018-01-28,KC1,18.44,55.62,28.52,3.7,4.8,39,2018,1,Sun,TRUE,Winter,FALSE,Moderate
2018-01-29,KC1,21.4,62.7,26.15,5.5,4.7,27,2018,1,Mon,FALSE,Winter,FALSE,Unhealthy (sensitive)
2018-01-30,KC1,17.38,57.57,24.18,1.2,3.9,23,2018,1,Tue,FALSE,Winter,FALSE,Moderate
2018-01-31,KC1,16.61,38.88,37.8,3.5,2.7,270,2018,1,Wed,FALSE,Winter,FALSE,Moderate
2018-02-01,KC1,21.74,61.86,28.52,4.1,3.4,25,2018,2,Thu,FALSE,Winter,FALSE,Unhealthy (sensitive)
2018-02-02,KC1,21.04,50.31,41.8,8,6.4,67,2018,2,Fri,FALSE,Winter,FALSE,Unhealthy (sensitive)
2018-02-03,KC1,10.43,27.33,41.8,3.9,3.4,116,2018,2,Sat,TRUE,Winter,FALSE,Moderate
2018-02-04,KC1,15.08,50.73,29.25,4.2,5.8,121,2018,2,Sun,TRUE,Winter,FALSE,Moderate
2018-02-05,KC1,18.7,75.28,26.87,5.6,1.4,263,2018,2,Mon,FALSE,Winter,FALSE,Moderate
2018-02-06,KC1,16.97,56.35,24.06,1.9,1.1,322,2018,2,Tue,FALSE,Winter,FALSE,Moderate
2018-02-07,KC1,16.94,42.72,28.45,7.2,4.2,266,2018,2,Wed,FALSE,Winter,FALSE,Moderate
2018-02-08,KC1,16.1,43.72,32.04,1.9,3,289,2018,2,Thu,FALSE,Winter,FALSE,Moderate
2018-02-09,KC1,15.94,43.56,27.98,3.6,4.3,263,2018,2,Fri,FALSE,Winter,FALSE,Moderate
2018-02-10,KC1,13.98,39.79,48.54,9,4.5,34,2018,2,Sat,TRUE,Winter,FALSE,Moderate
2018-02-11,KC1,13.45,38.41,25.18,5.6,8.5,353,2018,2,Sun,TRUE,Winter,FALSE,Moderate
2018-02-12,KC1,16.05,43.86,42.7,4.1,10.4,176,2018,2,Mon,FALSE,Winter,FALSE,Moderate
2018-02-13,KC1,19.33,51.09,30.03,6.9,3.7,51,2018,2,Tue,FALSE,Winter,FALSE,Moderate
2018-02-14,KC1,23.77,71.01,16.92,3.8,4,89,2018,2,Wed,FALSE,Winter,FALSE,Unhealthy (sensitive)
2018-02-15,KC1,14.66,30.35,31.05,5.1,2,242,2018,2,Thu,FALSE,Winter,FALSE,Moderate
2018-02-16,KC1,15.62,39.61,40.59,4.8,2.3,289,2018,2,Fri,FALSE,Winter,FALSE,Moderate
2018-02-17,KC1,12.79,28.52,33.79,6.1,2.8,351,2018,2,Sat,TRUE,Winter,FALSE,Moderate
2018-02-18,KC1,19.98,60.04,27.45,6.7,3.5,348,2018,2,Sun,TRUE,Winter,FALSE,Moderate
2018-02-19,KC1,13.23,28.86,37.93,8.4,3.2,133,2018,2,Mon,FALSE,Winter,FALSE,Moderate
2018-02-20,KC1,8.17,6.04,41.79,7.6,8,213,2018,2,Tue,FALSE,Winter,FALSE,Good
2018-02-21,KC1,16.9,50.17,32.16,7.1,3.7,200,2018,2,Wed,FALSE,Winter,FALSE,Moderate
2018-02-22,KC1,9.27,28.03,35.99,6.2,3.8,131,2018,2,Thu,FALSE,Winter,FALSE,Good
2018-02-23,KC1,11.63,33.99,34.31,10.2,11.8,55,2018,2,Fri,FALSE,Winter,FALSE,Moderate
2018-02-24,KC1,18.49,63.11,23.41,4.9,3,255,2018,2,Sat,TRUE,Winter,FALSE,Moderate
2018-02-25,KC1,17.23,51.85,30.01,7.9,3.6,217,2018,2,Sun,TRUE,Winter,FALSE,Moderate
2018-02-26,KC1,17.52,42.58,36.28,8.4,2.3,200,2018,2,Mon,FALSE,Winter,FALSE,Moderate
2018-02-27,KC1,8.94,22.26,43.15,8.9,3.3,293,2018,2,Tue,FALSE,Winter,FALSE,Good
2018-02-28,KC1,13.96,35.98,38.18,10.2,2.9,227,2018,2,Wed,FALSE,Winter,FALSE,Moderate
2018-03-01,KC1,10.3,36.54,32.66,5.5,6,305,2018,3,Thu,FALSE,Spring,FALSE,Moderate
2018-03-02,KC1,18.56,47.28,27.17,5.4,2,104,2018,3,Fri,FALSE,Spring,FALSE,Moderate
2018-03-03,KC1,11.4,29.23,42.9,8.2,4.4,344,2018,3,Sat,TRUE,Spring,FALSE,Moderate
2018-03-04,KC1,5.87,16.11,43.57,10.3,2.8,92,2018,3,Sun,TRUE,Spring,FALSE,Good
2018-03-05,KC1,17.73,55.97,24.37,6.9,1.3,110,2018,3,Mon,FALSE,Spring,FALSE,Moderate
2018-03-06,KC1,19.7,57.25,30.98,8.1,3.4,267,2018,3,Tue,FALSE,Spring,FALSE,Moderate
2018-03-07,KC1,13.11,24.74,39.44,7.3,3,95,2018,3,Wed,FALSE,Spring,FALSE,Moderate
2018-03-08,KC1,14.17,47,22.28,6.5,2.7,163,2018,3,Thu,FALSE,Spring,FALSE,Moderate
2018-03-09,KC1,15.63,37,48.62,8.8,4.7,92,2018,3,Fri,FALSE,Spring,FALSE,Moderate
2018-03-10,KC1,11.49,34.79,36.27,7.1,2.5,284,2018,3,Sat,TRUE,Spring,FALSE,Moderate
2018-03-11,KC1,16.27,49.64,30.49,8.1,4.4,249,2018,3,Sun,TRUE,Spring,FALSE,Moderate
2018-03-12,KC1,16.13,45.76,18.32,4.5,14.7,197,2018,3,Mon,FALSE,Spring,FALSE,Moderate
2018-03-13,KC1,10.75,25.41,37.41,8.8,7.5,74,2018,3,Tue,FALSE,Spring,FALSE,Moderate
2018-03-14,KC1,11.36,27.08,43.03,4.3,7.7,25,2018,3,Wed,FALSE,Spring,FALSE,Moderate
2018-03-15,KC1,14.79,41.95,30.7,7.8,3.3,123,2018,3,Thu,FALSE,Spring,FALSE,Moderate
2018-03-16,KC1,16.76,40.9,36.02,10.7,2.5,194,2018,3,Fri,FALSE,Spring,FALSE,Moderate
2018-03-17,KC1,10.53,37.67,28.17,8.3,7.5,58,2018,3,Sat,TRUE,Spring,FALSE,Moderate
2018-03-18,KC1,11.01,38.9,31.64,8.7,4.5,32,2018,3,Sun,TRUE,Spring,FALSE,Moderate
2018-03-19,KC1,12.81,31.35,29.9,5.9,3.2,85,2018,3,Mon,FALSE,Spring,FALSE,Moderate
2018-03-20,KC1,9.13,28.08,28.42,7.2,7.5,344,2018,3,Tue,FALSE,Spring,FALSE,Good
2018-03-21,KC1,17.36,41.81,20.55,7.4,5.7,217,2018,3,Wed,FALSE,Spring,FALSE,Moderate
2018-03-22,KC1,14.82,32.39,36.27,10.9,2.6,118,2018,3,Thu,FALSE,Spring,FALSE,Moderate
2018-03-23,KC1,14.91,35.72,36.92,7.6,7.4,29,2018,3,Fri,FALSE,Spring,FALSE,Moderate
2018-03-24,KC1,2.27,5,40.84,8.6,2.5,187,2018,3,Sat,TRUE,Spring,FALSE,Good
2018-03-25,KC1,8.76,18.7,44.26,10.4,4.8,353,2018,3,Sun,TRUE,Spring,FALSE,Good
2018-03-26,KC1,15.85,48.19,26.65,11.7,6,75,2018,3,Mon,FALSE,Spring,FALSE,Moderate
2018-03-27,KC1,15.61,43.48,42.9,9.7,5.5,305,2018,3,Tue,FALSE,Spring,FALSE,Moderate
2018-03-28,KC1,11.31,30.42,37.48,11.3,1.8,180,2018,3,Wed,FALSE,Spring,FALSE,Moderate
2018-03-29,KC1,11.69,32.36,38.02,10.8,9.2,231,2018,3,Thu,FALSE,Spring,FALSE,Moderate
2018-03-30,KC1,14.8,49.41,33.95,13.9,3.9,190,2018,3,Fri,FALSE,Spring,FALSE,Moderate
2018-03-31,KC1,12.26,35.53,37.94,10.5,3,189,2018,3,Sat,TRUE,Spring,FALSE,Moderate
2018-04-01,KC1,14.81,44.76,24.37,10.6,8.8,164,2018,4,Sun,TRUE,Spring,FALSE,Moderate
2018-04-02,KC1,17.83,54.46,34.57,10.1,6.1,86,2018,4,Mon,FALSE,Spring,FALSE,Moderate
2018-04-03,KC1,10.84,47.68,29.84,12.9,4.6,359,2018,4,Tue,FALSE,Spring,FALSE,Moderate
2018-04-04,KC1,13.52,35.25,36.72,11.3,3.8,186,2018,4,Wed,FALSE,Spring,FALSE,Moderate
2018-04-05,KC1,10.56,27.48,34.29,12.9,2.5,205,2018,4,Thu,FALSE,Spring,FALSE,Moderate
2018-04-06,KC1,12.41,26.68,43.8,14.1,4.4,338,2018,4,Fri,FALSE,Spring,FALSE,Moderate
2018-04-07,KC1,6.01,5,46.57,10.8,4.9,346,2018,4,Sat,TRUE,Spring,FALSE,Good
2018-04-08,KC1,9.98,25.03,40.89,11.9,3.3,243,2018,4,Sun,TRUE,Spring,FALSE,Good
2018-04-09,KC1,14.24,46.42,32.78,12.1,5.3,124,2018,4,Mon,FALSE,Spring,FALSE,Moderate
2018-04-10,KC1,11.4,34.61,52.6,11.9,6.6,106,2018,4,Tue,FALSE,Spring,FALSE,Moderate
2018-04-11,KC1,12.22,26.54,42.66,11.8,5.6,323,2018,4,Wed,FALSE,Spring,FALSE,Moderate
2018-04-12,KC1,20.33,45.52,38.79,13.5,2.4,105,2018,4,Thu,FALSE,Spring,FALSE,Unhealthy (sensitive)
2018-04-13,KC1,7.71,5,38,12.2,4.5,235,2018,4,Fri,FALSE,Spring,FALSE,Good
2018-04-14,KC1,10.93,31.55,37.53,13.6,3.2,107,2018,4,Sat,TRUE,Spring,FALSE,Moderate
2018-04-15,KC1,7.27,24.63,45.23,10.7,3.9,270,2018,4,Sun,TRUE,Spring,FALSE,Good
2018-04-16,KC1,16.29,44.57,35.26,14.6,3.8,343,2018,4,Mon,FALSE,Spring,FALSE,Moderate
2018-04-17,KC1,10.96,22.32,36.3,11,3.5,108,2018,4,Tue,FALSE,Spring,FALSE,Moderate
2018-04-18,KC1,11.14,48.3,36.72,16.3,3.1,27,2018,4,Wed,FALSE,Spring,FALSE,Moderate
2018-04-19,KC1,10.67,34.85,29.34,16,2.6,236,2018,4,Thu,FALSE,Spring,FALSE,Moderate
2018-04-20,KC1,14.64,48.06,22.43,18.2,8.6,99,2018,4,Fri,FALSE,Spring,FALSE,Moderate
2018-04-21,KC1,8.88,39.76,37.37,13.1,3.6,25,2018,4,Sat,TRUE,Spring,FALSE,Good
2018-04-22,KC1,7.94,18.1,36.53,14.1,2.7,356,2018,4,Sun,TRUE,Spring,FALSE,Good
2018-04-23,KC1,6.64,10.48,37.26,13.2,10.2,46,2018,4,Mon,FALSE,Spring,FALSE,Good
2018-04-24,KC1,9.51,23.75,32.53,14.7,5.2,278,2018,4,Tue,FALSE,Spring,FALSE,Good
2018-04-25,KC1,12.34,42.88,37.42,18.8,6.1,253,2018,4,Wed,FALSE,Spring,FALSE,Moderate
2018-04-26,KC1,9.16,21.33,41.55,17.5,2.4,51,2018,4,Thu,FALSE,Spring,FALSE,Good
2018-04-27,KC1,9.46,11.64,45.76,13.1,3.9,246,2018,4,Fri,FALSE,Spring,FALSE,Good
2018-04-28,KC1,13.47,40.69,33.74,17.6,3,291,2018,4,Sat,TRUE,Spring,FALSE,Moderate
2018-04-29,KC1,7.67,18.18,41.45,13.9,7,186,2018,4,Sun,TRUE,Spring,FALSE,Good
2018-04-30,KC1,14.74,38.41,30.17,15.2,5.1,319,2018,4,Mon,FALSE,Spring,FALSE,Moderate
2018-05-01,KC1,9.9,18.2,30.03,18.7,3.1,352,2018,5,Tue,FALSE,Spring,FALSE,Good
2018-05-02,KC1,12.05,20.83,40.79,17.6,5.4,107,2018,5,Wed,FALSE,Spring,FALSE,Moderate
2018-05-03,KC1,12.48,29.63,39.22,13.6,4.4,314,2018,5,Thu,FALSE,Spring,FALSE,Moderate
2018-05-04,KC1,13.04,54.13,30.16,16.5,3.5,182,2018,5,Fri,FALSE,Spring,FALSE,Moderate
2018-05-05,KC1,8.41,17.57,45.12,14.5,3.3,230,2018,5,Sat,TRUE,Spring,FALSE,Good
2018-05-06,KC1,12.66,11.22,47.15,15.2,6.3,216,2018,5,Sun,TRUE,Spring,FALSE,Moderate
2018-05-07,KC1,7.5,43.31,50.57,14.4,3.1,312,2018,5,Mon,FALSE,Spring,FALSE,Good
2018-05-08,KC1,13.41,32.42,28.19,11,7.7,4,2018,5,Tue,FALSE,Spring,FALSE,Moderate
2018-05-09,KC1,8.01,10,44.42,14.7,4,91,2018,5,Wed,FALSE,Spring,FALSE,Good
2018-05-10,KC1,13.89,28.48,34.9,17.3,2.7,324,2018,5,Thu,FALSE,Spring,FALSE,Moderate
2018-05-11,KC1,10.97,25.14,39.06,16,3.5,305,2018,5,Fri,FALSE,Spring,FALSE,Moderate
2018-05-12,KC1,4.42,9.56,42.91,16.1,4.5,174,2018,5,Sat,TRUE,Spring,FALSE,Good
2018-05-13,KC1,12.94,30.99,33.53,14.8,7,154,2018,5,Sun,TRUE,Spring,FALSE,Moderate
2018-05-14,KC1,4.48,21.41,37.47,18.7,2.8,101,2018,5,Mon,FALSE,Spring,FALSE,Good
2018-05-15,KC1,9.65,15.53,33.19,15.4,2,322,2018,5,Tue,FALSE,Spring,FALSE,Good
2018-05-16,KC1,6.47,24.2,32.22,15.9,3.8,0,2018,5,Wed,FALSE,Spring,FALSE,Good
2018-05-17,KC1,7.61,21.15,42.78,17.7,5,92,2018,5,Thu,FALSE,Spring,FALSE,Good
2018-05-18,KC1,5.47,7.59,44.96,15.2,3.9,68,2018,5,Fri,FALSE,Spring,FALSE,Good
2018-05-19,KC1,10.37,27.74,39.99,18.7,2.8,154,2018,5,Sat,TRUE,Spring,FALSE,Moderate
2018-05-20,KC1,6.75,20.41,49.77,18.1,4.8,332,2018,5,Sun,TRUE,Spring,FALSE,Good
2018-05-21,KC1,14.88,51.15,22.74,16.6,1.5,95,2018,5,Mon,FALSE,Spring,FALSE,Moderate
2018-05-22,KC1,10.82,30.3,37.46,14.2,2.3,116,2018,5,Tue,FALSE,Spring,FALSE,Moderate
2018-05-23,KC1,6.75,22.4,46.9,19.5,6.8,17,2018,5,Wed,FALSE,Spring,FALSE,Good
2018-05-24,KC1,8.49,10.9,46.28,15.1,2.5,159,2018,5,Thu,FALSE,Spring,FALSE,Good
2018-05-25,KC1,5.78,14.67,38.7,16.7,3.2,211,2018,5,Fri,FALSE,Spring,FALSE,Good
2018-05-26,KC1,7.01,9.17,41.64,19.9,4.2,67,2018,5,Sat,TRUE,Spring,FALSE,Good
2018-05-27,KC1,12.06,39.58,31.64,16,4.5,273,2018,5,Sun,TRUE,Spring,FALSE,Moderate
2018-05-28,KC1,11.48,23.41,36.3,16.1,3.8,259,2018,5,Mon,FALSE,Spring,FALSE,Moderate
2018-05-29,KC1,6.17,16.81,47.88,13.9,2.5,90,2018,5,Tue,FALSE,Spring,FALSE,Good
2018-05-30,KC1,12.18,49.09,31.39,16.8,8.2,116,2018,5,Wed,FALSE,Spring,FALSE,Moderate
2018-05-31,KC1,7.47,31.64,30.33,18.6,3.5,106,2018,5,Thu,FALSE,Spring,FALSE,Good
2018-06-01,KC1,8.56,31.49,31.08,18.5,5.4,143,2018,6,Fri,FALSE,Summer,FALSE,Good
2018-06-02,KC1,7.81,35.71,30.98,14,5.8,1,2018,6,Sat,TRUE,Summer,FALSE,Good
2018-06-03,KC1,4.16,12.74,43.08,18.6,2.5,218,2018,6,Sun,TRUE,Summer,FALSE,Good
2018-06-04,KC1,6.43,12.29,41.66,17.6,6.1,325,2018,6,Mon,FALSE,Summer,FALSE,Good
2018-06-05,KC1,7.49,22.82,39.82,17.7,8.4,146,2018,6,Tue,FALSE,Summer,FALSE,Good
2018-06-06,KC1,10.2,16.95,39.82,16.8,2.2,139,2018,6,Wed,FALSE,Summer,FALSE,Moderate
2018-06-07,KC1,3.17,10.91,45.17,21.7,3.3,349,2018,6,Thu,FALSE,Summer,FALSE,Good
2018-06-08,KC1,11.31,37.72,33.21,16.3,2.3,174,2018,6,Fri,FALSE,Summer,FALSE,Moderate
2018-06-09,KC1,7.53,11.74,53.53,20.8,1,284,2018,6,Sat,TRUE,Summer,FALSE,Good
2018-06-10,KC1,4.7,23.09,44.71,20.1,4.8,170,2018,6,Sun,TRUE,Summer,FALSE,Good
2018-06-11,KC1,6.06,8.18,36.67,18.6,2.7,19,2018,6,Mon,FALSE,Summer,FALSE,Good
2018-06-12,KC1,4.81,10.93,35.28,14.6,7.6,161,2018,6,Tue,FALSE,Summer,FALSE,Good
2018-06-13,KC1,6.65,13.34,51.17,16.3,3.6,185,2018,6,Wed,FALSE,Summer,FALSE,Good
2018-06-14,KC1,9.17,33.36,30.31,19.5,8.3,60,2018,6,Thu,FALSE,Summer,FALSE,Good
2018-06-15,KC1,6.23,19.15,37.96,17.1,2.9,204,2018,6,Fri,FALSE,Summer,FALSE,Good
2018-06-16,KC1,7.21,5,40.94,23,1.4,189,2018,6,Sat,TRUE,Summer,FALSE,Good
2018-06-17,KC1,4.45,12.04,52.36,19,2.7,199,2018,6,Sun,TRUE,Summer,FALSE,Good
2018-06-18,KC1,6.17,27.52,35.29,19.4,3.7,83,2018,6,Mon,FALSE,Summer,FALSE,Good
2018-06-19,KC1,6.78,31.36,36.16,18.4,3.2,327,2018,6,Tue,FALSE,Summer,FALSE,Good
2018-06-20,KC1,6.32,12.19,46.24,16.8,3.6,39,2018,6,Wed,FALSE,Summer,FALSE,Good
2018-06-21,KC1,9.83,37.33,32.47,18.9,2,163,2018,6,Thu,FALSE,Summer,FALSE,Good
2018-06-22,KC1,1,5,42.33,19.7,2.5,277,2018,6,Fri,FALSE,Summer,FALSE,Good
2018-06-23,KC1,6.1,23.74,33.27,19.8,2.7,339,2018,6,Sat,TRUE,Summer,FALSE,Good
2018-06-24,KC1,6.9,13.63,44.28,21.1,3.2,263,2018,6,Sun,TRUE,Summer,FALSE,Good
2018-06-25,KC1,6.07,19.96,43.12,18.9,1.5,107,2018,6,Mon,FALSE,Summer,FALSE,Good
2018-06-26,KC1,6.87,14.23,35.24,17.4,6.3,248,2018,6,Tue,FALSE,Summer,FALSE,Good
2018-06-27,KC1,5.35,14.39,43.51,18.2,4.7,100,2018,6,Wed,FALSE,Summer,FALSE,Good
2018-06-28,KC1,12,23.25,42.2,19.5,4,123,2018,6,Thu,FALSE,Summer,FALSE,Moderate
2018-06-29,KC1,2.04,23.79,49.78,16.6,3.1,192,2018,6,Fri,FALSE,Summer,FALSE,Good
2018-06-30,KC1,1,5,40.86,16.6,8,46,2018,6,Sat,TRUE,Summer,FALSE,Good
2018-07-01,KC1,6.56,20.09,44.78,18.2,3,293,2018,7,Sun,TRUE,Summer,FALSE,Good
2018-07-02,KC1,2.66,8.65,44.24,19,3.6,110,2018,7,Mon,FALSE,Summer,FALSE,Good
2018-07-03,KC1,5.92,6.16,36.66,18.4,3.8,88,2018,7,Tue,FALSE,Summer,FALSE,Good
2018-07-04,KC1,5.97,6.1,44.94,19,5.1,314,2018,7,Wed,FALSE,Summer,FALSE,Good
2018-07-05,KC1,4.98,18.64,44.16,17.8,4.6,185,2018,7,Thu,FALSE,Summer,FALSE,Good
2018-07-06,KC1,2.86,12.38,46.43,20.4,7.3,267,2018,7,Fri,FALSE,Summer,FALSE,Good
2018-07-07,KC1,9.07,20.37,33.63,18.7,2.7,222,2018,7,Sat,TRUE,Summer,FALSE,Good
2018-07-08,KC1,7.99,13.06,37.89,17.3,4.3,294,2018,7,Sun,TRUE,Summer,FALSE,Good
2018-07-09,KC1,10.5,18.98,42.44,19.7,5.9,25,2018,7,Mon,FALSE,Summer,FALSE,Moderate
2018-07-10,KC1,7.77,38.8,33.93,16.9,2.5,274,2018,7,Tue,FALSE,Summer,FALSE,Good
2018-07-11,KC1,3.45,5,43.99,17.2,3.2,157,2018,7,Wed,FALSE,Summer,FALSE,Good
2018-07-12,KC1,8.83,38.8,34.12,17.5,2.7,285,2018,7,Thu,FALSE,Summer,FALSE,Good
2018-07-13,KC1,4.24,5,46.34,18.9,14.6,27,2018,7,Fri,FALSE,Summer,FALSE,Good
2018-07-14,KC1,9.97,21.37,47.71,16.7,4.7,61,2018,7,Sat,TRUE,Summer,FALSE,Good
2018-07-15,KC1,5.7,15.44,30.76,18.5,2.3,142,2018,7,Sun,TRUE,Summer,FALSE,Good
2018-07-16,KC1,7.2,18.17,48.4,18.3,3.7,52,2018,7,Mon,FALSE,Summer,FALSE,Good
2018-07-17,KC1,6.63,24.13,24.55,13.9,5.5,255,2018,7,Tue,FALSE,Summer,FALSE,Good
2018-07-18,KC1,3.92,10.43,36.91,14.2,2,277,2018,7,Wed,FALSE,Summer,FALSE,Good
2018-07-19,KC1,5.69,33.62,41.82,19.3,5.3,7,2018,7,Thu,FALSE,Summer,FALSE,Good
2018-07-20,KC1,1.95,5,41.8,21.2,9.2,163,2018,7,Fri,FALSE,Summer,FALSE,Good
2018-07-21,KC1,1,5,33.11,16.1,2.4,301,2018,7,Sat,TRUE,Summer,FALSE,Good
2018-07-22,KC1,6.54,21.28,35.72,17.5,2.4,321,2018,7,Sun,TRUE,Summer,FALSE,Good
2018-07-23,KC1,6.55,10.95,50.3,16.2,2.9,117,2018,7,Mon,FALSE,Summer,FALSE,Good
2018-07-24,KC1,13.24,31.41,38.98,15.6,1.5,331,2018,7,Tue,FALSE,Summer,FALSE,Moderate
2018-07-25,KC1,8.84,32.93,34.95,18.5,2.8,312,2018,7,Wed,FALSE,Summer,FALSE,Good
2018-07-26,KC1,9.3,25.09,42.11,19.1,4.4,272,2018,7,Thu,FALSE,Summer,FALSE,Good
2018-07-27,KC1,9.73,6.91,37.3,16.7,4.9,237,2018,7,Fri,FALSE,Summer,FALSE,Good
2018-07-28,KC1,5.02,27.36,30.22,18.6,2.2,67,2018,7,Sat,TRUE,Summer,FALSE,Good
2018-07-29,KC1,7.27,11.11,36.13,17.4,3.4,203,2018,7,Sun,TRUE,Summer,FALSE,Good
2018-07-30,KC1,6.38,15.76,44.14,14.5,2.6,174,2018,7,Mon,FALSE,Summer,FALSE,Good
2018-07-31,KC1,4.47,18.22,44.67,13.7,4,235,2018,7,Tue,FALSE,Summer,FALSE,Good
2018-08-01,KC1,4.14,5.82,39.84,17,6.7,181,2018,8,Wed,FALSE,Summer,FALSE,Good
2018-08-02,KC1,13.1,38.49,42.02,13,8.1,312,2018,8,Thu,FALSE,Summer,FALSE,Moderate
2018-08-03,KC1,5.79,11.34,59.92,16.1,5.4,344,2018,8,Fri,FALSE,Summer,FALSE,Good
2018-08-04,KC1,7.47,10.54,42.91,12.6,8,48,2018,8,Sat,TRUE,Summer,FALSE,Good
2018-08-05,KC1,6.01,13.16,51.59,14.9,5,328,2018,8,Sun,TRUE,Summer,FALSE,Good
2018-08-06,KC1,8.23,17.69,26.32,17.6,2.6,303,2018,8,Mon,FALSE,Summer,FALSE,Good
2018-08-07,KC1,3.24,7.24,43.82,13.8,5.4,282,2018,8,Tue,FALSE,Summer,FALSE,Good
2018-08-08,KC1,7.09,11.09,32.37,17.2,4.4,30,2018,8,Wed,FALSE,Summer,FALSE,Good
2018-08-09,KC1,7.89,20.24,38.72,16.3,1.4,67,2018,8,Thu,FALSE,Summer,FALSE,Good
2018-08-10,KC1,10.05,15.79,38.39,16.7,1,10,2018,8,Fri,FALSE,Summer,FALSE,Moderate
2018-08-11,KC1,2.04,5,43.55,9.9,5,17,2018,8,Sat,TRUE,Summer,FALSE,Good
2018-08-12,KC1,4.97,23.02,39.27,15.9,9.7,131,2018,8,Sun,TRUE,Summer,FALSE,Good
2018-08-13,KC1,2.73,5,37.45,15.1,3.8,120,2018,8,Mon,FALSE,Summer,FALSE,Good
2018-08-14,KC1,7.75,28.34,26.24,11.6,5.3,309,2018,8,Tue,FALSE,Summer,FALSE,Good
2018-08-15,KC1,9.95,29.4,38.9,18.2,1.2,3,2018,8,Wed,FALSE,Summer,FALSE,Good
2018-08-16,KC1,11.74,33,39.78,17.5,5.6,335,2018,8,Thu,FALSE,Summer,FALSE,Moderate
2018-08-17,KC1,6.72,15.48,38.06,15.9,9.7,235,2018,8,Fri,FALSE,Summer,FALSE,Good
2018-08-18,KC1,9.33,32.26,36.24,14,4.3,145,2018,8,Sat,TRUE,Summer,FALSE,Good
2018-08-19,KC1,5.55,9.66,44.86,13.8,5.7,55,2018,8,Sun,TRUE,Summer,FALSE,Good
2018-08-20,KC1,10.9,23.01,33.5,15.3,5.8,26,2018,8,Mon,FALSE,Summer,FALSE,Moderate
2018-08-21,KC1,8.5,15.94,40.49,13.1,2.8,73,2018,8,Tue,FALSE,Summer,FALSE,Good
2018-08-22,KC1,9.56,18.47,37.43,12.1,4.3,75,2018,8,Wed,FALSE,Summer,FALSE,Good
2018-08-23,KC1,12.77,60.5,29.01,9,2.5,280,2018,8,Thu,FALSE,Summer,FALSE,Moderate
2018-08-24,KC1,3.11,5.26,43.04,11.8,3.2,50,2018,8,Fri,FALSE,Summer,FALSE,Good
2018-08-25,KC1,7.82,27.02,29.49,12.9,9.2,64,2018,8,Sat,TRUE,Summer,FALSE,Good
2018-08-26,KC1,13.07,27.97,29.9,12,9.6,74,2018,8,Sun,TRUE,Summer,FALSE,Moderate
2018-08-27,KC1,9.92,28.08,35.62,16.3,3.1,268,2018,8,Mon,FALSE,Summer,FALSE,Good
2018-08-28,KC1,12.12,25.82,36.31,14.5,4.7,105,2018,8,Tue,FALSE,Summer,FALSE,Moderate
2018-08-29,KC1,10.11,24.02,38.74,13.1,3.6,165,2018,8,Wed,FALSE,Summer,FALSE,Moderate
2018-08-30,KC1,4.34,7.11,38.98,14.5,2.7,319,2018,8,Thu,FALSE,Summer,FALSE,Good
2018-08-31,KC1,7.82,40.77,23.9,14.2,3.4,212,2018,8,Fri,FALSE,Summer,FALSE,Good
2018-09-01,KC1,7.91,22.16,46.96,10.9,4.5,122,2018,9,Sat,TRUE,Autumn,FALSE,Good
2018-09-02,KC1,6.45,20.62,39.37,16.2,7.9,131,2018,9,Sun,TRUE,Autumn,FALSE,Good
2018-09-03,KC1,6.14,5,51.74,12.9,5.2,315,2018,9,Mon,FALSE,Autumn,FALSE,Good
2018-09-04,KC1,7.95,12.95,52.19,11.9,2.6,289,2018,9,Tue,FALSE,Autumn,FALSE,Good
2018-09-05,KC1,7.4,34.52,39.59,11.1,9.4,49,2018,9,Wed,FALSE,Autumn,FALSE,Good
2018-09-06,KC1,14.06,42.77,27.64,8.9,5.1,283,2018,9,Thu,FALSE,Autumn,FALSE,Moderate
2018-09-07,KC1,7.34,28.28,34.52,9.4,5.2,80,2018,9,Fri,FALSE,Autumn,FALSE,Good
2018-09-08,KC1,11.12,34.29,38.26,8.4,2.8,254,2018,9,Sat,TRUE,Autumn,FALSE,Moderate
2018-09-09,KC1,5.17,26.11,41.39,12.1,4.8,10,2018,9,Sun,TRUE,Autumn,FALSE,Good
2018-09-10,KC1,8.48,28.4,31.28,7.8,2.1,16,2018,9,Mon,FALSE,Autumn,FALSE,Good
2018-09-11,KC1,10.18,35.39,40.53,11.8,9.5,271,2018,9,Tue,FALSE,Autumn,FALSE,Moderate
2018-09-12,KC1,6.5,23.83,31.82,12.4,3.6,22,2018,9,Wed,FALSE,Autumn,FALSE,Good
2018-09-13,KC1,8.39,29.67,28.84,12.8,4.3,23,2018,9,Thu,FALSE,Autumn,FALSE,Good
2018-09-14,KC1,14.75,53.13,22.54,7.3,3.6,297,2018,9,Fri,FALSE,Autumn,FALSE,Moderate
2018-09-15,KC1,9.88,14.37,38.48,10.6,5.3,58,2018,9,Sat,TRUE,Autumn,FALSE,Good
2018-09-16,KC1,8.46,20.59,44.6,7.1,3,36,2018,9,Sun,TRUE,Autumn,FALSE,Good
2018-09-17,KC1,13.42,30.85,36.83,9.5,4.1,127,2018,9,Mon,FALSE,Autumn,FALSE,Moderate
2018-09-18,KC1,8.1,38.92,29.01,12.8,4.1,276,2018,9,Tue,FALSE,Autumn,FALSE,Good
2018-09-19,KC1,7.35,9.29,43.58,12.5,4.2,301,2018,9,Wed,FALSE,Autumn,FALSE,Good
2018-09-20,KC1,11.72,17.91,42.48,8,10.4,150,2018,9,Thu,FALSE,Autumn,FALSE,Moderate
2018-09-21,KC1,12.34,22.7,39.7,7.5,8.9,47,2018,9,Fri,FALSE,Autumn,FALSE,Moderate
2018-09-22,KC1,9.19,13.11,44.77,10.9,3.2,146,2018,9,Sat,TRUE,Autumn,FALSE,Good
2018-09-23,KC1,13.22,50.13,38.37,7.6,2.7,118,2018,9,Sun,TRUE,Autumn,FALSE,Moderate
2018-09-24,KC1,7.71,20.1,43.96,4.4,3.9,352,2018,9,Mon,FALSE,Autumn,FALSE,Good
2018-09-25,KC1,12.64,35.29,27.51,6.6,3.9,127,2018,9,Tue,FALSE,Autumn,FALSE,Moderate
2018-09-26,KC1,9.2,27.73,43.84,9,3.1,285,2018,9,Wed,FALSE,Autumn,FALSE,Good
2018-09-27,KC1,7.99,28.18,40.96,3.9,4,290,2018,9,Thu,FALSE,Autumn,FALSE,Good
2018-09-28,KC1,14.61,35.6,39.91,8.8,3.3,239,2018,9,Fri,FALSE,Autumn,FALSE,Moderate
2018-09-29,KC1,11.11,32.56,32.1,9.6,2.8,122,2018,9,Sat,TRUE,Autumn,FALSE,Moderate
2018-09-30,KC1,4.79,12.34,38.52,4.9,2.2,250,2018,9,Sun,TRUE,Autumn,FALSE,Good
2018-10-01,KC1,11.34,24.18,43.09,8.3,2.4,322,2018,10,Mon,FALSE,Autumn,FALSE,Moderate
2018-10-02,KC1,14.26,33.59,39.99,11.1,3.1,105,2018,10,Tue,FALSE,Autumn,FALSE,Moderate
2018-10-03,KC1,5.69,5,52.55,11.4,2.5,163,2018,10,Wed,FALSE,Autumn,FALSE,Good
2018-10-04,KC1,13.01,48.84,36.67,9.3,4.5,43,2018,10,Thu,FALSE,Autumn,FALSE,Moderate
2018-10-05,KC1,7.74,25.91,28.36,5.5,4.9,280,2018,10,Fri,FALSE,Autumn,FALSE,Good
2018-10-06,KC1,4.89,5,43.31,11.5,3.8,135,2018,10,Sat,TRUE,Autumn,FALSE,Good
2018-10-07,KC1,10.05,35,30.86,9.6,1.4,274,2018,10,Sun,TRUE,Autumn,FALSE,Moderate
2018-10-08,KC1,13.28,25.4,37.75,7.2,5.7,121,2018,10,Mon,FALSE,Autumn,FALSE,Moderate
2018-10-09,KC1,13.36,33.53,42.77,7.8,1.8,120,2018,10,Tue,FALSE,Autumn,FALSE,Moderate
2018-10-10,KC1,13.25,27.71,42.74,7.6,6.7,108,2018,10,Wed,FALSE,Autumn,FALSE,Moderate
2018-10-11,KC1,10.85,21.71,48.96,7.6,4.6,224,2018,10,Thu,FALSE,Autumn,FALSE,Moderate
2018-10-12,KC1,7,20.27,38.38,4.8,6.4,347,2018,10,Fri,FALSE,Autumn,FALSE,Good
2018-10-13,KC1,4.16,5,40.81,6.4,4.5,301,2018,10,Sat,TRUE,Autumn,FALSE,Good
2018-10-14,KC1,13.48,45.63,26.75,4.3,7.5,12,2018,10,Sun,TRUE,Autumn,FALSE,Moderate
2018-10-15,KC1,11.78,19.78,30.87,7,2.6,136,2018,10,Mon,FALSE,Autumn,FALSE,Moderate
2018-10-16,KC1,9.82,21.81,31.19,7,2.5,284,2018,10,Tue,FALSE,Autumn,FALSE,Good
2018-10-17,KC1,12.53,35.32,25.83,5.5,9.1,327,2018,10,Wed,FALSE,Autumn,FALSE,Moderate
2018-10-18,KC1,8.02,10.42,39.1,9.9,9.6,144,2018,10,Thu,FALSE,Autumn,FALSE,Good
2018-10-19,KC1,8.19,18.2,38.21,8,2.7,323,2018,10,Fri,FALSE,Autumn,FALSE,Good
2018-10-20,KC1,12.08,36.29,48.5,6.8,3.8,196,2018,10,Sat,TRUE,Autumn,FALSE,Moderate
2018-10-21,KC1,9.79,24.78,40.58,6.2,6.8,273,2018,10,Sun,TRUE,Autumn,FALSE,Good
2018-10-22,KC1,15.85,43.62,36.01,3.7,3.3,199,2018,10,Mon,FALSE,Autumn,FALSE,Moderate
2018-10-23,KC1,14.04,42.92,30.89,6.4,6.9,60,2018,10,Tue,FALSE,Autumn,FALSE,Moderate
2018-10-24,KC1,9.64,31.03,37,4.1,4.2,289,2018,10,Wed,FALSE,Autumn,FALSE,Good
2018-10-25,KC1,11.84,21.96,27.36,4.3,2.7,290,2018,10,Thu,FALSE,Autumn,FALSE,Moderate
2018-10-26,KC1,6.26,9.68,33.9,1.2,9.4,244,2018,10,Fri,FALSE,Autumn,FALSE,Good
2018-10-27,KC1,11.93,32.89,32.21,5.8,8.5,54,2018,10,Sat,TRUE,Autumn,FALSE,Moderate
2018-10-28,KC1,10.65,30.76,38.18,5.4,5.3,305,2018,10,Sun,TRUE,Autumn,FALSE,Moderate
2018-10-29,KC1,16.44,64.63,26.47,5.4,5.6,275,2018,10,Mon,FALSE,Autumn,FALSE,Moderate
2018-10-30,KC1,11.34,23.88,36.92,4.7,5.7,149,2018,10,Tue,FALSE,Autumn,FALSE,Moderate
2018-10-31,KC1,9.03,38.27,28.09,5.8,7.6,187,2018,10,Wed,FALSE,Autumn,FALSE,Good
2018-11-01,KC1,12.36,42.82,36.17,2.7,5.2,257,2018,11,Thu,FALSE,Autumn,FALSE,Moderate
2018-11-02,KC1,13.91,40.88,34.21,2.3,7.8,119,2018,11,Fri,FALSE,Autumn,FALSE,Moderate
2018-11-03,KC1,10.28,43.97,37.4,2.9,7.4,107,2018,11,Sat,TRUE,Autumn,FALSE,Moderate
2018-11-04,KC1,11.49,6.93,42.53,5.1,3.7,146,2018,11,Sun,TRUE,Autumn,FALSE,Moderate
2018-11-05,KC1,11.96,50.18,36.35,5.1,2.2,56,2018,11,Mon,FALSE,Autumn,FALSE,Moderate
2018-11-06,KC1,9.99,23.58,43.42,7.1,4.5,83,2018,11,Tue,FALSE,Autumn,FALSE,Good
2018-11-07,KC1,11.54,33.52,35.24,3.4,6,305,2018,11,Wed,FALSE,Autumn,FALSE,Moderate
2018-11-08,KC1,15.52,53.49,26.26,7,3.1,98,2018,11,Thu,FALSE,Autumn,FALSE,Moderate
2018-11-09,KC1,11.68,36.9,26.56,5.5,3.5,21,2018,11,Fri,FALSE,Autumn,FALSE,Moderate
2018-11-10,KC1,15.16,46.12,33.58,-0.1,3.6,212,2018,11,Sat,TRUE,Autumn,FALSE,Moderate
2018-11-11,KC1,12.85,55.56,29.04,0,1.8,88,2018,11,Sun,TRUE,Autumn,FALSE,Moderate
2018-11-12,KC1,13.69,35.6,29.03,4.4,3.4,31,2018,11,Mon,FALSE,Autumn,FALSE,Moderate
2018-11-13,KC1,6.69,19.9,35.25,-1.6,5.1,280,2018,11,Tue,FALSE,Autumn,FALSE,Good
2018-11-14,KC1,22.48,73.06,29.46,-0,3.6,105,2018,11,Wed,FALSE,Autumn,FALSE,Unhealthy (sensitive)
2018-11-15,KC1,10.83,31.81,33.93,-0.3,2.4,249,2018,11,Thu,FALSE,Autumn,FALSE,Moderate
2018-11-16,KC1,14.85,31.14,23.81,2.3,5.2,196,2018,11,Fri,FALSE,Autumn,FALSE,Moderate
2018-11-17,KC1,16.79,50.98,34.27,2.5,3.4,315,2018,11,Sat,TRUE,Autumn,FALSE,Moderate
2018-11-18,KC1,13.25,36.73,28.87,2.8,16.1,269,2018,11,Sun,TRUE,Autumn,FALSE,Moderate
2018-11-19,KC1,12.71,45.03,29.81,0.3,7.4,351,2018,11,Mon,FALSE,Autumn,FALSE,Moderate
2018-11-20,KC1,11.13,39.21,48.64,0.5,6.5,99,2018,11,Tue,FALSE,Autumn,FALSE,Moderate
2018-11-21,KC1,12.15,22.98,38.1,-0.4,10.3,359,2018,11,Wed,FALSE,Autumn,FALSE,Moderate
2018-11-22,KC1,14.99,49.19,32.36,4.8,7.1,292,2018,11,Thu,FALSE,Autumn,FALSE,Moderate
2018-11-23,KC1,13.63,47.08,31.88,4.5,3.1,186,2018,11,Fri,FALSE,Autumn,FALSE,Moderate
2018-11-24,KC1,15.78,35.99,29.13,-1.4,8,133,2018,11,Sat,TRUE,Autumn,FALSE,Moderate
2018-11-25,KC1,13.08,36.38,33.13,2.6,5.7,260,2018,11,Sun,TRUE,Autumn,FALSE,Moderate
2018-11-26,KC1,14.57,28.76,40.69,1.7,9,158,2018,11,Mon,FALSE,Autumn,FALSE,Moderate
2018-11-27,KC1,16.69,56.92,32.2,4.9,2.9,64,2018,11,Tue,FALSE,Autumn,FALSE,Moderate
2018-11-28,KC1,17.94,50.71,40.35,4.7,3.1,232,2018,11,Wed,FALSE,Autumn,FALSE,Moderate
2018-11-29,KC1,15.22,36.18,38.95,1.6,4.8,127,2018,11,Thu,FALSE,Autumn,FALSE,Moderate
2018-11-30,KC1,15.44,31.23,30.82,2.8,10.5,77,2018,11,Fri,FALSE,Autumn,FALSE,Moderate
2018-12-01,KC1,15.58,30.35,19.51,3.6,1.8,83,2018,12,Sat,TRUE,Winter,FALSE,Moderate
2018-12-02,KC1,17.14,38.15,41.11,2.3,3.2,125,2018,12,Sun,TRUE,Winter,FALSE,Moderate
2018-12-03,KC1,19.55,65.39,20.7,2.4,7.2,193,2018,12,Mon,FALSE,Winter,FALSE,Moderate
2018-12-04,KC1,10.36,27.7,40.97,0.9,5.8,359,2018,12,Tue,FALSE,Winter,FALSE,Moderate
2018-12-05,KC1,16.64,46.82,31.69,-0.5,6.6,287,2018,12,Wed,FALSE,Winter,FALSE,Moderate
2018-12-06,KC1,14.77,28.47,37.74,3.3,5.2,259,2018,12,Thu,FALSE,Winter,FALSE,Moderate
2018-12-07,KC1,14.26,38.73,36.49,3.1,2.5,233,2018,12,Fri,FALSE,Winter,FALSE,Moderate
2018-12-08,KC1,17.91,52.94,39.71,3.6,7.6,150,2018,12,Sat,TRUE,Winter,FALSE,Moderate
2018-12-09,KC1,14.81,35.89,30.9,-0.5,1.4,173,2018,12,Sun,TRUE,Winter,FALSE,Moderate
2018-12-10,KC1,13.83,46.36,26.68,1,3.9,216,2018,12,Mon,FALSE,Winter,FALSE,Moderate
2018-12-11,KC1,18.8,58.95,25.47,4.8,5.6,118,2018,12,Tue,FALSE,Winter,FALSE,Moderate
2018-12-12,KC1,17.59,36.45,34.7,0.5,5.4,338,2018,12,Wed,FALSE,Winter,FALSE,Moderate
2018-12-13,KC1,19.62,47.63,38.37,1.5,4.7,285,2018,12,Thu,FALSE,Winter,FALSE,Moderate
2018-12-14,KC1,19.48,68.61,28.56,2.8,3.1,313,2018,12,Fri,FALSE,Winter,FALSE,Moderate
2018-12-15,KC1,13.66,37.61,41.12,0.1,4.5,227,2018,12,Sat,TRUE,Winter,FALSE,Moderate
2018-12-16,KC1,15.77,48.3,28.6,3.8,3.9,4,2018,12,Sun,TRUE,Winter,FALSE,Moderate
2018-12-17,KC1,15.96,42.54,34.12,-2.6,4.7,160,2018,12,Mon,FALSE,Winter,FALSE,Moderate
2018-12-18,KC1,13.55,37.6,43.97,1.4,3.7,135,2018,12,Tue,FALSE,Winter,FALSE,Moderate
2018-12-19,KC1,19,56.63,26.36,1.4,3.8,276,2018,12,Wed,FALSE,Winter,FALSE,Moderate
2018-12-20,KC1,11.93,47.31,34.22,2,10.8,193,2018,12,Thu,FALSE,Winter,FALSE,Moderate
2018-12-21,KC1,18.62,60.1,28.69,5.5,4.9,359,2018,12,Fri,FALSE,Winter,FALSE,Moderate
2018-12-22,KC1,10.81,34.54,21.46,-0.1,3.3,165,2018,12,Sat,TRUE,Winter,FALSE,Moderate
2018-12-23,KC1,12.15,21.31,34.21,2.6,5,304,2018,12,Sun,TRUE,Winter,FALSE,Moderate
2018-12-24,KC1,12.01,29.99,34.5,5.5,5.2,306,2018,12,Mon,FALSE,Winter,FALSE,Moderate
2018-12-25,KC1,17.41,55.37,30.2,-0.1,3.3,177,2018,12,Tue,FALSE,Winter,FALSE,Moderate
2018-12-26,KC1,11.46,26.77,28.72,-0.9,6.2,76,2018,12,Wed,FALSE,Winter,FALSE,Moderate
2018-12-27,KC1,19.59,68.74,21.42,-1.9,4.3,264,2018,12,Thu,FALSE,Winter,FALSE,Moderate
2018-12-28,KC1,14.79,45.57,30.36,2.3,3,82,2018,12,Fri,FALSE,Winter,FALSE,Moderate
2018-12-29,KC1,9.81,29.07,42.16,8.1,2.8,158,2018,12,Sat,TRUE,Winter,FALSE,Good
2018-12-30,KC1,17.29,46.21,32.61,4.6,8.2,329,2018,12,Sun,TRUE,Winter,FALSE,Moderate
2018-12-31,KC1,12.9,35.83,44.01,3.3,3,301,2018,12,Mon,FALSE,Winter,FALSE,Moderate
2019-01-01,KC1,18.83,65.42,11.86,-0.7,3.2,143,2019,1,Tue,FALSE,Winter,FALSE,Moderate
2019-01-02,KC1,18.56,47.47,30.25,3.1,4.1,255,2019,1,Wed,FALSE,Winter,FALSE,Moderate
2019-01-03,KC1,15.37,39.74,24.52,3.2,2.7,91,2019,1,Thu,FALSE,Winter,FALSE,Moderate
2019-01-04,KC1,15.94,23.36,39.13,0.5,5.7,138,2019,1,Fri,FALSE,Winter,FALSE,Moderate
2019-01-05,KC1,16.75,39.66,20.77,2.2,4.2,146,2019,1,Sat,TRUE,Winter,FALSE,Moderate
2019-01-06,KC1,14.51,35.99,45.88,0.3,7,65,2019,1,Sun,TRUE,Winter,FALSE,Moderate
2019-01-07,KC1,18.22,51.01,36.4,1.4,3,296,2019,1,Mon,FALSE,Winter,FALSE,Moderate
2019-01-08,KC1,17.54,58.89,31.38,5,3.4,333,2019,1,Tue,FALSE,Winter,FALSE,Moderate
2019-01-09,KC1,21.29,61.34,35.02,1.1,6.4,271,2019,1,Wed,FALSE,Winter,FALSE,Unhealthy (sensitive)
2019-01-10,KC1,11.12,30.08,24.46,2.3,9.4,167,2019,1,Thu,FALSE,Winter,FALSE,Moderate
2019-01-11,KC1,17.92,47.63,29.39,3.3,1.6,209,2019,1,Fri,FALSE,Winter,FALSE,Moderate
2019-01-12,KC1,13.81,37.01,30.96,-0.6,3.4,203,2019,1,Sat,TRUE,Winter,FALSE,Moderate
2019-01-13,KC1,14.86,42.78,28.76,0.8,3.2,275,2019,1,Sun,TRUE,Winter,FALSE,Moderate
2019-01-14,KC1,16.74,37.88,29.49,2.6,6.5,158,2019,1,Mon,FALSE,Winter,FALSE,Moderate
2019-01-15,KC1,18.51,46.93,26.16,5.1,3.3,92,2019,1,Tue,FALSE,Winter,FALSE,Moderate
2019-01-16,KC1,22.02,68,24.34,2.9,8.7,319,2019,1,Wed,FALSE,Winter,FALSE,Unhealthy (sensitive)
2019-01-17,KC1,15.66,47.48,30.65,1.6,2,321,2019,1,Thu,FALSE,Winter,FALSE,Moderate
2019-01-18,KC1,13.59,47.93,29.8,0.8,1.7,65,2019,1,Fri,FALSE,Winter,FALSE,Moderate
2019-01-19,KC1,12.26,20.51,38.68,5.2,4.7,261,2019,1,Sat,TRUE,Winter,FALSE,Moderate
2019-01-20,KC1,19.03,57.33,21.99,0.7,3.3,202,2019,1,Sun,TRUE,Winter,FALSE,Moderate
2019-01-21,KC1,14.65,39.3,38.03,2.8,4.6,90,2019,1,Mon,FALSE,Winter,FALSE,Moderate
2019-01-22,KC1,14.38,42.44,29.98,1.6,3.9,129,2019,1,Tue,FALSE,Winter,FALSE,Moderate
2019-01-23,KC1,21.68,61.17,17.75,2.5,4.9,342,2019,1,Wed,FALSE,Winter,FALSE,Unhealthy (sensitive)
2019-01-24,KC1,17.18,53.88,25.02,6.5,5,339,2019,1,Thu,FALSE,Winter,FALSE,Moderate
2019-01-25,KC1,18.81,65.56,16.87,0.8,4.8,287,2019,1,Fri,FALSE,Winter,FALSE,Moderate
2019-01-26,KC1,7.63,35.14,33.04,1.9,2.8,41,2019,1,Sat,TRUE,Winter,FALSE,Good
2019-01-27,KC1,16.14,47.78,33.31,3.1,1.9,98,2019,1,Sun,TRUE,Winter,FALSE,Moderate
2019-01-28,KC1,18.91,64.39,35.13,4.3,3.6,277,2019,1,Mon,FALSE,Winter,FALSE,Moderate
2019-01-29,KC1,19.4,53.07,27.24,3.3,2.6,353,2019,1,Tue,FALSE,Winter,FALSE,Moderate
2019-01-30,KC1,9.71,25.6,39.42,5.6,10.4,53,2019,1,Wed,FALSE,Winter,FALSE,Good
2019-01-31,KC1,13.37,37.83,38.79,1.5,2.6,156,2019,1,Thu,FALSE,Winter,FALSE,Moderate
2019-02-01,KC1,16.01,42.41,27.24,5.3,3.1,95,2019,2,Fri,FALSE,Winter,FALSE,Moderate
2019-02-02,KC1,14.64,36.18,37.68,7.9,6.8,221,2019,2,Sat,TRUE,Winter,FALSE,Moderate
2019-02-03,KC1,17.58,48.16,31.84,6.1,8.2,20,2019,2,Sun,TRUE,Winter,FALSE,Moderate
2019-02-04,KC1,17.08,46.18,31.56,8.5,3.8,359,2019,2,Mon,FALSE,Winter,FALSE,Moderate
2019-02-05,KC1,17.98,40.81,27.38,4.5,3.5,272,2019,2,Tue,FALSE,Winter,FALSE,Moderate
2019-02-06,KC1,15.72,40.48,43.13,3.5,3,118,2019,2,Wed,FALSE,Winter,FALSE,Moderate
2019-02-07,KC1,14.01,28.09,43.4,5.1,5.3,168,2019,2,Thu,FALSE,Winter,FALSE,Moderate
2019-02-08,KC1,9.71,31.02,40.62,6.6,1.8,43,2019,2,Fri,FALSE,Winter,FALSE,Good
2019-02-09,KC1,15.93,48.87,20.29,5.9,1.8,100,2019,2,Sat,TRUE,Winter,FALSE,Moderate
2019-02-10,KC1,12.56,27.99,34.64,3.4,7.5,0,2019,2,Sun,TRUE,Winter,FALSE,Moderate
2019-02-11,KC1,18,58.4,32.52,10.8,7.4,330,2019,2,Mon,FALSE,Winter,FALSE,Moderate
2019-02-12,KC1,17.19,57.15,32,1.5,3.8,170,2019,2,Tue,FALSE,Winter,FALSE,Moderate
2019-02-13,KC1,16.38,49.96,27.95,4.1,7.1,177,2019,2,Wed,FALSE,Winter,FALSE,Moderate
2019-02-14,KC1,14.71,50.16,34.99,5.9,3.5,109,2019,2,Thu,FALSE,Winter,FALSE,Moderate
2019-02-15,KC1,11.32,35.94,18.33,5.7,3.4,159,2019,2,Fri,FALSE,Winter,FALSE,Moderate
2019-02-16,KC1,17.71,69.18,16.88,6,4.4,130,2019,2,Sat,TRUE,Winter,FALSE,Moderate
2019-02-17,KC1,13.09,45.05,37.63,6.1,3.6,118,2019,2,Sun,TRUE,Winter,FALSE,Moderate
2019-02-18,KC1,16.98,64.05,19.6,4.8,2.4,151,2019,2,Mon,FALSE,Winter,FALSE,Moderate
2019-02-19,KC1,10.71,38.6,31.97,5.5,10.8,94,2019,2,Tue,FALSE,Winter,FALSE,Moderate
2019-02-20,KC1,14.37,51.08,28.43,7.1,3.5,194,2019,2,Wed,FALSE,Winter,FALSE,Moderate
2019-02-21,KC1,10.23,38.4,23.15,6.5,3.2,187,2019,2,Thu,FALSE,Winter,FALSE,Moderate
2019-02-22,KC1,14.37,39.8,33.5,5.2,2,262,2019,2,Fri,FALSE,Winter,FALSE,Moderate
2019-02-23,KC1,18.74,46.52,33.89,2.9,2,191,2019,2,Sat,TRUE,Winter,FALSE,Moderate
2019-02-24,KC1,16.33,42.45,34.51,10.4,2.6,120,2019,2,Sun,TRUE,Winter,FALSE,Moderate
2019-02-25,KC1,14.4,31.29,31.02,6.4,5.4,294,2019,2,Mon,FALSE,Winter,FALSE,Moderate
2019-02-26,KC1,14.12,38.82,33.92,5.5,3.9,179,2019,2,Tue,FALSE,Winter,FALSE,Moderate
2019-02-27,KC1,21.16,64.72,29.86,8,3.2,197,2019,2,Wed,FALSE,Winter,FALSE,Unhealthy (sensitive)
2019-02-28,KC1,14.67,28.15,43.06,5.9,5.6,200,2019,2,Thu,FALSE,Winter,FALSE,Moderate
2019-03-01,KC1,22.5,54.91,25.99,4,9.4,305,2019,3,Fri,FALSE,Spring,FALSE,Unhealthy (sensitive)
2019-03-02,KC1,16.43,55.92,38.15,7.1,3.2,111,2019,3,Sat,TRUE,Spring,FALSE,Moderate
2019-03-03,KC1,15.27,50.95,37.66,7.9,3,0,2019,3,Sun,TRUE,Spring,FALSE,Moderate
2019-03-04,KC1,20.96,53.3,27.42,8,6.5,107,2019,3,Mon,FALSE,Spring,FALSE,Unhealthy (sensitive)
2019-03-05,KC1,14.61,30.14,40.14,5.7,3.3,51,2019,3,Tue,FALSE,Spring,FALSE,Moderate
2019-03-06,KC1,8.05,14.17,47.73,10.6,4.6,280,2019,3,Wed,FALSE,Spring,FALSE,Good
2019-03-07,KC1,15.09,47.54,10.87,7.2,4.5,291,2019,3,Thu,FALSE,Spring,FALSE,Moderate
2019-03-08,KC1,6.26,13.99,33.86,9.8,3.8,186,2019,3,Fri,FALSE,Spring,FALSE,Good
2019-03-09,KC1,6.67,20.47,34.18,10,3.6,304,2019,3,Sat,TRUE,Spring,FALSE,Good
2019-03-10,KC1,8.19,38.61,32.04,7.9,2,152,2019,3,Sun,TRUE,Spring,FALSE,Good
2019-03-11,KC1,16,53.13,28,6.7,8.6,121,2019,3,Mon,FALSE,Spring,FALSE,Moderate
2019-03-12,KC1,18.94,57.21,14.55,6.4,2.4,53,2019,3,Tue,FALSE,Spring,FALSE,Moderate
2019-03-13,KC1,15.96,38.12,29.47,10.9,7,173,2019,3,Wed,FALSE,Spring,FALSE,Moderate
2019-03-14,KC1,16.07,36.39,33.09,8.6,3.8,199,2019,3,Thu,FALSE,Spring,FALSE,Moderate
2019-03-15,KC1,10.02,24.35,24.53,10.1,6.2,230,2019,3,Fri,FALSE,Spring,FALSE,Moderate
2019-03-16,KC1,12.69,27.65,36.65,6.8,4.8,220,2019,3,Sat,TRUE,Spring,FALSE,Moderate
2019-03-17,KC1,11.84,31.36,34.46,8.4,4.5,213,2019,3,Sun,TRUE,Spring,FALSE,Moderate
2019-03-18,KC1,18.17,50.63,29.84,8.2,6.4,33,2019,3,Mon,FALSE,Spring,FALSE,Moderate
2019-03-19,KC1,11.71,34.87,39.25,10.2,4.9,36,2019,3,Tue,FALSE,Spring,FALSE,Moderate
2019-03-20,KC1,16.1,40.2,34.82,11.6,10.8,84,2019,3,Wed,FALSE,Spring,FALSE,Moderate
2019-03-21,KC1,17.07,50.49,32.68,7.7,1.4,14,2019,3,Thu,FALSE,Spring,FALSE,Moderate
2019-03-22,KC1,13.41,46.24,42.73,7.5,5.2,142,2019,3,Fri,FALSE,Spring,FALSE,Moderate
2019-03-23,KC1,16.84,47.64,32.86,14.6,4.6,240,2019,3,Sat,TRUE,Spring,FALSE,Moderate
2019-03-24,KC1,11.2,23.21,34.91,11.6,3,140,2019,3,Sun,TRUE,Spring,FALSE,Moderate
2019-03-25,KC1,6.22,22.78,32.17,9.5,2.3,69,2019,3,Mon,FALSE,Spring,FALSE,Good
2019-03-26,KC1,11.83,53.27,16.29,10.3,7,330,2019,3,Tue,FALSE,Spring,FALSE,Moderate
2019-03-27,KC1,11.63,25.5,30.59,11.1,2.7,47,2019,3,Wed,FALSE,Spring,FALSE,Moderate
2019-03-28,KC1,13.2,26.76,29.33,11.5,2.9,76,2019,3,Thu,FALSE,Spring,FALSE,Moderate
2019-03-29,KC1,13.2,41.42,42.56,11,3.2,321,2019,3,Fri,FALSE,Spring,FALSE,Moderate
2019-03-30,KC1,11.02,25.32,37.66,11.7,2.5,95,2019,3,Sat,TRUE,Spring,FALSE,Moderate
2019-03-31,KC1,11.89,41.09,26.76,12.1,1.9,278,2019,3,Sun,TRUE,Spring,FALSE,Moderate
2019-04-01,KC1,3.9,12.68,41.47,14.2,7.5,154,2019,4,Mon,FALSE,Spring,FALSE,Good
2019-04-02,KC1,10.02,43.99,19.09,13.5,6.6,51,2019,4,Tue,FALSE,Spring,FALSE,Moderate
2019-04-03,KC1,12.49,36.57,43.85,14.3,1.9,179,2019,4,Wed,FALSE,Spring,FALSE,Moderate
2019-04-04,KC1,11.65,48.14,31.37,10,3.9,188,2019,4,Thu,FALSE,Spring,FALSE,Moderate
2019-04-05,KC1,12.47,48.59,32.35,11.5,2.9,310,2019,4,Fri,FALSE,Spring,FALSE,Moderate
2019-04-06,KC1,11.39,35.18,34.8,13.1,3.3,64,2019,4,Sat,TRUE,Spring,FALSE,Moderate
2019-04-07,KC1,13.71,41.05,39.31,12.1,8.6,245,2019,4,Sun,TRUE,Spring,FALSE,Moderate
2019-04-08,KC1,11.81,24.14,40.51,13.1,4.7,256,2019,4,Mon,FALSE,Spring,FALSE,Moderate
2019-04-09,KC1,9.79,27.68,44.97,10.4,3.3,356,2019,4,Tue,FALSE,Spring,FALSE,Good
2019-04-10,KC1,11.63,37.15,38.21,12.5,2.4,274,2019,4,Wed,FALSE,Spring,FALSE,Moderate
2019-04-11,KC1,12.71,41.54,34.33,10.8,3.4,73,2019,4,Thu,FALSE,Spring,FALSE,Moderate
2019-04-12,KC1,9.25,23.98,35.7,16.6,4.6,39,2019,4,Fri,FALSE,Spring,FALSE,Good
2019-04-13,KC1,12.91,35.33,34.39,14.1,5.9,282,2019,4,Sat,TRUE,Spring,FALSE,Moderate
2019-04-14,KC1,4.09,14.32,40.61,11.3,5.5,25,2019,4,Sun,TRUE,Spring,FALSE,Good
2019-04-15,KC1,8.38,34.46,27.03,13.6,5.8,195,2019,4,Mon,FALSE,Spring,FALSE,Good
2019-04-16,KC1,11.77,26.82,34.54,13.6,12.6,143,2019,4,Tue,FALSE,Spring,FALSE,Moderate
2019-04-17,KC1,12.47,41.93,35.18,11.9,6.6,65,2019,4,Wed,FALSE,Spring,FALSE,Moderate
2019-04-18,KC1,9.1,28.87,30.28,14.3,3,135,2019,4,Thu,FALSE,Spring,FALSE,Good
2019-04-19,KC1,10.49,17.41,41.35,13.3,2.4,267,2019,4,Fri,FALSE,Spring,FALSE,Moderate
2019-04-20,KC1,10.85,32.36,25.58,16.7,4.3,144,2019,4,Sat,TRUE,Spring,FALSE,Moderate
2019-04-21,KC1,2.81,15.7,42.8,11.5,6,302,2019,4,Sun,TRUE,Spring,FALSE,Good
2019-04-22,KC1,8.89,29.06,42.09,13.4,2.1,111,2019,4,Mon,FALSE,Spring,FALSE,Good
2019-04-23,KC1,11.53,24.52,30.92,11.9,5.4,49,2019,4,Tue,FALSE,Spring,FALSE,Moderate
2019-04-24,KC1,10.42,28.68,32.19,12.1,4.8,214,2019,4,Wed,FALSE,Spring,FALSE,Moderate
2019-04-25,KC1,12.78,43.72,32.33,12.3,2.1,82,2019,4,Thu,FALSE,Spring,FALSE,Moderate
2019-04-26,KC1,12.22,39.13,35.06,13,6,224,2019,4,Fri,FALSE,Spring,FALSE,Moderate
2019-04-27,KC1,8.91,17.73,34.27,15.4,2.9,107,2019,4,Sat,TRUE,Spring,FALSE,Good
2019-04-28,KC1,6.77,23.41,35.48,16.1,3.3,296,2019,4,Sun,TRUE,Spring,FALSE,Good
2019-04-29,KC1,9.34,21.68,32.77,13.5,5.2,119,2019,4,Mon,FALSE,Spring,FALSE,Good
2019-04-30,KC1,8.32,19.12,40.97,15.8,4.8,45,2019,4,Tue,FALSE,Spring,FALSE,Good
2019-05-01,KC1,12.89,39.94,33.8,14.9,2.9,240,2019,5,Wed,FALSE,Spring,FALSE,Moderate
2019-05-02,KC1,11.52,34.84,31.6,16.2,2.1,118,2019,5,Thu,FALSE,Spring,FALSE,Moderate
2019-05-03,KC1,11.39,26.28,38.84,14.9,3.4,309,2019,5,Fri,FALSE,Spring,FALSE,Moderate
2019-05-04,KC1,9.16,29.28,32.97,16.6,5.4,151,2019,5,Sat,TRUE,Spring,FALSE,Good
2019-05-05,KC1,7.35,16.82,38.53,13.1,4.5,221,2019,5,Sun,TRUE,Spring,FALSE,Good
2019-05-06,KC1,7.27,18.64,41.83,11.8,3.6,111,2019,5,Mon,FALSE,Spring,FALSE,Good
2019-05-07,KC1,9.74,24.52,39.72,13.6,3.3,76,2019,5,Tue,FALSE,Spring,FALSE,Good
2019-05-08,KC1,9.26,29.32,40.3,15.7,3.4,22,2019,5,Wed,FALSE,Spring,FALSE,Good
2019-05-09,KC1,6.56,5,44.7,18.9,2,147,2019,5,Thu,FALSE,Spring,FALSE,Good
2019-05-10,KC1,9.72,20.78,43.16,12.8,6.5,46,2019,5,Fri,FALSE,Spring,FALSE,Good
2019-05-11,KC1,8.84,31.37,38.56,19.2,1.9,309,2019,5,Sat,TRUE,Spring,FALSE,Good
2019-05-12,KC1,6.79,22.12,42.59,16.8,2.1,254,2019,5,Sun,TRUE,Spring,FALSE,Good
2019-05-13,KC1,6.7,18.17,51.22,13.8,1.5,212,2019,5,Mon,FALSE,Spring,FALSE,Good
2019-05-14,KC1,10.8,48.52,36.84,17.8,3.2,137,2019,5,Tue,FALSE,Spring,FALSE,Moderate
2019-05-15,KC1,12.68,26.99,30.15,16.5,2,317,2019,5,Wed,FALSE,Spring,FALSE,Moderate
2019-05-16,KC1,14.3,38.6,45.05,14.2,8,83,2019,5,Thu,FALSE,Spring,FALSE,Moderate
2019-05-17,KC1,7.65,26.08,35.75,13.9,4.6,172,2019,5,Fri,FALSE,Spring,FALSE,Good
2019-05-18,KC1,5.87,20.39,41.34,19.3,3.9,142,2019,5,Sat,TRUE,Spring,FALSE,Good
2019-05-19,KC1,10.58,36.58,21.04,19.9,8.5,194,2019,5,Sun,TRUE,Spring,FALSE,Moderate
2019-05-20,KC1,7.86,23.95,45.99,19.9,5.7,359,2019,5,Mon,FALSE,Spring,FALSE,Good
2019-05-21,KC1,6.66,29.67,39.42,16.9,3.9,182,2019,5,Tue,FALSE,Spring,FALSE,Good
2019-05-22,KC1,5.34,15.95,49.42,14.2,2.3,350,2019,5,Wed,FALSE,Spring,FALSE,Good
2019-05-23,KC1,9.55,46.17,23.99,10.7,8.7,64,2019,5,Thu,FALSE,Spring,FALSE,Good
2019-05-24,KC1,8.41,20.11,42.86,16,2.6,262,2019,5,Fri,FALSE,Spring,FALSE,Good
2019-05-25,KC1,6.76,15.12,44.55,19.5,3.5,18,2019,5,Sat,TRUE,Spring,FALSE,Good
2019-05-26,KC1,6.38,13.02,29.8,15.2,2.4,87,2019,5,Sun,TRUE,Spring,FALSE,Good
2019-05-27,KC1,12.61,49.17,28.6,15.2,10.6,181,2019,5,Mon,FALSE,Spring,FALSE,Moderate
2019-05-28,KC1,5.04,12.16,48.27,20.6,2.3,185,2019,5,Tue,FALSE,Spring,FALSE,Good
2019-05-29,KC1,8.85,14.21,34,15,7.4,32,2019,5,Wed,FALSE,Spring,FALSE,Good
2019-05-30,KC1,8.58,24.06,36.76,18,3.5,134,2019,5,Thu,FALSE,Spring,FALSE,Good
2019-05-31,KC1,14.13,39.1,40.31,18.8,2,106,2019,5,Fri,FALSE,Spring,FALSE,Moderate
2019-06-01,KC1,5.31,18.29,31.83,15.7,2.9,185,2019,6,Sat,TRUE,Summer,FALSE,Good
2019-06-02,KC1,1.18,9.56,49.13,17.8,3,48,2019,6,Sun,TRUE,Summer,FALSE,Good
2019-06-03,KC1,11.9,19.7,50.08,17.8,5.5,265,2019,6,Mon,FALSE,Summer,FALSE,Moderate
2019-06-04,KC1,10.13,31.88,28.32,17.2,7.7,130,2019,6,Tue,FALSE,Summer,FALSE,Moderate
2019-06-05,KC1,5.98,14.55,33.23,17.2,5.4,321,2019,6,Wed,FALSE,Summer,FALSE,Good
2019-06-06,KC1,7.06,15.68,46.08,23.6,5.5,84,2019,6,Thu,FALSE,Summer,FALSE,Good
2019-06-07,KC1,8.6,25.49,43.49,21.7,1.8,192,2019,6,Fri,FALSE,Summer,FALSE,Good
2019-06-08,KC1,6.08,14.59,40.92,17.4,4.3,163,2019,6,Sat,TRUE,Summer,FALSE,Good
2019-06-09,KC1,5.04,12.64,34.94,17,2.9,199,2019,6,Sun,TRUE,Summer,FALSE,Good
2019-06-10,KC1,13.16,36.2,36.15,15.4,5.3,196,2019,6,Mon,FALSE,Summer,FALSE,Moderate
2019-06-11,KC1,7.85,5,49.33,20.3,5.4,216,2019,6,Tue,FALSE,Summer,FALSE,Good
2019-06-12,KC1,5.03,29.1,30.96,14.9,16.6,317,2019,6,Wed,FALSE,Summer,FALSE,Good
2019-06-13,KC1,4.46,28.91,35.86,18.2,7,174,2019,6,Thu,FALSE,Summer,FALSE,Good
2019-06-14,KC1,5.81,18.08,32.95,15.6,4.1,293,2019,6,Fri,FALSE,Summer,FALSE,Good
2019-06-15,KC1,5.81,18.49,26.64,14.2,4.2,77,2019,6,Sat,TRUE,Summer,FALSE,Good
2019-06-16,KC1,5.72,6.17,36.52,21.2,9.4,317,2019,6,Sun,TRUE,Summer,FALSE,Good
2019-06-17,KC1,7.52,27.74,37.48,17.6,3.8,344,2019,6,Mon,FALSE,Summer,FALSE,Good
2019-06-18,KC1,3.66,6.24,39.45,19.6,2.3,101,2019,6,Tue,FALSE,Summer,FALSE,Good
2019-06-19,KC1,6.99,32.3,30.58,18.9,4.4,308,2019,6,Wed,FALSE,Summer,FALSE,Good
2019-06-20,KC1,9.52,12.62,42.21,18.8,4.3,216,2019,6,Thu,FALSE,Summer,FALSE,Good
2019-06-21,KC1,5.28,5,44.5,18.9,4.6,216,2019,6,Fri,FALSE,Summer,FALSE,Good
2019-06-22,KC1,1.31,6.23,39.61,17.4,4.4,291,2019,6,Sat,TRUE,Summer,FALSE,Good
2019-06-23,KC1,7.4,20.97,34.15,18.4,2.9,71,2019,6,Sun,TRUE,Summer,FALSE,Good
2019-06-24,KC1,3.11,6.51,39.32,20.1,3,68,2019,6,Mon,FALSE,Summer,FALSE,Good
2019-06-25,KC1,6.28,19.06,42.67,14.8,3.8,107,2019,6,Tue,FALSE,Summer,FALSE,Good
2019-06-26,KC1,12.47,42.76,32.69,17.1,2.8,345,2019,6,Wed,FALSE,Summer,FALSE,Moderate
2019-06-27,KC1,4.95,23.5,35.52,17.8,3.2,52,2019,6,Thu,FALSE,Summer,FALSE,Good
2019-06-28,KC1,7.64,22.82,41.8,19,4.8,317,2019,6,Fri,FALSE,Summer,FALSE,Good
2019-06-29,KC1,3.22,5,47.94,19.7,6.8,349,2019,6,Sat,TRUE,Summer,FALSE,Good
2019-06-30,KC1,4.59,13.21,47.89,15.5,5.9,329,2019,6,Sun,TRUE,Summer,FALSE,Good
2019-07-01,KC1,7.63,17.67,44.86,18.8,5.6,226,2019,7,Mon,FALSE,Summer,FALSE,Good
2019-07-02,KC1,8.06,21.82,45.47,17.1,6.9,57,2019,7,Tue,FALSE,Summer,FALSE,Good
2019-07-03,KC1,4.02,22.18,39.42,18.9,5.3,54,2019,7,Wed,FALSE,Summer,FALSE,Good
2019-07-04,KC1,11.57,44.25,27.69,20.1,4.2,136,2019,7,Thu,FALSE,Summer,FALSE,Moderate
2019-07-05,KC1,6.85,26.84,42.33,14.6,2.8,104,2019,7,Fri,FALSE,Summer,FALSE,Good
2019-07-06,KC1,7.15,18.1,52.95,14.5,5.9,255,2019,7,Sat,TRUE,Summer,FALSE,Good
2019-07-07,KC1,6.37,12.17,41.61,18.9,3.6,78,2019,7,Sun,TRUE,Summer,FALSE,Good
2019-07-08,KC1,7.15,13.42,37.21,15.9,1.8,163,2019,7,Mon,FALSE,Summer,FALSE,Good
2019-07-09,KC1,4.81,28.63,40.53,16.9,10.7,137,2019,7,Tue,FALSE,Summer,FALSE,Good
2019-07-10,KC1,6.76,21.72,36.23,15.7,4.3,168,2019,7,Wed,FALSE,Summer,FALSE,Good
2019-07-11,KC1,5.05,10.94,42.39,15.4,3.3,249,2019,7,Thu,FALSE,Summer,FALSE,Good
2019-07-12,KC1,2.09,8.92,42.61,19.4,9.9,352,2019,7,Fri,FALSE,Summer,FALSE,Good
2019-07-13,KC1,2.49,9.37,31.99,15.6,2.5,315,2019,7,Sat,TRUE,Summer,FALSE,Good
2019-07-14,KC1,2.74,9.94,39.72,17.3,3.6,5,2019,7,Sun,TRUE,Summer,FALSE,Good
2019-07-15,KC1,2.88,5,43.67,18.9,4.7,42,2019,7,Mon,FALSE,Summer,FALSE,Good
2019-07-16,KC1,12.53,29.73,31.8,18.5,1.6,4,2019,7,Tue,FALSE,Summer,FALSE,Moderate
2019-07-17,KC1,8.39,26.13,45.5,21.5,5.9,291,2019,7,Wed,FALSE,Summer,FALSE,Good
2019-07-18,KC1,2.64,13.78,40.5,17.8,5.1,120,2019,7,Thu,FALSE,Summer,FALSE,Good
2019-07-19,KC1,3.7,7.62,41.75,19.3,6.1,54,2019,7,Fri,FALSE,Summer,FALSE,Good
2019-07-20,KC1,1,5,38.9,15.4,6.9,325,2019,7,Sat,TRUE,Summer,FALSE,Good
2019-07-21,KC1,1,5,53.32,19,6.2,64,2019,7,Sun,TRUE,Summer,FALSE,Good
2019-07-22,KC1,9.66,14.84,35.41,18.1,16.3,310,2019,7,Mon,FALSE,Summer,FALSE,Good
2019-07-23,KC1,7.02,20.79,45.61,17.7,3.9,36,2019,7,Tue,FALSE,Summer,FALSE,Good
2019-07-24,KC1,6.24,18.41,43.21,14.7,2.6,333,2019,7,Wed,FALSE,Summer,FALSE,Good
2019-07-25,KC1,7.06,24.55,35.94,16.5,3.1,27,2019,7,Thu,FALSE,Summer,FALSE,Good
2019-07-26,KC1,4.18,5,33.62,13.9,4.3,59,2019,7,Fri,FALSE,Summer,FALSE,Good
2019-07-27,KC1,4.6,15.99,47.45,14.5,1.9,147,2019,7,Sat,TRUE,Summer,FALSE,Good
2019-07-28,KC1,6.54,8.9,40.65,15.8,3.8,276,2019,7,Sun,TRUE,Summer,FALSE,Good
2019-07-29,KC1,6.31,16.92,41.29,13.5,3.4,139,2019,7,Mon,FALSE,Summer,FALSE,Good
2019-07-30,KC1,5.18,24.84,35.57,17.2,3.1,194,2019,7,Tue,FALSE,Summer,FALSE,Good
2019-07-31,KC1,8.17,25.9,30.65,15.9,3.3,314,2019,7,Wed,FALSE,Summer,FALSE,Good
2019-08-01,KC1,13.12,38.51,32.73,15.5,3.7,39,2019,8,Thu,FALSE,Summer,FALSE,Moderate
2019-08-02,KC1,8.94,25.11,38.4,12.3,2.1,183,2019,8,Fri,FALSE,Summer,FALSE,Good
2019-08-03,KC1,1.95,5,59,15.7,4.7,260,2019,8,Sat,TRUE,Summer,FALSE,Good
2019-08-04,KC1,6.33,5,38.3,16.4,10.4,120,2019,8,Sun,TRUE,Summer,FALSE,Good
2019-08-05,KC1,8.12,27.95,33.85,12.5,2.7,306,2019,8,Mon,FALSE,Summer,FALSE,Good
2019-08-06,KC1,2.97,5,50.83,14.1,3.1,87,2019,8,Tue,FALSE,Summer,FALSE,Good
2019-08-07,KC1,10,38.96,22.65,14.4,6.7,146,2019,8,Wed,FALSE,Summer,FALSE,Good
2019-08-08,KC1,7.26,10.76,35.51,15.6,5.7,227,2019,8,Thu,FALSE,Summer,FALSE,Good
2019-08-09,KC1,3.34,5,50.52,14.1,3.2,306,2019,8,Fri,FALSE,Summer,FALSE,Good
2019-08-10,KC1,2.18,6.89,39.3,14.8,4.8,193,2019,8,Sat,TRUE,Summer,FALSE,Good
2019-08-11,KC1,1,5,47.67,16.7,8.3,291,2019,8,Sun,TRUE,Summer,FALSE,Good
2019-08-12,KC1,11.42,41.92,43.29,15.7,4.9,301,2019,8,Mon,FALSE,Summer,FALSE,Moderate
2019-08-13,KC1,8.03,10.75,43.62,14.2,6.8,66,2019,8,Tue,FALSE,Summer,FALSE,Good
2019-08-14,KC1,10.04,31,36.4,14,1.2,67,2019,8,Wed,FALSE,Summer,FALSE,Moderate
2019-08-15,KC1,6.29,18.29,39.4,15.2,4.1,74,2019,8,Thu,FALSE,Summer,FALSE,Good
2019-08-16,KC1,11.19,20.52,42.22,16.7,3.7,259,2019,8,Fri,FALSE,Summer,FALSE,Moderate
2019-08-17,KC1,4.99,14.3,43.58,12,2.7,61,2019,8,Sat,TRUE,Summer,FALSE,Good
2019-08-18,KC1,6.3,21.54,40.52,12.5,2.2,222,2019,8,Sun,TRUE,Summer,FALSE,Good
2019-08-19,KC1,7.37,18.21,38.56,12.1,4.5,343,2019,8,Mon,FALSE,Summer,FALSE,Good
2019-08-20,KC1,12.88,42.8,27.71,14.1,3.1,283,2019,8,Tue,FALSE,Summer,FALSE,Moderate
2019-08-21,KC1,3.98,5.09,44.26,16.3,2.7,276,2019,8,Wed,FALSE,Summer,FALSE,Good
2019-08-22,KC1,8.37,15.48,44.57,12.5,5.1,184,2019,8,Thu,FALSE,Summer,FALSE,Good
2019-08-23,KC1,6.25,15.72,42.03,9.8,1.7,229,2019,8,Fri,FALSE,Summer,FALSE,Good
2019-08-24,KC1,7.36,25.67,31.88,15,5.4,80,2019,8,Sat,TRUE,Summer,FALSE,Good
2019-08-25,KC1,6.35,5,50.31,15.6,5.7,130,2019,8,Sun,TRUE,Summer,FALSE,Good
2019-08-26,KC1,2.43,18.17,33.98,13.6,4.6,280,2019,8,Mon,FALSE,Summer,FALSE,Good
2019-08-27,KC1,10.15,22.33,41.07,13.7,3,166,2019,8,Tue,FALSE,Summer,FALSE,Moderate
2019-08-28,KC1,7.27,31.33,40.93,15,7.6,6,2019,8,Wed,FALSE,Summer,FALSE,Good
2019-08-29,KC1,5.01,6.04,32.59,12.3,2.2,311,2019,8,Thu,FALSE,Summer,FALSE,Good
2019-08-30,KC1,9.24,18.87,39.27,13.9,7.7,57,2019,8,Fri,FALSE,Summer,FALSE,Good
2019-08-31,KC1,3.29,8.37,33.98,11.1,4.3,317,2019,8,Sat,TRUE,Summer,FALSE,Good
2019-09-01,KC1,7.1,26.92,34.75,10,1,297,2019,9,Sun,TRUE,Autumn,FALSE,Good
2019-09-02,KC1,16.56,62.02,28.6,11.7,3.8,4,2019,9,Mon,FALSE,Autumn,FALSE,Moderate
2019-09-03,KC1,12.89,29.43,30.36,12,7.6,209,2019,9,Tue,FALSE,Autumn,FALSE,Moderate
2019-09-04,KC1,12.5,38.39,36.7,13.3,6.1,181,2019,9,Wed,FALSE,Autumn,FALSE,Moderate
2019-09-05,KC1,10.3,18.73,23.25,9.8,3.2,98,2019,9,Thu,FALSE,Autumn,FALSE,Moderate
2019-09-06,KC1,5.3,10.63,45.63,8.2,3.9,295,2019,9,Fri,FALSE,Autumn,FALSE,Good
2019-09-07,KC1,9.49,27.96,32.37,11.6,1.8,47,2019,9,Sat,TRUE,Autumn,FALSE,Good
2019-09-08,KC1,9.54,36.11,37.89,11.7,3,249,2019,9,Sun,TRUE,Autumn,FALSE,Good
2019-09-09,KC1,13.24,33.6,35.16,10.4,2.6,139,2019,9,Mon,FALSE,Autumn,FALSE,Moderate
2019-09-10,KC1,9.77,28.43,38.9,12.6,3.8,304,2019,9,Tue,FALSE,Autumn,FALSE,Good
2019-09-11,KC1,9.21,17.93,42.7,11,5.7,102,2019,9,Wed,FALSE,Autumn,FALSE,Good
2019-09-12,KC1,10.32,28.18,34.42,10.3,3.2,160,2019,9,Thu,FALSE,Autumn,FALSE,Moderate
2019-09-13,KC1,5.12,16.21,43.64,8.9,8.9,232,2019,9,Fri,FALSE,Autumn,FALSE,Good
2019-09-14,KC1,4.15,5,41.33,13.1,1.8,105,2019,9,Sat,TRUE,Autumn,FALSE,Good
2019-09-15,KC1,6.45,17.86,39.05,10.1,6.6,122,2019,9,Sun,TRUE,Autumn,FALSE,Good
2019-09-16,KC1,11.1,32.29,28.12,9.6,2.9,99,2019,9,Mon,FALSE,Autumn,FALSE,Moderate
2019-09-17,KC1,11.78,47.75,32,10.4,7.1,261,2019,9,Tue,FALSE,Autumn,FALSE,Moderate
2019-09-18,KC1,7.16,12.28,31.87,8.3,3.9,231,2019,9,Wed,FALSE,Autumn,FALSE,Good
2019-09-19,KC1,9.09,32.99,44.99,8.9,2.7,197,2019,9,Thu,FALSE,Autumn,FALSE,Good
2019-09-20,KC1,12.56,40.55,36.94,7.6,4.6,119,2019,9,Fri,FALSE,Autumn,FALSE,Moderate
2019-09-21,KC1,9.5,24.93,47.98,13.3,4.6,270,2019,9,Sat,TRUE,Autumn,FALSE,Good
2019-09-22,KC1,5,9.25,31.41,9,16.5,11,2019,9,Sun,TRUE,Autumn,FALSE,Good
2019-09-23,KC1,8.8,29,50.14,11.8,13.4,80,2019,9,Mon,FALSE,Autumn,FALSE,Good
2019-09-24,KC1,11.94,33.71,43.98,6.6,7.1,111,2019,9,Tue,FALSE,Autumn,FALSE,Moderate
2019-09-25,KC1,16.62,30.64,31.94,9.9,8.4,111,2019,9,Wed,FALSE,Autumn,FALSE,Moderate
2019-09-26,KC1,8.25,19.2,36.66,9.9,1.3,298,2019,9,Thu,FALSE,Autumn,FALSE,Good
2019-09-27,KC1,9.24,29.04,27.57,7.5,3.6,342,2019,9,Fri,FALSE,Autumn,FALSE,Good
2019-09-28,KC1,11.21,31.52,28.51,10.6,2.2,52,2019,9,Sat,TRUE,Autumn,FALSE,Moderate
2019-09-29,KC1,6.96,9.17,37.91,9.1,8.8,221,2019,9,Sun,TRUE,Autumn,FALSE,Good
2019-09-30,KC1,10.95,36.19,48.02,7,8.4,227,2019,9,Mon,FALSE,Autumn,FALSE,Moderate
2019-10-01,KC1,10.22,36.48,31.43,8.2,3.1,291,2019,10,Tue,FALSE,Autumn,FALSE,Moderate
2019-10-02,KC1,13.86,42.87,31.87,7,5.7,261,2019,10,Wed,FALSE,Autumn,FALSE,Moderate
2019-10-03,KC1,7.76,28.52,25.81,12.9,3.4,210,2019,10,Thu,FALSE,Autumn,FALSE,Good
2019-10-04,KC1,15.14,42.44,25.2,10.2,3.6,236,2019,10,Fri,FALSE,Autumn,FALSE,Moderate
2019-10-05,KC1,5.39,11.42,37.43,7.2,4.4,116,2019,10,Sat,TRUE,Autumn,FALSE,Good
2019-10-06,KC1,6.19,5,48.57,7.8,4.5,114,2019,10,Sun,TRUE,Autumn,FALSE,Good
2019-10-07,KC1,6.15,23.71,38.21,6.4,4.7,341,2019,10,Mon,FALSE,Autumn,FALSE,Good
2019-10-08,KC1,9,18.99,35.71,5.5,3.5,231,2019,10,Tue,FALSE,Autumn,FALSE,Good
2019-10-09,KC1,12.84,25.17,26.44,5.8,7.8,198,2019,10,Wed,FALSE,Autumn,FALSE,Moderate
2019-10-10,KC1,11.26,43.56,26.8,6.9,4.3,167,2019,10,Thu,FALSE,Autumn,FALSE,Moderate
2019-10-11,KC1,8.46,36.91,38.15,7.9,6.4,195,2019,10,Fri,FALSE,Autumn,FALSE,Good
2019-10-12,KC1,6.83,28,26.32,5.1,3.2,99,2019,10,Sat,TRUE,Autumn,FALSE,Good
2019-10-13,KC1,6.8,12.66,42.53,4.8,5.1,98,2019,10,Sun,TRUE,Autumn,FALSE,Good
2019-10-14,KC1,10.86,35.78,39.2,7.2,4.9,154,2019,10,Mon,FALSE,Autumn,FALSE,Moderate
2019-10-15,KC1,12.19,33.89,46.33,6.1,6.5,172,2019,10,Tue,FALSE,Autumn,FALSE,Moderate
2019-10-16,KC1,16.19,46.19,34.78,7.2,2.9,56,2019,10,Wed,FALSE,Autumn,FALSE,Moderate
2019-10-17,KC1,10.74,44.27,28.9,8.9,8.1,23,2019,10,Thu,FALSE,Autumn,FALSE,Moderate
2019-10-18,KC1,9.83,36.66,36.27,7.5,3.7,354,2019,10,Fri,FALSE,Autumn,FALSE,Good
2019-10-19,KC1,5.42,28.34,43.88,7.6,4.4,155,2019,10,Sat,TRUE,Autumn,FALSE,Good
2019-10-20,KC1,7.97,11.42,48.48,7.9,3.2,4,2019,10,Sun,TRUE,Autumn,FALSE,Good
2019-10-21,KC1,11.37,31.95,33.94,7.4,3.4,282,2019,10,Mon,FALSE,Autumn,FALSE,Moderate
2019-10-22,KC1,5.54,20.75,36.74,2,4.3,210,2019,10,Tue,FALSE,Autumn,FALSE,Good
2019-10-23,KC1,9.8,25.95,40.3,6.8,4.5,22,2019,10,Wed,FALSE,Autumn,FALSE,Good
2019-10-24,KC1,15.35,43.65,37.8,7.5,2.1,16,2019,10,Thu,FALSE,Autumn,FALSE,Moderate
2019-10-25,KC1,11.01,33.94,31.74,5.3,6.2,37,2019,10,Fri,FALSE,Autumn,FALSE,Moderate
2019-10-26,KC1,9.93,31.74,38.44,5.5,2.6,357,2019,10,Sat,TRUE,Autumn,FALSE,Good
2019-10-27,KC1,5.02,20.96,42.65,6.5,5.5,148,2019,10,Sun,TRUE,Autumn,FALSE,Good
2019-10-28,KC1,15.43,48.55,27.86,7.1,3.6,332,2019,10,Mon,FALSE,Autumn,FALSE,Moderate
2019-10-29,KC1,11.63,35.53,31.59,4.8,9.8,177,2019,10,Tue,FALSE,Autumn,FALSE,Moderate
2019-10-30,KC1,10.46,27.49,32.08,3.5,2.8,161,2019,10,Wed,FALSE,Autumn,FALSE,Moderate
2019-10-31,KC1,12.56,40.68,37.08,7.4,6.3,89,2019,10,Thu,FALSE,Autumn,FALSE,Moderate
2019-11-01,KC1,13.45,25.57,44.69,2.5,5.2,315,2019,11,Fri,FALSE,Autumn,FALSE,Moderate
2019-11-02,KC1,11.88,36.5,33.22,4.2,1.6,315,2019,11,Sat,TRUE,Autumn,FALSE,Moderate
2019-11-03,KC1,7.51,26.43,34.35,2,3,93,2019,11,Sun,TRUE,Autumn,FALSE,Good
2019-11-04,KC1,9.21,24.97,44.89,6.1,2.7,127,2019,11,Mon,FALSE,Autumn,FALSE,Good
2019-11-05,KC1,13.73,26.4,33.98,2.9,2,352,2019,11,Tue,FALSE,Autumn,FALSE,Moderate
2019-11-06,KC1,12.3,34.66,30.14,4.8,5.5,329,2019,11,Wed,FALSE,Autumn,FALSE,Moderate
2019-11-07,KC1,18.1,59.61,18.87,2.2,8.6,152,2019,11,Thu,FALSE,Autumn,FALSE,Moderate
2019-11-08,KC1,11.69,20.8,42.63,-0.3,5.7,111,2019,11,Fri,FALSE,Autumn,FALSE,Moderate
2019-11-09,KC1,17.3,53.76,31.34,4.3,6.4,60,2019,11,Sat,TRUE,Autumn,FALSE,Moderate
2019-11-10,KC1,11.41,34.02,38.07,3.1,7.1,113,2019,11,Sun,TRUE,Autumn,FALSE,Moderate
2019-11-11,KC1,15.93,45.35,32.83,7.1,4.1,36,2019,11,Mon,FALSE,Autumn,FALSE,Moderate
2019-11-12,KC1,10.36,27.02,46.17,5,5.2,146,2019,11,Tue,FALSE,Autumn,FALSE,Moderate
2019-11-13,KC1,13,39.95,25.74,-2.1,3.1,335,2019,11,Wed,FALSE,Autumn,FALSE,Moderate
2019-11-14,KC1,11.04,42,43.06,1.9,4.3,344,2019,11,Thu,FALSE,Autumn,FALSE,Moderate
2019-11-15,KC1,15.95,36.64,34.07,5.3,2.3,163,2019,11,Fri,FALSE,Autumn,FALSE,Moderate
2019-11-16,KC1,14.9,52.93,31.07,8,1.5,346,2019,11,Sat,TRUE,Autumn,FALSE,Moderate
2019-11-17,KC1,11.16,51.32,29.74,2.2,2,67,2019,11,Sun,TRUE,Autumn,FALSE,Moderate
2019-11-18,KC1,10.47,43.71,41.32,1.7,2.9,138,2019,11,Mon,FALSE,Autumn,FALSE,Moderate
2019-11-19,KC1,16.32,51.23,36.85,-3.3,4.6,284,2019,11,Tue,FALSE,Autumn,FALSE,Moderate
2019-11-20,KC1,10.38,26.27,44.79,3.1,4,0,2019,11,Wed,FALSE,Autumn,FALSE,Moderate
2019-11-21,KC1,14.32,46.66,32.9,4.4,7.1,124,2019,11,Thu,FALSE,Autumn,FALSE,Moderate
2019-11-22,KC1,14.54,49.56,36.94,1.6,5.7,190,2019,11,Fri,FALSE,Autumn,FALSE,Moderate
2019-11-23,KC1,6.26,13.73,46.27,6.3,3.2,114,2019,11,Sat,TRUE,Autumn,FALSE,Good
2019-11-24,KC1,14.65,28.43,50.36,3.5,5.6,57,2019,11,Sun,TRUE,Autumn,FALSE,Moderate
2019-11-25,KC1,16.37,39.87,30.13,3.7,4.8,271,2019,11,Mon,FALSE,Autumn,FALSE,Moderate
2019-11-26,KC1,17.67,54.31,28.63,-0.1,4.1,345,2019,11,Tue,FALSE,Autumn,FALSE,Moderate
2019-11-27,KC1,11.9,43.98,25.05,-0.4,2.8,342,2019,11,Wed,FALSE,Autumn,FALSE,Moderate
2019-11-28,KC1,9.31,28.64,41.36,-1.3,2,122,2019,11,Thu,FALSE,Autumn,FALSE,Good
2019-11-29,KC1,13.23,31.67,37.34,1.1,3.9,329,2019,11,Fri,FALSE,Autumn,FALSE,Moderate
2019-11-30,KC1,12.64,39.03,36.51,2.7,2.6,283,2019,11,Sat,TRUE,Autumn,FALSE,Moderate
2019-12-01,KC1,9.84,12.12,45.76,5.8,4,215,2019,12,Sun,TRUE,Winter,FALSE,Good
2019-12-02,KC1,20.12,41.64,45.22,3,6,290,2019,12,Mon,FALSE,Winter,FALSE,Unhealthy (sensitive)
2019-12-03,KC1,13.68,17.79,34.39,-1.9,1.6,341,2019,12,Tue,FALSE,Winter,FALSE,Moderate
2019-12-04,KC1,12.72,38.68,42.28,7,3.4,224,2019,12,Wed,FALSE,Winter,FALSE,Moderate
2019-12-05,KC1,17.01,54.87,30.66,2,3.3,186,2019,12,Thu,FALSE,Winter,FALSE,Moderate
2019-12-06,KC1,18.67,52.14,34.27,-0.1,10,154,2019,12,Fri,FALSE,Winter,FALSE,Moderate
2019-12-07,KC1,11.42,11.42,46.28,1.4,6,165,2019,12,Sat,TRUE,Winter,FALSE,Moderate
2019-12-08,KC1,19.31,60.86,28.81,5.1,3.4,345,2019,12,Sun,TRUE,Winter,FALSE,Moderate
2019-12-09,KC1,17.58,32.94,29.4,1,3.7,88,2019,12,Mon,FALSE,Winter,FALSE,Moderate
2019-12-10,KC1,16.29,43.13,33.94,1.8,6.7,250,2019,12,Tue,FALSE,Winter,FALSE,Moderate
2019-12-11,KC1,14.37,33.91,32.7,3.2,1.7,22,2019,12,Wed,FALSE,Winter,FALSE,Moderate
2019-12-12,KC1,18.69,30.07,36.06,2,5.9,40,2019,12,Thu,FALSE,Winter,FALSE,Moderate
2019-12-13,KC1,12.39,39.55,37.4,2.9,4.5,155,2019,12,Fri,FALSE,Winter,FALSE,Moderate
2019-12-14,KC1,9.7,28.84,42.25,-2.2,4.5,287,2019,12,Sat,TRUE,Winter,FALSE,Good
2019-12-15,KC1,19.24,54.93,41.95,-3.9,3.1,191,2019,12,Sun,TRUE,Winter,FALSE,Moderate
2019-12-16,KC1,19.37,52.06,14.13,-1.3,2.2,326,2019,12,Mon,FALSE,Winter,FALSE,Moderate
2019-12-17,KC1,16.88,42.62,35.5,2.3,3,86,2019,12,Tue,FALSE,Winter,FALSE,Moderate
2019-12-18,KC1,13.11,36,34.78,1,2.5,29,2019,12,Wed,FALSE,Winter,FALSE,Moderate
2019-12-19,KC1,14.66,30.82,42.93,4.6,3.4,61,2019,12,Thu,FALSE,Winter,FALSE,Moderate
2019-12-20,KC1,13.61,56.1,27.88,-1.2,5.9,210,2019,12,Fri,FALSE,Winter,FALSE,Moderate
2019-12-21,KC1,14.09,36.3,37.3,2.9,1.7,28,2019,12,Sat,TRUE,Winter,FALSE,Moderate
2019-12-22,KC1,16.04,35.17,32.78,0.8,3,203,2019,12,Sun,TRUE,Winter,FALSE,Moderate
2019-12-23,KC1,15.34,21.29,32.69,2.6,3.2,331,2019,12,Mon,FALSE,Winter,FALSE,Moderate
2019-12-24,KC1,19.46,50.84,15.85,-2.5,7.6,220,2019,12,Tue,FALSE,Winter,FALSE,Moderate
2019-12-25,KC1,15.96,39.28,29.57,-3.2,2.1,347,2019,12,Wed,FALSE,Winter,FALSE,Moderate
2019-12-26,KC1,18.59,54.91,25.02,-1.3,6,337,2019,12,Thu,FALSE,Winter,FALSE,Moderate
2019-12-27,KC1,18.4,47.89,27.49,3.6,6.2,177,2019,12,Fri,FALSE,Winter,FALSE,Moderate
2019-12-28,KC1,11.91,26.42,29.14,1.8,3.2,302,2019,12,Sat,TRUE,Winter,FALSE,Moderate
2019-12-29,KC1,17.82,61.59,18.92,2.1,4.4,57,2019,12,Sun,TRUE,Winter,FALSE,Moderate
2019-12-30,KC1,17.85,41.13,36.49,1.5,3,11,2019,12,Mon,FALSE,Winter,FALSE,Moderate
2019-12-31,KC1,16.93,47.19,30.19,1.1,4.1,305,2019,12,Tue,FALSE,Winter,FALSE,Moderate
2020-01-01,KC1,17.02,51.49,22.26,1.3,1.3,16,2020,1,Wed,FALSE,Winter,FALSE,Moderate
2020-01-02,KC1,18.06,57.56,20.33,2.8,6.9,78,2020,1,Thu,FALSE,Winter,FALSE,Moderate
2020-01-03,KC1,20.1,75.56,21.82,0.2,3.1,56,2020,1,Fri,FALSE,Winter,FALSE,Unhealthy (sensitive)
2020-01-04,KC1,18.81,62.23,22.06,2.8,8.7,113,2020,1,Sat,TRUE,Winter,FALSE,Moderate
2020-01-05,KC1,14.33,42.89,32.06,1.5,2,250,2020,1,Sun,TRUE,Winter,FALSE,Moderate
2020-01-06,KC1,17.68,60.29,26.86,5.3,1.6,19,2020,1,Mon,FALSE,Winter,FALSE,Moderate
2020-01-07,KC1,14.76,44.49,38.83,1.8,4.3,219,2020,1,Tue,FALSE,Winter,FALSE,Moderate
2020-01-08,KC1,15.39,36.86,23.97,3.7,5.4,115,2020,1,Wed,FALSE,Winter,FALSE,Moderate
2020-01-09,KC1,17.69,50.04,28.98,-0.1,2.3,349,2020,1,Thu,FALSE,Winter,FALSE,Moderate
2020-01-10,KC1,12.65,26.89,44.96,3.8,4.8,192,2020,1,Fri,FALSE,Winter,FALSE,Moderate
2020-01-11,KC1,17.28,53.3,34.88,5.3,2.8,89,2020,1,Sat,TRUE,Winter,FALSE,Moderate
2020-01-12,KC1,11.44,40.17,42.14,2.6,5.9,358,2020,1,Sun,TRUE,Winter,FALSE,Moderate
2020-01-13,KC1,12.82,17.23,41.12,1.5,2.1,191,2020,1,Mon,FALSE,Winter,FALSE,Moderate
2020-01-14,KC1,12.83,26.58,29.17,3.4,3.2,157,2020,1,Tue,FALSE,Winter,FALSE,Moderate
2020-01-15,KC1,17.21,55.88,37.37,1.9,3.6,100,2020,1,Wed,FALSE,Winter,FALSE,Moderate
2020-01-16,KC1,15.61,47.28,29.29,-1.1,5,334,2020,1,Thu,FALSE,Winter,FALSE,Moderate
2020-01-17,KC1,15.65,35.11,27.93,4.4,5.4,287,2020,1,Fri,FALSE,Winter,FALSE,Moderate
2020-01-18,KC1,20.24,54.36,32.39,2.6,4.7,13,2020,1,Sat,TRUE,Winter,FALSE,Unhealthy (sensitive)
2020-01-19,KC1,12.03,42.53,41.69,1.8,4.5,232,2020,1,Sun,TRUE,Winter,FALSE,Moderate
2020-01-20,KC1,14.42,37.45,45.42,2.2,3.1,227,2020,1,Mon,FALSE,Winter,FALSE,Moderate
2020-01-21,KC1,16.66,36.42,40.27,3.9,3.1,107,2020,1,Tue,FALSE,Winter,FALSE,Moderate
2020-01-22,KC1,9.46,32.02,34.04,1.9,3.3,205,2020,1,Wed,FALSE,Winter,FALSE,Good
2020-01-23,KC1,16.17,54.29,26.87,1.9,3.2,225,2020,1,Thu,FALSE,Winter,FALSE,Moderate
2020-01-24,KC1,12.12,31.99,33.11,2.2,9.7,119,2020,1,Fri,FALSE,Winter,FALSE,Moderate
2020-01-25,KC1,17.9,39.35,36.29,2,3,92,2020,1,Sat,TRUE,Winter,FALSE,Moderate
2020-01-26,KC1,20.49,53.07,28.49,6,3.6,121,2020,1,Sun,TRUE,Winter,FALSE,Unhealthy (sensitive)
2020-01-27,KC1,11.35,36.03,42.62,3.4,5.8,182,2020,1,Mon,FALSE,Winter,FALSE,Moderate
2020-01-28,KC1,22.04,61.82,20.38,5.8,3.5,221,2020,1,Tue,FALSE,Winter,FALSE,Unhealthy (sensitive)
2020-01-29,KC1,12.85,45.95,28.27,4.9,3.3,29,2020,1,Wed,FALSE,Winter,FALSE,Moderate
2020-01-30,KC1,16.37,62.79,14.61,1.1,9.6,230,2020,1,Thu,FALSE,Winter,FALSE,Moderate
2020-01-31,KC1,14.07,31.29,38.02,3.1,3.6,10,2020,1,Fri,FALSE,Winter,FALSE,Moderate
2020-02-01,KC1,12.35,42.44,27.13,0.8,8.8,24,2020,2,Sat,TRUE,Winter,FALSE,Moderate
2020-02-02,KC1,11.57,33.65,37.87,5.7,9.1,150,2020,2,Sun,TRUE,Winter,FALSE,Moderate
2020-02-03,KC1,16.63,51.02,31.64,5,3.1,197,2020,2,Mon,FALSE,Winter,FALSE,Moderate
2020-02-04,KC1,18.82,51,24.15,3.7,5.1,105,2020,2,Tue,FALSE,Winter,FALSE,Moderate
2020-02-05,KC1,14.1,46.59,34.3,4.4,3.4,305,2020,2,Wed,FALSE,Winter,FALSE,Moderate
2020-02-06,KC1,18.21,51.26,28.86,-0.1,1.4,336,2020,2,Thu,FALSE,Winter,FALSE,Moderate
2020-02-07,KC1,20.64,64.2,28.39,5.5,2.5,145,2020,2,Fri,FALSE,Winter,FALSE,Unhealthy (sensitive)
2020-02-08,KC1,9.85,29.92,46.52,3.8,5.6,247,2020,2,Sat,TRUE,Winter,FALSE,Good
2020-02-09,KC1,14.53,43.09,40.81,2.8,4.6,253,2020,2,Sun,TRUE,Winter,FALSE,Moderate
2020-02-10,KC1,16.07,38.86,37.43,5.3,5.6,208,2020,2,Mon,FALSE,Winter,FALSE,Moderate
2020-02-11,KC1,11.47,38.03,39.02,2.3,3.5,244,2020,2,Tue,FALSE,Winter,FALSE,Moderate
2020-02-12,KC1,16.68,45.23,29.85,5.1,7.3,98,2020,2,Wed,FALSE,Winter,FALSE,Moderate
2020-02-13,KC1,13.76,38.6,26.31,9.8,3.3,165,2020,2,Thu,FALSE,Winter,FALSE,Moderate
2020-02-14,KC1,16.55,43.22,26.35,7.3,6.7,261,2020,2,Fri,FALSE,Winter,FALSE,Moderate
2020-02-15,KC1,15.73,44.31,27.56,3.8,4.4,84,2020,2,Sat,TRUE,Winter,FALSE,Moderate
2020-02-16,KC1,11.74,32.69,36.95,4.4,4.1,271,2020,2,Sun,TRUE,Winter,FALSE,Moderate
2020-02-17,KC1,10.76,45.8,30.09,8.3,3.3,71,2020,2,Mon,FALSE,Winter,FALSE,Moderate
2020-02-18,KC1,17.4,57.48,37,9.9,6.6,123,2020,2,Tue,FALSE,Winter,FALSE,Moderate
2020-02-19,KC1,15.95,43.15,23.03,4.7,3,124,2020,2,Wed,FALSE,Winter,FALSE,Moderate
2020-02-20,KC1,15.66,44.26,27.26,5.8,3,349,2020,2,Thu,FALSE,Winter,FALSE,Moderate
2020-02-21,KC1,18.23,52.01,37.48,4.9,1.4,102,2020,2,Fri,FALSE,Winter,FALSE,Moderate
2020-02-22,KC1,12.97,47.01,30.54,6.9,4.2,110,2020,2,Sat,TRUE,Winter,FALSE,Moderate
2020-02-23,KC1,12.8,42.72,28.73,8.3,3.3,224,2020,2,Sun,TRUE,Winter,FALSE,Moderate
2020-02-24,KC1,14.11,42.28,33.62,3.9,3,259,2020,2,Mon,FALSE,Winter,FALSE,Moderate
2020-02-25,KC1,14.11,41.73,34.21,4,3.3,221,2020,2,Tue,FALSE,Winter,FALSE,Moderate
2020-02-26,KC1,17.87,51.41,32.99,4.6,5.2,34,2020,2,Wed,FALSE,Winter,FALSE,Moderate
2020-02-27,KC1,10.44,33.26,42.23,5.9,2.7,115,2020,2,Thu,FALSE,Winter,FALSE,Moderate
2020-02-28,KC1,17.07,54.6,43.68,8.9,1.2,138,2020,2,Fri,FALSE,Winter,FALSE,Moderate
2020-02-29,KC1,16.12,41.52,29.01,6.7,3.2,256,2020,2,Sat,TRUE,Winter,FALSE,Moderate
2020-03-01,KC1,17.22,50.76,19.66,4.8,1.5,264,2020,3,Sun,TRUE,Spring,FALSE,Moderate
2020-03-02,KC1,12.23,26.69,30.58,8,3.1,218,2020,3,Mon,FALSE,Spring,FALSE,Moderate
2020-03-03,KC1,17.27,37.3,32.77,11.8,5.3,52,2020,3,Tue,FALSE,Spring,FALSE,Moderate
2020-03-04,KC1,17.32,45.78,34.76,7.2,5.8,77,2020,3,Wed,FALSE,Spring,FALSE,Moderate
2020-03-05,KC1,11.46,34.21,30.49,7,4.8,4,2020,3,Thu,FALSE,Spring,FALSE,Moderate
2020-03-06,KC1,13.11,53.34,36.7,6.9,4.9,128,2020,3,Fri,FALSE,Spring,FALSE,Moderate
2020-03-07,KC1,8.66,31.06,32.85,8.3,3.4,218,2020,3,Sat,TRUE,Spring,FALSE,Good
2020-03-08,KC1,11.94,26.37,34.01,7.4,3.4,181,2020,3,Sun,TRUE,Spring,FALSE,Moderate
2020-03-09,KC1,19.39,45.05,20.25,7.1,5.1,308,2020,3,Mon,FALSE,Spring,FALSE,Moderate
2020-03-10,KC1,12.56,40.22,25.37,6.5,8.1,257,2020,3,Tue,FALSE,Spring,FALSE,Moderate
2020-03-11,KC1,14.38,23.88,26.61,8.6,1.8,154,2020,3,Wed,FALSE,Spring,FALSE,Moderate
2020-03-12,KC1,20.24,39.69,30.58,7.9,3,332,2020,3,Thu,FALSE,Spring,FALSE,Unhealthy (sensitive)
2020-03-13,KC1,12.51,29.55,34.18,9.2,6.2,203,2020,3,Fri,FALSE,Spring,FALSE,Moderate
2020-03-14,KC1,15.24,46.75,36.6,10.6,1.9,90,2020,3,Sat,TRUE,Spring,FALSE,Moderate
2020-03-15,KC1,9.83,33.38,33,7.2,1.9,34,2020,3,Sun,TRUE,Spring,FALSE,Good
2020-03-16,KC1,15.34,50.7,32.61,9.1,2.7,280,2020,3,Mon,FALSE,Spring,FALSE,Moderate
2020-03-17,KC1,13.62,26.29,21.77,8.2,8.5,323,2020,3,Tue,FALSE,Spring,FALSE,Moderate
2020-03-18,KC1,15.11,46.82,31.87,8.4,4.8,185,2020,3,Wed,FALSE,Spring,FALSE,Moderate
2020-03-19,KC1,13.81,44.12,26.44,11.3,4.9,98,2020,3,Thu,FALSE,Spring,FALSE,Moderate
2020-03-20,KC1,13.32,50.76,22.09,10.7,2.8,188,2020,3,Fri,FALSE,Spring,FALSE,Moderate
2020-03-21,KC1,10.08,22.83,21.98,11.4,2.4,14,2020,3,Sat,TRUE,Spring,FALSE,Moderate
2020-03-22,KC1,11.94,19.73,39.39,9.3,1.1,302,2020,3,Sun,TRUE,Spring,FALSE,Moderate
2020-03-23,KC1,17.4,55.5,31.22,11.7,4.8,136,2020,3,Mon,FALSE,Spring,FALSE,Moderate
2020-03-24,KC1,16.47,54.99,33.28,11.1,3.2,295,2020,3,Tue,FALSE,Spring,FALSE,Moderate
2020-03-25,KC1,10.48,30.97,24.24,8.8,7.4,246,2020,3,Wed,FALSE,Spring,FALSE,Moderate
2020-03-26,KC1,7.85,20.99,45.75,11.5,5,89,2020,3,Thu,FALSE,Spring,FALSE,Good
2020-03-27,KC1,17.14,46.36,24.56,8.4,5.3,237,2020,3,Fri,FALSE,Spring,FALSE,Moderate
2020-03-28,KC1,7.18,17.6,43.75,11.6,3.6,35,2020,3,Sat,TRUE,Spring,FALSE,Good
2020-03-29,KC1,6.54,13.08,40.76,13.4,5.8,160,2020,3,Sun,TRUE,Spring,FALSE,Good
2020-03-30,KC1,11.42,36.23,24.76,13,5.8,88,2020,3,Mon,FALSE,Spring,FALSE,Moderate
2020-03-31,KC1,12.88,20.74,39.82,13.1,2.2,355,2020,3,Tue,FALSE,Spring,FALSE,Moderate
2020-04-01,KC1,13.64,22.04,51.59,11.8,3,303,2020,4,Wed,FALSE,Spring,FALSE,Moderate
2020-04-02,KC1,15.13,41.28,28.84,13.4,2.6,305,2020,4,Thu,FALSE,Spring,FALSE,Moderate
2020-04-03,KC1,15.1,39.34,23.47,11,24.2,45,2020,4,Fri,FALSE,Spring,FALSE,Moderate
2020-04-04,KC1,9.15,37.28,23.37,12.8,3.5,198,2020,4,Sat,TRUE,Spring,FALSE,Good
2020-04-05,KC1,10.01,31.14,35.01,11.7,4.4,121,2020,4,Sun,TRUE,Spring,FALSE,Moderate
2020-04-06,KC1,12.41,35.66,36.95,10.4,3.7,58,2020,4,Mon,FALSE,Spring,FALSE,Moderate
2020-04-07,KC1,8.8,35.97,37.08,12,7.1,168,2020,4,Tue,FALSE,Spring,FALSE,Good
2020-04-08,KC1,10.57,21.48,39.49,9.5,2.2,262,2020,4,Wed,FALSE,Spring,FALSE,Moderate
2020-04-09,KC1,11.47,24.62,30,11.4,4,112,2020,4,Thu,FALSE,Spring,FALSE,Moderate
2020-04-10,KC1,12.89,43.69,29.74,13.2,1,110,2020,4,Fri,FALSE,Spring,FALSE,Moderate
2020-04-11,KC1,7.06,31.16,25.32,11.6,3.5,17,2020,4,Sat,TRUE,Spring,FALSE,Good
2020-04-12,KC1,11.48,28.34,41.36,14.3,2.9,294,2020,4,Sun,TRUE,Spring,FALSE,Moderate
2020-04-13,KC1,10.71,26.16,41.31,12.9,5,265,2020,4,Mon,FALSE,Spring,FALSE,Moderate
2020-04-14,KC1,6.95,19.38,38.59,14.5,12.3,286,2020,4,Tue,FALSE,Spring,FALSE,Good
2020-04-15,KC1,10.68,23.37,45.51,14.6,5.7,134,2020,4,Wed,FALSE,Spring,FALSE,Moderate
2020-04-16,KC1,11.63,47.07,27.95,14.1,3.6,284,2020,4,Thu,FALSE,Spring,FALSE,Moderate
2020-04-17,KC1,11.66,22.33,36.92,13.9,3,312,2020,4,Fri,FALSE,Spring,FALSE,Moderate
2020-04-18,KC1,7.84,23.37,31.54,18.6,3.6,94,2020,4,Sat,TRUE,Spring,FALSE,Good
2020-04-19,KC1,8.7,27.99,34.19,10.5,5.6,0,2020,4,Sun,TRUE,Spring,FALSE,Good
2020-04-20,KC1,11.11,35.17,27.51,11.5,2.2,219,2020,4,Mon,FALSE,Spring,FALSE,Moderate
2020-04-21,KC1,6.87,15.26,44.61,13.8,2.7,15,2020,4,Tue,FALSE,Spring,FALSE,Good
2020-04-22,KC1,16.49,42.61,34.87,12.2,6.8,61,2020,4,Wed,FALSE,Spring,FALSE,Moderate
2020-04-23,KC1,7.73,26.57,37.53,12.5,6,311,2020,4,Thu,FALSE,Spring,FALSE,Good
2020-04-24,KC1,11.74,42.17,35.92,16.2,2.3,108,2020,4,Fri,FALSE,Spring,FALSE,Moderate
2020-04-25,KC1,14.42,39.51,42.71,14.8,4.9,111,2020,4,Sat,TRUE,Spring,FALSE,Moderate
2020-04-26,KC1,6.78,22.43,40.71,16.1,2,265,2020,4,Sun,TRUE,Spring,FALSE,Good
2020-04-27,KC1,9.86,40.91,44.79,19.3,4.9,205,2020,4,Mon,FALSE,Spring,FALSE,Good
2020-04-28,KC1,13.13,30.52,47.13,13.3,4.2,85,2020,4,Tue,FALSE,Spring,FALSE,Moderate
2020-04-29,KC1,9.24,25.84,32.18,14.1,5,14,2020,4,Wed,FALSE,Spring,FALSE,Good
2020-04-30,KC1,6.28,16.15,37.73,10.2,3.8,250,2020,4,Thu,FALSE,Spring,FALSE,Good
2020-05-01,KC1,7.9,19.62,42.97,15.4,7.8,172,2020,5,Fri,FALSE,Spring,FALSE,Good
2020-05-02,KC1,13.19,21.2,44.75,16.4,2.3,68,2020,5,Sat,TRUE,Spring,FALSE,Moderate
2020-05-03,KC1,5.77,20.99,31.79,16.5,5.3,102,2020,5,Sun,TRUE,Spring,FALSE,Good
2020-05-04,KC1,9.83,31.19,37.77,18.2,10.4,140,2020,5,Mon,FALSE,Spring,FALSE,Good
2020-05-05,KC1,13.42,48.93,31.92,20.4,8,95,2020,5,Tue,FALSE,Spring,FALSE,Moderate
2020-05-06,KC1,12.92,41.76,32.37,16,2,131,2020,5,Wed,FALSE,Spring,FALSE,Moderate
2020-05-07,KC1,7.84,20.08,46.69,15.4,5,133,2020,5,Thu,FALSE,Spring,FALSE,Good
2020-05-08,KC1,9.25,26.53,34.03,15.5,2.4,323,2020,5,Fri,FALSE,Spring,FALSE,Good
2020-05-09,KC1,8.75,20.43,43.9,12.3,3.1,298,2020,5,Sat,TRUE,Spring,FALSE,Good
2020-05-10,KC1,8.91,29.17,51.62,13.9,3.1,295,2020,5,Sun,TRUE,Spring,FALSE,Good
2020-05-11,KC1,8.17,27.87,35.36,15.7,9,198,2020,5,Mon,FALSE,Spring,FALSE,Good
2020-05-12,KC1,9.5,18.72,45.9,16.8,4,346,2020,5,Tue,FALSE,Spring,FALSE,Good
2020-05-13,KC1,8.4,35.99,32.8,14.4,2.7,33,2020,5,Wed,FALSE,Spring,FALSE,Good
2020-05-14,KC1,9.92,26.21,32.44,15.9,2.9,293,2020,5,Thu,FALSE,Spring,FALSE,Good
2020-05-15,KC1,10.08,33.09,35.54,19.7,6,231,2020,5,Fri,FALSE,Spring,FALSE,Moderate
2020-05-16,KC1,6.8,18.14,36.57,17.8,2,78,2020,5,Sat,TRUE,Spring,FALSE,Good
2020-05-17,KC1,6.6,10.06,36.04,13.3,3.4,64,2020,5,Sun,TRUE,Spring,FALSE,Good
2020-05-18,KC1,2.17,10.76,43.62,15.9,7.1,273,2020,5,Mon,FALSE,Spring,FALSE,Good
2020-05-19,KC1,9.16,23.93,49.13,17.8,5,42,2020,5,Tue,FALSE,Spring,FALSE,Good
2020-05-20,KC1,2.22,5,47.35,16.1,17.9,131,2020,5,Wed,FALSE,Spring,FALSE,Good
2020-05-21,KC1,9.46,22.14,42.7,17,3.5,337,2020,5,Thu,FALSE,Spring,FALSE,Good
2020-05-22,KC1,5.65,22.47,29.78,16.3,3.5,174,2020,5,Fri,FALSE,Spring,FALSE,Good
2020-05-23,KC1,8.86,29.87,39.43,18.2,5.8,9,2020,5,Sat,TRUE,Spring,FALSE,Good
2020-05-24,KC1,13.36,19.65,40.12,17.5,3.6,347,2020,5,Sun,TRUE,Spring,FALSE,Moderate
2020-05-25,KC1,6.16,5,43.7,18.8,5.6,300,2020,5,Mon,FALSE,Spring,FALSE,Good
2020-05-26,KC1,10.98,21.66,30.08,18.4,5.8,208,2020,5,Tue,FALSE,Spring,FALSE,Moderate
2020-05-27,KC1,10.48,25.82,38.85,17.8,4.1,185,2020,5,Wed,FALSE,Spring,FALSE,Moderate
2020-05-28,KC1,10.98,46.04,28.6,20.8,5.3,38,2020,5,Thu,FALSE,Spring,FALSE,Moderate
2020-05-29,KC1,6.53,16.78,25.89,21.7,4.1,279,2020,5,Fri,FALSE,Spring,FALSE,Good
2020-05-30,KC1,4.41,6.06,39.61,17.1,3.1,231,2020,5,Sat,TRUE,Spring,FALSE,Good
2020-05-31,KC1,8.36,22.52,40.43,18,2.4,144,2020,5,Sun,TRUE,Spring,FALSE,Good
2020-06-01,KC1,6.57,31.43,33.55,22.7,3.2,246,2020,6,Mon,FALSE,Summer,FALSE,Good
2020-06-02,KC1,4.69,7.22,37.49,19.7,5.1,192,2020,6,Tue,FALSE,Summer,FALSE,Good
2020-06-03,KC1,8.34,24.63,41.59,20.5,3,112,2020,6,Wed,FALSE,Summer,FALSE,Good
2020-06-04,KC1,3.63,7.61,40.22,15.9,5.1,119,2020,6,Thu,FALSE,Summer,FALSE,Good
2020-06-05,KC1,5.65,6.31,38.43,20.6,6.7,264,2020,6,Fri,FALSE,Summer,FALSE,Good
2020-06-06,KC1,4.34,18.06,44.62,18.5,4.6,294,2020,6,Sat,TRUE,Summer,FALSE,Good
2020-06-07,KC1,2.98,5,42.19,15.9,2.5,140,2020,6,Sun,TRUE,Summer,FALSE,Good
2020-06-08,KC1,8.61,8.75,48.41,18,5.3,325,2020,6,Mon,FALSE,Summer,FALSE,Good
2020-06-09,KC1,3.4,7.23,37.93,20.1,4.1,149,2020,6,Tue,FALSE,Summer,FALSE,Good
2020-06-10,KC1,7.19,22.95,42.08,14,1.5,186,2020,6,Wed,FALSE,Summer,FALSE,Good
2020-06-11,KC1,6.62,16.34,41.45,20.6,3.8,307,2020,6,Thu,FALSE,Summer,FALSE,Good
2020-06-12,KC1,6.67,22.29,36.78,20.2,2.5,20,2020,6,Fri,FALSE,Summer,FALSE,Good
2020-06-13,KC1,2.21,5,39.14,15.5,5,278,2020,6,Sat,TRUE,Summer,FALSE,Good
2020-06-14,KC1,2.94,19.23,43.59,16.3,5.3,187,2020,6,Sun,TRUE,Summer,FALSE,Good
2020-06-15,KC1,4.24,19.31,42.27,16.6,3.7,342,2020,6,Mon,FALSE,Summer,FALSE,Good
2020-06-16,KC1,2.05,5,42.32,19.9,1.5,115,2020,6,Tue,FALSE,Summer,FALSE,Good
2020-06-17,KC1,7.2,30.13,32.15,17.5,5.2,161,2020,6,Wed,FALSE,Summer,FALSE,Good
2020-06-18,KC1,4.98,17.1,31.41,16,4,262,2020,6,Thu,FALSE,Summer,FALSE,Good
2020-06-19,KC1,5.45,9.54,45.69,20.3,2.9,215,2020,6,Fri,FALSE,Summer,FALSE,Good
2020-06-20,KC1,6.53,14.08,32.32,19.4,6.1,270,2020,6,Sat,TRUE,Summer,FALSE,Good
2020-06-21,KC1,2.43,5.89,46.91,20.4,2.5,120,2020,6,Sun,TRUE,Summer,FALSE,Good
2020-06-22,KC1,6.18,25.9,33.54,16.3,4.8,351,2020,6,Mon,FALSE,Summer,FALSE,Good
2020-06-23,KC1,1.76,5,42.25,20.5,7,137,2020,6,Tue,FALSE,Summer,FALSE,Good
2020-06-24,KC1,2.17,5,44.35,16.8,3.6,60,2020,6,Wed,FALSE,Summer,FALSE,Good
2020-06-25,KC1,4.46,16.65,38.32,17.9,5.1,125,2020,6,Thu,FALSE,Summer,FALSE,Good
2020-06-26,KC1,3.91,5,44.22,21.8,3.9,357,2020,6,Fri,FALSE,Summer,FALSE,Good
2020-06-27,KC1,1,9.85,46.45,16.5,3.5,303,2020,6,Sat,TRUE,Summer,FALSE,Good
2020-06-28,KC1,1.88,5,36.03,21.1,4.5,162,2020,6,Sun,TRUE,Summer,FALSE,Good
2020-06-29,KC1,5.79,21.7,41.5,24.3,4.3,77,2020,6,Mon,FALSE,Summer,FALSE,Good
2020-06-30,KC1,2.47,12.52,41,16.1,5.8,302,2020,6,Tue,FALSE,Summer,FALSE,Good
2020-07-01,KC1,3.04,5.63,43.4,15.9,2.6,82,2020,7,Wed,FALSE,Summer,FALSE,Good
2020-07-02,KC1,7.39,19.73,47.49,20.4,3.5,21,2020,7,Thu,FALSE,Summer,FALSE,Good
2020-07-03,KC1,7.09,19.19,41.66,17,4.7,6,2020,7,Fri,FALSE,Summer,FALSE,Good
2020-07-04,KC1,4.15,20.53,55.22,18.1,3.4,54,2020,7,Sat,TRUE,Summer,FALSE,Good
2020-07-05,KC1,1.62,5,39.6,16.4,6.8,266,2020,7,Sun,TRUE,Summer,FALSE,Good
2020-07-06,KC1,6.8,20.71,39.95,15.6,4.8,274,2020,7,Mon,FALSE,Summer,FALSE,Good
2020-07-07,KC1,8.84,42.25,44.04,19.9,5.9,138,2020,7,Tue,FALSE,Summer,FALSE,Good
2020-07-08,KC1,10.44,18.16,29.01,19.1,5.1,22,2020,7,Wed,FALSE,Summer,FALSE,Moderate
2020-07-09,KC1,4.64,30.05,41.42,15.3,2.5,36,2020,7,Thu,FALSE,Summer,FALSE,Good
2020-07-10,KC1,5.58,12.76,35.92,16.4,2.6,174,2020,7,Fri,FALSE,Summer,FALSE,Good
2020-07-11,KC1,1,9.96,45.38,17.4,6.3,101,2020,7,Sat,TRUE,Summer,FALSE,Good
2020-07-12,KC1,8.11,38.41,32.11,17,3.7,130,2020,7,Sun,TRUE,Summer,FALSE,Good
2020-07-13,KC1,10.52,35.78,34.69,17.8,2.8,68,2020,7,Mon,FALSE,Summer,FALSE,Moderate
2020-07-14,KC1,2.28,13.06,23.94,20.7,2.1,134,2020,7,Tue,FALSE,Summer,FALSE,Good
2020-07-15,KC1,6.21,10.38,41.91,15.5,5.7,32,2020,7,Wed,FALSE,Summer,FALSE,Good
2020-07-16,KC1,7.06,17.85,41.28,20.7,2.6,159,2020,7,Thu,FALSE,Summer,FALSE,Good
2020-07-17,KC1,6.65,9.84,40.04,19.1,1.3,69,2020,7,Fri,FALSE,Summer,FALSE,Good
2020-07-18,KC1,1,5,46.29,14.2,3.7,332,2020,7,Sat,TRUE,Summer,FALSE,Good
2020-07-19,KC1,1.53,6.39,44.27,17,2.9,236,2020,7,Sun,TRUE,Summer,FALSE,Good
2020-07-20,KC1,6.67,5,44.04,15.2,5,171,2020,7,Mon,FALSE,Summer,FALSE,Good
2020-07-21,KC1,7.27,20.84,38.48,19.6,2.9,321,2020,7,Tue,FALSE,Summer,FALSE,Good
2020-07-22,KC1,9.88,24.22,36.86,16.1,4.8,342,2020,7,Wed,FALSE,Summer,FALSE,Good
2020-07-23,KC1,10.61,24.56,38.16,14.9,3.1,27,2020,7,Thu,FALSE,Summer,FALSE,Moderate
2020-07-24,KC1,4.45,19.81,24.26,16.7,3.7,139,2020,7,Fri,FALSE,Summer,FALSE,Good
2020-07-25,KC1,2.61,5,35.76,19.5,5.4,325,2020,7,Sat,TRUE,Summer,FALSE,Good
2020-07-26,KC1,4,25.13,30.06,18.7,2.6,351,2020,7,Sun,TRUE,Summer,FALSE,Good
2020-07-27,KC1,1.78,5,48.12,16.2,2.6,89,2020,7,Mon,FALSE,Summer,FALSE,Good
2020-07-28,KC1,6.47,20.58,37.83,15.6,2.8,318,2020,7,Tue,FALSE,Summer,FALSE,Good
2020-07-29,KC1,5.39,29.14,38.81,15.9,3.6,41,2020,7,Wed,FALSE,Summer,FALSE,Good
2020-07-30,KC1,11.21,22.77,38.74,17.1,7.9,182,2020,7,Thu,FALSE,Summer,FALSE,Moderate
2020-07-31,KC1,8.94,21.16,52.69,14.5,3.2,243,2020,7,Fri,FALSE,Summer,FALSE,Good
2020-08-01,KC1,2.95,5,35.07,17.9,2.7,153,2020,8,Sat,TRUE,Summer,FALSE,Good
2020-08-02,KC1,2.78,5,44.17,18.8,4.8,322,2020,8,Sun,TRUE,Summer,FALSE,Good
2020-08-03,KC1,3.17,7.41,40.39,19,5.2,223,2020,8,Mon,FALSE,Summer,FALSE,Good
2020-08-04,KC1,10.31,25.86,22.86,12.5,9,158,2020,8,Tue,FALSE,Summer,FALSE,Moderate
2020-08-05,KC1,6.72,5.66,35.57,17.1,2.3,49,2020,8,Wed,FALSE,Summer,FALSE,Good
2020-08-06,KC1,6.28,16.24,41.23,16.4,2.9,271,2020,8,Thu,FALSE,Summer,FALSE,Good
2020-08-07,KC1,5.1,26.1,35.83,13.7,3.6,103,2020,8,Fri,FALSE,Summer,FALSE,Good
2020-08-08,KC1,1,5,45.78,15.1,6.6,18,2020,8,Sat,TRUE,Summer,FALSE,Good
2020-08-09,KC1,8.57,12.64,42.18,14.9,2.8,346,2020,8,Sun,TRUE,Summer,FALSE,Good
2020-08-10,KC1,5.65,25.05,35.56,17.8,1.6,78,2020,8,Mon,FALSE,Summer,FALSE,Good
2020-08-11,KC1,8.07,25.46,37.29,15.4,3.6,301,2020,8,Tue,FALSE,Summer,FALSE,Good
2020-08-12,KC1,8.94,23.98,45.29,14.9,3.4,89,2020,8,Wed,FALSE,Summer,FALSE,Good
2020-08-13,KC1,1,6.3,40.4,12.2,8.9,32,2020,8,Thu,FALSE,Summer,FALSE,Good
2020-08-14,KC1,7.72,23.32,41.46,16.5,4.1,329,2020,8,Fri,FALSE,Summer,FALSE,Good
2020-08-15,KC1,2.44,5,36.02,15.3,1.5,23,2020,8,Sat,TRUE,Summer,FALSE,Good
2020-08-16,KC1,6.56,19.02,39.11,15.1,7.7,208,2020,8,Sun,TRUE,Summer,FALSE,Good
2020-08-17,KC1,6.37,21.19,41.2,17.9,3.9,25,2020,8,Mon,FALSE,Summer,FALSE,Good
2020-08-18,KC1,12.87,40.45,31.77,15.1,4.6,351,2020,8,Tue,FALSE,Summer,FALSE,Moderate
2020-08-19,KC1,1.55,5,40.08,12.7,2.8,253,2020,8,Wed,FALSE,Summer,FALSE,Good
2020-08-20,KC1,7.79,25.1,44.57,16,3.6,148,2020,8,Thu,FALSE,Summer,FALSE,Good
2020-08-21,KC1,6.45,24.77,37.46,10,2.8,240,2020,8,Fri,FALSE,Summer,FALSE,Good
2020-08-22,KC1,6.05,26.06,37.28,16.4,3.5,59,2020,8,Sat,TRUE,Summer,FALSE,Good
2020-08-23,KC1,2.03,5,43.4,14.6,4.9,315,2020,8,Sun,TRUE,Summer,FALSE,Good
2020-08-24,KC1,8.89,23.41,45.63,13.1,5.7,261,2020,8,Mon,FALSE,Summer,FALSE,Good
2020-08-25,KC1,8.94,19.33,41.8,12.6,3.7,300,2020,8,Tue,FALSE,Summer,FALSE,Good
2020-08-26,KC1,7.88,15.69,32.71,16.3,1.6,59,2020,8,Wed,FALSE,Summer,FALSE,Good
2020-08-27,KC1,4.68,8.74,41.45,14.8,3.1,107,2020,8,Thu,FALSE,Summer,FALSE,Good
2020-08-28,KC1,4.12,5,51.95,14.7,2.1,33,2020,8,Fri,FALSE,Summer,FALSE,Good
2020-08-29,KC1,1,6.65,48.24,9.2,1.7,358,2020,8,Sat,TRUE,Summer,FALSE,Good
2020-08-30,KC1,9.55,30.22,36.63,13.6,3.7,72,2020,8,Sun,TRUE,Summer,FALSE,Good
2020-08-31,KC1,3.14,5,42.86,12.8,4.1,272,2020,8,Mon,FALSE,Summer,FALSE,Good
2020-09-01,KC1,8.56,16.13,42.18,10.5,6.7,175,2020,9,Tue,FALSE,Autumn,FALSE,Good
2020-09-02,KC1,9.75,35.73,37.31,11.1,2.9,95,2020,9,Wed,FALSE,Autumn,FALSE,Good
2020-09-03,KC1,2.3,5,35.73,13.9,7.1,174,2020,9,Thu,FALSE,Autumn,FALSE,Good
2020-09-04,KC1,8.92,31.38,31.28,12.4,2.3,314,2020,9,Fri,FALSE,Autumn,FALSE,Good
2020-09-05,KC1,6.82,19.42,40.13,12.3,7.3,85,2020,9,Sat,TRUE,Autumn,FALSE,Good
2020-09-06,KC1,3.03,15.29,27.93,12.9,2.4,270,2020,9,Sun,TRUE,Autumn,FALSE,Good
2020-09-07,KC1,6.41,37.9,42.95,11,3.5,175,2020,9,Mon,FALSE,Autumn,FALSE,Good
2020-09-08,KC1,1,5,44.5,15.7,3.7,331,2020,9,Tue,FALSE,Autumn,FALSE,Good
2020-09-09,KC1,11.64,24.33,40.81,10.5,3.9,162,2020,9,Wed,FALSE,Autumn,FALSE,Moderate
2020-09-10,KC1,3.67,5,44.95,10.5,3,92,2020,9,Thu,FALSE,Autumn,FALSE,Good
2020-09-11,KC1,7.39,24.19,33.55,11.3,3.9,283,2020,9,Fri,FALSE,Autumn,FALSE,Good
2020-09-12,KC1,7.82,20.18,30.31,14.5,2.1,208,2020,9,Sat,TRUE,Autumn,FALSE,Good
2020-09-13,KC1,6.6,16.62,39.92,12.7,3.6,211,2020,9,Sun,TRUE,Autumn,FALSE,Good
2020-09-14,KC1,9.13,22.81,38.44,13.5,4.7,254,2020,9,Mon,FALSE,Autumn,FALSE,Good
2020-09-15,KC1,4.37,14.73,41.7,10.9,1.3,342,2020,9,Tue,FALSE,Autumn,FALSE,Good
2020-09-16,KC1,8.31,30.22,39.56,7.9,7.8,218,2020,9,Wed,FALSE,Autumn,FALSE,Good
2020-09-17,KC1,7.44,21.98,32.34,8.8,5.9,60,2020,9,Thu,FALSE,Autumn,FALSE,Good
2020-09-18,KC1,9.67,27.24,38.49,10.9,2.2,293,2020,9,Fri,FALSE,Autumn,FALSE,Good
2020-09-19,KC1,8.57,36.75,29.82,11.4,3.6,179,2020,9,Sat,TRUE,Autumn,FALSE,Good
2020-09-20,KC1,6.18,14.4,37.17,7.8,4.2,73,2020,9,Sun,TRUE,Autumn,FALSE,Good
2020-09-21,KC1,15.73,35.72,26.41,8.2,16.1,8,2020,9,Mon,FALSE,Autumn,FALSE,Moderate
2020-09-22,KC1,2.1,6.42,36.7,8.4,3.8,80,2020,9,Tue,FALSE,Autumn,FALSE,Good
2020-09-23,KC1,12.56,21.27,44.25,8.2,9.2,263,2020,9,Wed,FALSE,Autumn,FALSE,Moderate
2020-09-24,KC1,6.66,8.29,47.11,8.5,3,90,2020,9,Thu,FALSE,Autumn,FALSE,Good
2020-09-25,KC1,9.08,35.42,33.82,10.6,1.9,213,2020,9,Fri,FALSE,Autumn,FALSE,Good
2020-09-26,KC1,1,12.18,35.67,6.4,2.1,89,2020,9,Sat,TRUE,Autumn,FALSE,Good
2020-09-27,KC1,5.44,36.41,27.04,11.3,3.2,108,2020,9,Sun,TRUE,Autumn,FALSE,Good
2020-09-28,KC1,9.62,17.43,35.96,12.1,6.9,43,2020,9,Mon,FALSE,Autumn,FALSE,Good
2020-09-29,KC1,9.11,19.04,33.47,12.2,4.4,65,2020,9,Tue,FALSE,Autumn,FALSE,Good
2020-09-30,KC1,10.01,23.58,46.23,10,3.1,209,2020,9,Wed,FALSE,Autumn,FALSE,Moderate
2020-10-01,KC1,15.63,47.5,24.13,9.3,4.2,317,2020,10,Thu,FALSE,Autumn,FALSE,Moderate
2020-10-02,KC1,10.16,24.47,56.3,7.1,3,79,2020,10,Fri,FALSE,Autumn,FALSE,Moderate
2020-10-03,KC1,5.33,22.25,38.31,8.7,3.3,81,2020,10,Sat,TRUE,Autumn,FALSE,Good
2020-10-04,KC1,9.84,29.8,35.21,7,3.4,315,2020,10,Sun,TRUE,Autumn,FALSE,Good
2020-10-05,KC1,10.96,29.3,42.21,13.4,2.9,232,2020,10,Mon,FALSE,Autumn,FALSE,Moderate
2020-10-06,KC1,12.11,32.44,28.57,6.6,2.6,232,2020,10,Tue,FALSE,Autumn,FALSE,Moderate
2020-10-07,KC1,10.81,23.01,36,7.4,3.1,142,2020,10,Wed,FALSE,Autumn,FALSE,Moderate
2020-10-08,KC1,7.17,20.86,38.44,3.8,3.4,194,2020,10,Thu,FALSE,Autumn,FALSE,Good
2020-10-09,KC1,12.7,36.21,40.87,6.5,5,194,2020,10,Fri,FALSE,Autumn,FALSE,Moderate
2020-10-10,KC1,7.34,26.21,45.81,10.8,2.8,355,2020,10,Sat,TRUE,Autumn,FALSE,Good
2020-10-11,KC1,9.24,11.02,46.4,4.7,2.8,103,2020,10,Sun,TRUE,Autumn,FALSE,Good
2020-10-12,KC1,9.3,17.32,40.08,7.6,1.6,12,2020,10,Mon,FALSE,Autumn,FALSE,Good
2020-10-13,KC1,9.21,19.37,48.78,1.7,2.6,0,2020,10,Tue,FALSE,Autumn,FALSE,Good
2020-10-14,KC1,10.04,25.3,36.47,9.2,6.5,79,2020,10,Wed,FALSE,Autumn,FALSE,Moderate
2020-10-15,KC1,13.98,46.47,37.26,4,1.5,324,2020,10,Thu,FALSE,Autumn,FALSE,Moderate
2020-10-16,KC1,7.43,25.9,33.08,9,4.6,108,2020,10,Fri,FALSE,Autumn,FALSE,Good
2020-10-17,KC1,11.67,29.85,37.28,7.3,4.2,251,2020,10,Sat,TRUE,Autumn,FALSE,Moderate
2020-10-18,KC1,7,9.47,40.08,4.7,4.9,324,2020,10,Sun,TRUE,Autumn,FALSE,Good
2020-10-19,KC1,11.93,31.24,28.63,3.5,6.2,184,2020,10,Mon,FALSE,Autumn,FALSE,Moderate
2020-10-20,KC1,14.8,32.76,29.77,3.4,3.6,126,2020,10,Tue,FALSE,Autumn,FALSE,Moderate
2020-10-21,KC1,6.2,6.72,51.31,5.9,3.9,202,2020,10,Wed,FALSE,Autumn,FALSE,Good
2020-10-22,KC1,7.97,21.59,31.44,3.5,3.9,69,2020,10,Thu,FALSE,Autumn,FALSE,Good
2020-10-23,KC1,9.56,31.89,46.61,2.2,5,4,2020,10,Fri,FALSE,Autumn,FALSE,Good
2020-10-24,KC1,11.92,29.67,46.84,6.4,8.7,266,2020,10,Sat,TRUE,Autumn,FALSE,Moderate
2020-10-25,KC1,7.49,32.59,46.8,5.8,1.8,172,2020,10,Sun,TRUE,Autumn,FALSE,Good
2020-10-26,KC1,18.72,60.12,21.63,5,3.3,239,2020,10,Mon,FALSE,Autumn,FALSE,Moderate
2020-10-27,KC1,10.72,31.95,35.79,7.3,3.1,279,2020,10,Tue,FALSE,Autumn,FALSE,Moderate
2020-10-28,KC1,12.51,45.06,26.1,5,6,70,2020,10,Wed,FALSE,Autumn,FALSE,Moderate
2020-10-29,KC1,15.49,34.73,30.89,9.4,7.8,162,2020,10,Thu,FALSE,Autumn,FALSE,Moderate
2020-10-30,KC1,13.53,40.93,35.47,7,6.2,80,2020,10,Fri,FALSE,Autumn,FALSE,Moderate
2020-10-31,KC1,10.56,31.95,39.53,8.9,4.4,356,2020,10,Sat,TRUE,Autumn,FALSE,Moderate
2020-11-01,KC1,6.82,13.44,41.41,6.5,3.4,334,2020,11,Sun,TRUE,Autumn,FALSE,Good
2020-11-02,KC1,9.77,25.38,37.69,2,2.2,8,2020,11,Mon,FALSE,Autumn,FALSE,Good
2020-11-03,KC1,10.25,13.95,39.57,3.7,1.7,89,2020,11,Tue,FALSE,Autumn,FALSE,Moderate
2020-11-04,KC1,15.07,38.36,36.61,5.1,6.5,318,2020,11,Wed,FALSE,Autumn,FALSE,Moderate
2020-11-05,KC1,13.61,27.16,42.52,4.1,4.8,204,2020,11,Thu,FALSE,Autumn,FALSE,Moderate
2020-11-06,KC1,13.11,42.89,39.34,6.5,5.7,21,2020,11,Fri,FALSE,Autumn,FALSE,Moderate
2020-11-07,KC1,15.3,49.37,25.63,4.8,3.5,256,2020,11,Sat,TRUE,Autumn,FALSE,Moderate
2020-11-08,KC1,3.75,16.01,39.13,4.2,4,106,2020,11,Sun,TRUE,Autumn,FALSE,Good
2020-11-09,KC1,13.97,48.06,32.02,4.1,5.8,19,2020,11,Mon,FALSE,Autumn,FALSE,Moderate
2020-11-10,KC1,13.53,41.55,27,6.4,1.1,84,2020,11,Tue,FALSE,Autumn,FALSE,Moderate
2020-11-11,KC1,14,29.85,32.96,3.1,2.6,188,2020,11,Wed,FALSE,Autumn,FALSE,Moderate
2020-11-12,KC1,15.17,32.78,24.87,3,5.7,44,2020,11,Thu,FALSE,Autumn,FALSE,Moderate
2020-11-13,KC1,17.88,47.92,33.28,6.2,3.2,64,2020,11,Fri,FALSE,Autumn,FALSE,Moderate
2020-11-14,KC1,12.02,28.87,31.28,-2,8,150,2020,11,Sat,TRUE,Autumn,FALSE,Moderate
2020-11-15,KC1,8.31,20.47,44.19,4.2,2.2,76,2020,11,Sun,TRUE,Autumn,FALSE,Good
2020-11-16,KC1,13.48,41.1,30.08,0.7,4.9,33,2020,11,Mon,FALSE,Autumn,FALSE,Moderate
2020-11-17,KC1,15.45,43.99,37.77,-0.3,6.5,345,2020,11,Tue,FALSE,Autumn,FALSE,Moderate
2020-11-18,KC1,17.34,54.89,30.37,4.4,9.3,100,2020,11,Wed,FALSE,Autumn,FALSE,Moderate
2020-11-19,KC1,17.35,38.97,27.34,2.5,1.9,252,2020,11,Thu,FALSE,Autumn,FALSE,Moderate
2020-11-20,KC1,10.05,29.57,35.95,1.9,4,72,2020,11,Fri,FALSE,Autumn,FALSE,Moderate
2020-11-21,KC1,12.01,31.41,43.63,5.9,6.8,288,2020,11,Sat,TRUE,Autumn,FALSE,Moderate
2020-11-22,KC1,14.92,52.4,22.79,5.1,3,186,2020,11,Sun,TRUE,Autumn,FALSE,Moderate
2020-11-23,KC1,13.53,46.86,31.09,2.4,5.5,70,2020,11,Mon,FALSE,Autumn,FALSE,Moderate
2020-11-24,KC1,17.39,53.76,32.06,5,2,239,2020,11,Tue,FALSE,Autumn,FALSE,Moderate
2020-11-25,KC1,12.64,24.03,28.24,4.3,1.8,151,2020,11,Wed,FALSE,Autumn,FALSE,Moderate
2020-11-26,KC1,17.79,55.28,31,1.5,7.9,120,2020,11,Thu,FALSE,Autumn,FALSE,Moderate
2020-11-27,KC1,14.41,30.41,25.29,1.3,5.7,253,2020,11,Fri,FALSE,Autumn,FALSE,Moderate
2020-11-28,KC1,9.63,30.46,31.62,1.1,3.6,258,2020,11,Sat,TRUE,Autumn,FALSE,Good
2020-11-29,KC1,13.04,18.16,41.05,-0.4,4.4,11,2020,11,Sun,TRUE,Autumn,FALSE,Moderate
2020-11-30,KC1,14.04,41.85,33.56,4.1,2.8,341,2020,11,Mon,FALSE,Autumn,FALSE,Moderate
2020-12-01,KC1,9.17,31.22,27.93,1.4,1.8,185,2020,12,Tue,FALSE,Winter,FALSE,Good
2020-12-02,KC1,7.25,25.97,49.19,0.9,3.9,215,2020,12,Wed,FALSE,Winter,FALSE,Good
2020-12-03,KC1,10.97,29.67,40.46,2,5.1,96,2020,12,Thu,FALSE,Winter,FALSE,Moderate
2020-12-04,KC1,17.8,47.52,30.08,3.2,3.3,244,2020,12,Fri,FALSE,Winter,FALSE,Moderate
2020-12-05,KC1,17.06,45.38,36.21,6,14.7,50,2020,12,Sat,TRUE,Winter,FALSE,Moderate
2020-12-06,KC1,14.61,27.45,34.36,5.4,5.3,359,2020,12,Sun,TRUE,Winter,FALSE,Moderate
2020-12-07,KC1,17.48,55.99,24.7,1.5,3.7,166,2020,12,Mon,FALSE,Winter,FALSE,Moderate
2020-12-08,KC1,14.22,33.2,37.16,4.6,1.7,169,2020,12,Tue,FALSE,Winter,FALSE,Moderate
2020-12-09,KC1,13.37,28.56,31.31,2.1,2.5,180,2020,12,Wed,FALSE,Winter,FALSE,Moderate
2020-12-10,KC1,16.48,41.94,37.35,2.3,3.8,14,2020,12,Thu,FALSE,Winter,FALSE,Moderate
2020-12-11,KC1,15.46,32.82,33.5,3.9,1.4,106,2020,12,Fri,FALSE,Winter,FALSE,Moderate
2020-12-12,KC1,20.1,72.63,24.32,3.1,3.4,47,2020,12,Sat,TRUE,Winter,FALSE,Unhealthy (sensitive)
2020-12-13,KC1,14.49,47.01,32.23,0.7,7.8,9,2020,12,Sun,TRUE,Winter,FALSE,Moderate
2020-12-14,KC1,15.75,55.61,25.41,2.4,1.2,34,2020,12,Mon,FALSE,Winter,FALSE,Moderate
2020-12-15,KC1,18.05,57.98,33.58,3.4,4.7,21,2020,12,Tue,FALSE,Winter,FALSE,Moderate
2020-12-16,KC1,15.33,48.06,24.59,2.3,7.6,54,2020,12,Wed,FALSE,Winter,FALSE,Moderate
2020-12-17,KC1,10.44,35.31,33.02,4.9,5,168,2020,12,Thu,FALSE,Winter,FALSE,Moderate
2020-12-18,KC1,17.79,46.95,25,2.3,1.8,57,2020,12,Fri,FALSE,Winter,FALSE,Moderate
2020-12-19,KC1,13.69,45.31,25.63,-1.6,1.4,208,2020,12,Sat,TRUE,Winter,FALSE,Moderate
2020-12-20,KC1,21.03,67.55,21.23,-0.2,8.5,188,2020,12,Sun,TRUE,Winter,FALSE,Unhealthy (sensitive)
2020-12-21,KC1,18.61,45.22,24.51,3.5,8.9,295,2020,12,Mon,FALSE,Winter,FALSE,Moderate
2020-12-22,KC1,15.92,42.05,31.22,2.2,2,184,2020,12,Tue,FALSE,Winter,FALSE,Moderate
2020-12-23,KC1,18.68,56.16,35.9,4.5,1.8,342,2020,12,Wed,FALSE,Winter,FALSE,Moderate
2020-12-24,KC1,14.64,36.24,20.55,1.5,3.2,66,2020,12,Thu,FALSE,Winter,FALSE,Moderate
2020-12-25,KC1,16.44,45.11,25.47,2.3,6.9,30,2020,12,Fri,FALSE,Winter,FALSE,Moderate
2020-12-26,KC1,13.33,43.33,40.71,1.5,7.2,196,2020,12,Sat,TRUE,Winter,FALSE,Moderate
2020-12-27,KC1,10.5,33.44,36.06,1.9,9.3,307,2020,12,Sun,TRUE,Winter,FALSE,Moderate
2020-12-28,KC1,16.5,51.56,31.72,0.9,1.2,179,2020,12,Mon,FALSE,Winter,FALSE,Moderate
2020-12-29,KC1,16.58,48.23,27.96,2.5,4,251,2020,12,Tue,FALSE,Winter,FALSE,Moderate
2020-12-30,KC1,15.9,56.12,29.44,0.7,5.7,73,2020,12,Wed,FALSE,Winter,FALSE,Moderate
2020-12-31,KC1,15.29,45.88,32.51,-1.9,3.3,273,2020,12,Thu,FALSE,Winter,FALSE,Moderate
2021-01-01,KC1,16.44,49.93,33.8,3.9,3.2,351,2021,1,Fri,FALSE,Winter,FALSE,Moderate
2021-01-02,KC1,20.37,47.4,19.35,1.6,3,201,2021,1,Sat,TRUE,Winter,FALSE,Unhealthy (sensitive)
2021-01-03,KC1,17.99,52.5,22.39,1.5,3.1,17,2021,1,Sun,TRUE,Winter,FALSE,Moderate
2021-01-04,KC1,18.28,49.55,27.51,2.1,4.4,115,2021,1,Mon,FALSE,Winter,FALSE,Moderate
2021-01-05,KC1,13.09,41.39,37.09,3.8,5.5,101,2021,1,Tue,FALSE,Winter,FALSE,Moderate
2021-01-06,KC1,16.47,27.45,33.26,4.4,2.1,273,2021,1,Wed,FALSE,Winter,FALSE,Moderate
2021-01-07,KC1,17.38,43.81,36.06,1.2,4,132,2021,1,Thu,FALSE,Winter,FALSE,Moderate
2021-01-08,KC1,17.23,60.29,22.66,-1.6,4.4,111,2021,1,Fri,FALSE,Winter,FALSE,Moderate
2021-01-09,KC1,11.92,25.28,30.35,5.2,3.4,122,2021,1,Sat,TRUE,Winter,FALSE,Moderate
2021-01-10,KC1,14.9,34.78,32.58,4.4,6,203,2021,1,Sun,TRUE,Winter,FALSE,Moderate
2021-01-11,KC1,14.85,50.89,34.53,5,3.1,98,2021,1,Mon,FALSE,Winter,FALSE,Moderate
2021-01-12,KC1,15.14,37.84,29.61,3.8,3.6,20,2021,1,Tue,FALSE,Winter,FALSE,Moderate
2021-01-13,KC1,14.73,39.07,34.11,5.4,3,15,2021,1,Wed,FALSE,Winter,FALSE,Moderate
2021-01-14,KC1,14.1,34.85,38.06,2.1,5.4,142,2021,1,Thu,FALSE,Winter,FALSE,Moderate
2021-01-15,KC1,13.3,35.3,36.08,3.7,2.6,177,2021,1,Fri,FALSE,Winter,FALSE,Moderate
2021-01-16,KC1,13.43,32.82,26.32,0.5,2.6,296,2021,1,Sat,TRUE,Winter,FALSE,Moderate
2021-01-17,KC1,10.81,21.26,23.6,5.5,3.5,42,2021,1,Sun,TRUE,Winter,FALSE,Moderate
2021-01-18,KC1,16.7,47.59,38.8,3,6.8,33,2021,1,Mon,FALSE,Winter,FALSE,Moderate
2021-01-19,KC1,7.98,32.37,31.06,-0.8,3,307,2021,1,Tue,FALSE,Winter,FALSE,Good
2021-01-20,KC1,17.77,42.55,33.95,1.4,4.2,314,2021,1,Wed,FALSE,Winter,FALSE,Moderate
2021-01-21,KC1,14.98,42.87,23.44,1.7,2.8,39,2021,1,Thu,FALSE,Winter,FALSE,Moderate
2021-01-22,KC1,12.53,19.2,31.72,5.1,7.3,169,2021,1,Fri,FALSE,Winter,FALSE,Moderate
2021-01-23,KC1,16.27,50.02,23.57,5.2,2.9,146,2021,1,Sat,TRUE,Winter,FALSE,Moderate
2021-01-24,KC1,7.13,35.6,39.52,5.3,4.1,285,2021,1,Sun,TRUE,Winter,FALSE,Good
2021-01-25,KC1,18.32,54.34,40.17,5.7,5.5,140,2021,1,Mon,FALSE,Winter,FALSE,Moderate
2021-01-26,KC1,7.45,30.92,40.06,2.5,8.8,28,2021,1,Tue,FALSE,Winter,FALSE,Good
2021-01-27,KC1,13.1,38.82,33.79,0.9,5.2,124,2021,1,Wed,FALSE,Winter,FALSE,Moderate
2021-01-28,KC1,15.11,26.7,31.72,3.4,2.5,71,2021,1,Thu,FALSE,Winter,FALSE,Moderate
2021-01-29,KC1,14.08,43.39,26.73,5.1,6.7,3,2021,1,Fri,FALSE,Winter,FALSE,Moderate
2021-01-30,KC1,11.7,38.55,21.72,5.7,5.8,199,2021,1,Sat,TRUE,Winter,FALSE,Moderate
2021-01-31,KC1,12.11,31.49,38.12,7.9,2.4,314,2021,1,Sun,TRUE,Winter,FALSE,Moderate
2021-02-01,KC1,17.1,44.84,34.73,2.5,5.6,105,2021,2,Mon,FALSE,Winter,FALSE,Moderate
2021-02-02,KC1,10.18,33.94,39.72,5.2,3.1,274,2021,2,Tue,FALSE,Winter,FALSE,Moderate
2021-02-03,KC1,11.82,35.38,33.43,3.9,4.5,277,2021,2,Wed,FALSE,Winter,FALSE,Moderate
2021-02-04,KC1,10.93,23.18,35.98,4.5,3.9,260,2021,2,Thu,FALSE,Winter,FALSE,Moderate
2021-02-05,KC1,17.26,37.45,40.95,1.8,4.8,123,2021,2,Fri,FALSE,Winter,FALSE,Moderate
2021-02-06,KC1,15.43,44.53,30.01,5.3,6.4,17,2021,2,Sat,TRUE,Winter,FALSE,Moderate
2021-02-07,KC1,16.3,51.49,25.4,4.5,3.1,71,2021,2,Sun,TRUE,Winter,FALSE,Moderate
2021-02-08,KC1,15.25,42.81,26.4,1.7,3.6,145,2021,2,Mon,FALSE,Winter,FALSE,Moderate
2021-02-09,KC1,14.65,42.68,36.61,3.9,11.2,37,2021,2,Tue,FALSE,Winter,FALSE,Moderate
2021-02-10,KC1,11.59,45.49,33.8,5.8,4.7,120,2021,2,Wed,FALSE,Winter,FALSE,Moderate
2021-02-11,KC1,11.42,31.62,32.83,4.4,3.3,228,2021,2,Thu,FALSE,Winter,FALSE,Moderate
2021-02-12,KC1,15.47,44.22,30.85,3.7,4.9,176,2021,2,Fri,FALSE,Winter,FALSE,Moderate
2021-02-13,KC1,15.54,48.39,28.56,8.2,4.6,252,2021,2,Sat,TRUE,Winter,FALSE,Moderate
2021-02-14,KC1,15.38,49.46,37.83,7.3,5.5,101,2021,2,Sun,TRUE,Winter,FALSE,Moderate
2021-02-15,KC1,18.26,40.35,41.61,3.6,2.3,193,2021,2,Mon,FALSE,Winter,FALSE,Moderate
2021-02-16,KC1,16.69,28.54,37.98,10.3,7.4,312,2021,2,Tue,FALSE,Winter,FALSE,Moderate
2021-02-17,KC1,12.45,29.62,48,5.9,3.7,69,2021,2,Wed,FALSE,Winter,FALSE,Moderate
2021-02-18,KC1,19.55,50.81,33.3,7.1,5,90,2021,2,Thu,FALSE,Winter,FALSE,Moderate
2021-02-19,KC1,21.86,75.99,22.57,6.5,5.8,213,2021,2,Fri,FALSE,Winter,FALSE,Unhealthy (sensitive)
2021-02-20,KC1,10.35,28.16,44.75,7.5,3.7,77,2021,2,Sat,TRUE,Winter,FALSE,Moderate
2021-02-21,KC1,16.41,53.16,30.79,4.4,2.4,313,2021,2,Sun,TRUE,Winter,FALSE,Moderate
2021-02-22,KC1,12.64,29.18,41.1,6.4,4.3,36,2021,2,Mon,FALSE,Winter,FALSE,Moderate
2021-02-23,KC1,11.86,33.89,36.03,8.6,1,333,2021,2,Tue,FALSE,Winter,FALSE,Moderate
2021-02-24,KC1,11.44,39.34,33.64,3.8,4.6,35,2021,2,Wed,FALSE,Winter,FALSE,Moderate
2021-02-25,KC1,15.83,36.77,35.97,6.6,3.8,342,2021,2,Thu,FALSE,Winter,FALSE,Moderate
2021-02-26,KC1,11.08,18.18,35.39,8.1,2.9,302,2021,2,Fri,FALSE,Winter,FALSE,Moderate
2021-02-27,KC1,13.35,32.76,29.74,5.5,2.8,84,2021,2,Sat,TRUE,Winter,FALSE,Moderate
2021-02-28,KC1,13.84,37.97,24.98,7.7,4.6,181,2021,2,Sun,TRUE,Winter,FALSE,Moderate
2021-03-01,KC1,15.06,40.18,38,4.4,5.8,258,2021,3,Mon,FALSE,Spring,FALSE,Moderate
2021-03-02,KC1,12.1,38.88,40.58,7.2,7.9,76,2021,3,Tue,FALSE,Spring,FALSE,Moderate
2021-03-03,KC1,8.67,27.52,35.68,7.3,6.3,34,2021,3,Wed,FALSE,Spring,FALSE,Good
2021-03-04,KC1,13.04,32.87,35.5,12.4,8.3,159,2021,3,Thu,FALSE,Spring,FALSE,Moderate
2021-03-05,KC1,16.19,50.47,26.36,4.5,6.5,104,2021,3,Fri,FALSE,Spring,FALSE,Moderate
2021-03-06,KC1,13.22,40.52,29.48,11.1,5.5,247,2021,3,Sat,TRUE,Spring,FALSE,Moderate
2021-03-07,KC1,9.23,30.27,24.62,5.5,5.5,306,2021,3,Sun,TRUE,Spring,FALSE,Good
2021-03-08,KC1,14.72,39.53,32.34,13.4,8.3,56,2021,3,Mon,FALSE,Spring,FALSE,Moderate
2021-03-09,KC1,17.03,41.52,31.79,9,6,84,2021,3,Tue,FALSE,Spring,FALSE,Moderate
2021-03-10,KC1,16.21,33.4,33.46,7,5.3,331,2021,3,Wed,FALSE,Spring,FALSE,Moderate
2021-03-11,KC1,11.02,26.55,34.06,12.5,2.2,238,2021,3,Thu,FALSE,Spring,FALSE,Moderate
2021-03-12,KC1,15.17,41.31,36.47,11.5,13,154,2021,3,Fri,FALSE,Spring,FALSE,Moderate
2021-03-13,KC1,14.83,48.08,34.82,7.3,2.9,147,2021,3,Sat,TRUE,Spring,FALSE,Moderate
2021-03-14,KC1,6.59,21.94,40.55,8.6,2.2,310,2021,3,Sun,TRUE,Spring,FALSE,Good
2021-03-15,KC1,11.16,26.93,40.9,9.5,2.7,87,2021,3,Mon,FALSE,Spring,FALSE,Moderate
2021-03-16,KC1,15.21,40.21,38.25,11.3,2.3,140,2021,3,Tue,FALSE,Spring,FALSE,Moderate
2021-03-17,KC1,13.69,41.03,33.01,8.5,6.4,73,2021,3,Wed,FALSE,Spring,FALSE,Moderate
2021-03-18,KC1,13.6,41.94,26.41,8.9,3.4,184,2021,3,Thu,FALSE,Spring,FALSE,Moderate
2021-03-19,KC1,13.91,35.78,27.85,11.7,5,156,2021,3,Fri,FALSE,Spring,FALSE,Moderate
2021-03-20,KC1,6.11,12.8,42.65,9.7,5.2,86,2021,3,Sat,TRUE,Spring,FALSE,Good
2021-03-21,KC1,3.57,5,41.15,10.8,4.9,204,2021,3,Sun,TRUE,Spring,FALSE,Good
2021-03-22,KC1,11.12,23.57,31.12,10.2,4.5,122,2021,3,Mon,FALSE,Spring,FALSE,Moderate
2021-03-23,KC1,12.03,17.73,34.63,10.3,3.4,231,2021,3,Tue,FALSE,Spring,FALSE,Moderate
2021-03-24,KC1,12.45,43.25,28.53,8.4,4.7,192,2021,3,Wed,FALSE,Spring,FALSE,Moderate
2021-03-25,KC1,9.57,27.46,35.74,10.9,8.5,117,2021,3,Thu,FALSE,Spring,FALSE,Good
2021-03-26,KC1,12.95,39.95,36.71,10.6,12.2,51,2021,3,Fri,FALSE,Spring,FALSE,Moderate
2021-03-27,KC1,12.46,31.43,35.43,13.1,4,195,2021,3,Sat,TRUE,Spring,FALSE,Moderate
2021-03-28,KC1,8.2,17.55,38.67,13.8,5.7,246,2021,3,Sun,TRUE,Spring,FALSE,Good
2021-03-29,KC1,10.47,16.93,43.38,10,2.9,59,2021,3,Mon,FALSE,Spring,FALSE,Moderate
2021-03-30,KC1,17.09,57.34,37.32,10.2,4.9,139,2021,3,Tue,FALSE,Spring,FALSE,Moderate
2021-03-31,KC1,5,13.1,44.95,13.6,3.6,79,2021,3,Wed,FALSE,Spring,FALSE,Good
2021-04-01,KC1,12.98,24.54,36.93,9.6,5.5,63,2021,4,Thu,FALSE,Spring,FALSE,Moderate
2021-04-02,KC1,9.91,19.39,48.45,14,4.1,120,2021,4,Fri,FALSE,Spring,FALSE,Good
2021-04-03,KC1,11.63,30.19,29.77,14.4,7.6,19,2021,4,Sat,TRUE,Spring,FALSE,Moderate
2021-04-04,KC1,9.37,32.71,30.35,8.3,6.3,325,2021,4,Sun,TRUE,Spring,FALSE,Good
2021-04-05,KC1,11.15,45.26,30.63,12.5,3.1,200,2021,4,Mon,FALSE,Spring,FALSE,Moderate
2021-04-06,KC1,7.52,23.81,43.49,15.4,3.5,356,2021,4,Tue,FALSE,Spring,FALSE,Good
2021-04-07,KC1,11.44,17.21,40.21,12.8,5.1,38,2021,4,Wed,FALSE,Spring,FALSE,Moderate
2021-04-08,KC1,11.75,32.86,39.24,10.4,1.8,192,2021,4,Thu,FALSE,Spring,FALSE,Moderate
2021-04-09,KC1,11.9,39.21,36.17,12.9,1.9,46,2021,4,Fri,FALSE,Spring,FALSE,Moderate
2021-04-10,KC1,5.28,12.31,36.9,8.8,4,34,2021,4,Sat,TRUE,Spring,FALSE,Good
2021-04-11,KC1,6.48,8.37,39.59,14.6,6,198,2021,4,Sun,TRUE,Spring,FALSE,Good
2021-04-12,KC1,16.8,47.27,29.53,19,10.7,53,2021,4,Mon,FALSE,Spring,FALSE,Moderate
2021-04-13,KC1,9.53,32.65,42.94,13.4,9,347,2021,4,Tue,FALSE,Spring,FALSE,Good
2021-04-14,KC1,9.12,19.48,27.18,11.4,2.8,107,2021,4,Wed,FALSE,Spring,FALSE,Good
2021-04-15,KC1,9.03,6.62,41.6,16.1,5.3,20,2021,4,Thu,FALSE,Spring,FALSE,Good
2021-04-16,KC1,7.42,12.74,46.82,14.9,3.1,151,2021,4,Fri,FALSE,Spring,FALSE,Good
2021-04-17,KC1,8.81,37.68,35.48,15.9,2.8,170,2021,4,Sat,TRUE,Spring,FALSE,Good
2021-04-18,KC1,6.03,25.87,24.46,14.3,2.6,244,2021,4,Sun,TRUE,Spring,FALSE,Good
2021-04-19,KC1,11.8,35.39,34.3,14.8,6,121,2021,4,Mon,FALSE,Spring,FALSE,Moderate
2021-04-20,KC1,8.38,21.41,41.53,13.7,3.7,149,2021,4,Tue,FALSE,Spring,FALSE,Good
2021-04-21,KC1,4.93,12.69,33.92,9.2,3.7,347,2021,4,Wed,FALSE,Spring,FALSE,Good
2021-04-22,KC1,6.85,18.68,38.26,17.7,3.7,128,2021,4,Thu,FALSE,Spring,FALSE,Good
2021-04-23,KC1,13.95,32.59,39.75,13.1,3.1,152,2021,4,Fri,FALSE,Spring,FALSE,Moderate
2021-04-24,KC1,9.11,18.32,47.66,18.1,3.9,20,2021,4,Sat,TRUE,Spring,FALSE,Good
2021-04-25,KC1,7.52,23.38,34.3,16.6,5.7,231,2021,4,Sun,TRUE,Spring,FALSE,Good
2021-04-26,KC1,11.41,23.86,41.28,12.9,3.2,17,2021,4,Mon,FALSE,Spring,FALSE,Moderate
2021-04-27,KC1,4.48,5,45.08,16.4,9.5,218,2021,4,Tue,FALSE,Spring,FALSE,Good
2021-04-28,KC1,14.61,37.12,27.82,15.1,7.3,205,2021,4,Wed,FALSE,Spring,FALSE,Moderate
2021-04-29,KC1,7.32,13.83,41.85,15,3.8,300,2021,4,Thu,FALSE,Spring,FALSE,Good
2021-04-30,KC1,9.11,36.94,50.45,15.9,3.6,351,2021,4,Fri,FALSE,Spring,FALSE,Good
2021-05-01,KC1,8.79,19.11,35.43,16.4,5.3,75,2021,5,Sat,TRUE,Spring,FALSE,Good
2021-05-02,KC1,3.39,16.54,42.49,18.3,1.8,53,2021,5,Sun,TRUE,Spring,FALSE,Good
2021-05-03,KC1,5.61,5.11,46.06,14.2,3.9,322,2021,5,Mon,FALSE,Spring,FALSE,Good
2021-05-04,KC1,18.1,43.49,22.39,13.8,7,65,2021,5,Tue,FALSE,Spring,FALSE,Moderate
2021-05-05,KC1,9.98,10.66,44.84,17,4.3,16,2021,5,Wed,FALSE,Spring,FALSE,Good
2021-05-06,KC1,11.18,21.13,40.88,13,9.8,55,2021,5,Thu,FALSE,Spring,FALSE,Moderate
2021-05-07,KC1,8.07,29.1,36.85,16,3.3,150,2021,5,Fri,FALSE,Spring,FALSE,Good
2021-05-08,KC1,8.53,33.88,43.82,20.2,2.7,256,2021,5,Sat,TRUE,Spring,FALSE,Good
2021-05-09,KC1,8.03,22.87,45.09,15.7,6.6,35,2021,5,Sun,TRUE,Spring,FALSE,Good
2021-05-10,KC1,3.14,5,41.78,16.6,3.2,26,2021,5,Mon,FALSE,Spring,FALSE,Good
2021-05-11,KC1,10.79,36.82,34.48,15.6,4.6,90,2021,5,Tue,FALSE,Spring,FALSE,Moderate
2021-05-12,KC1,9.99,28.52,34.58,15.1,3.9,96,2021,5,Wed,FALSE,Spring,FALSE,Good
2021-05-13,KC1,6.69,10.87,44.24,14.2,7.3,17,2021,5,Thu,FALSE,Spring,FALSE,Good
2021-05-14,KC1,3.91,12.33,45.62,15,4.8,113,2021,5,Fri,FALSE,Spring,FALSE,Good
2021-05-15,KC1,2.24,5,36.44,17.5,4.9,46,2021,5,Sat,TRUE,Spring,FALSE,Good
2021-05-16,KC1,7.41,19.56,39.98,15.2,3.4,282,2021,5,Sun,TRUE,Spring,FALSE,Good
2021-05-17,KC1,3.35,25.71,46.75,19.2,3,61,2021,5,Mon,FALSE,Spring,FALSE,Good
2021-05-18,KC1,8.48,13.35,57.08,18.1,3,98,2021,5,Tue,FALSE,Spring,FALSE,Good
2021-05-19,KC1,14.1,38.67,37.93,18.1,5.9,90,2021,5,Wed,FALSE,Spring,FALSE,Moderate
2021-05-20,KC1,8.89,30.38,35.39,16.6,6,213,2021,5,Thu,FALSE,Spring,FALSE,Good
2021-05-21,KC1,3.06,5,42.14,16.4,8.3,222,2021,5,Fri,FALSE,Spring,FALSE,Good
2021-05-22,KC1,7.05,9.76,43.19,17.8,3.6,14,2021,5,Sat,TRUE,Spring,FALSE,Good
2021-05-23,KC1,8.72,29.96,20.33,19.6,5.3,137,2021,5,Sun,TRUE,Spring,FALSE,Good
2021-05-24,KC1,7.56,13.28,50.45,16,9.9,119,2021,5,Mon,FALSE,Spring,FALSE,Good
2021-05-25,KC1,8.18,23.32,45.48,15.9,3.1,37,2021,5,Tue,FALSE,Spring,FALSE,Good
2021-05-26,KC1,4.7,16.7,44.89,13.2,3.6,294,2021,5,Wed,FALSE,Spring,FALSE,Good
2021-05-27,KC1,8.82,27.52,30.23,20.2,1.9,158,2021,5,Thu,FALSE,Spring,FALSE,Good
2021-05-28,KC1,12.23,33.87,38.41,19.8,5.6,105,2021,5,Fri,FALSE,Spring,FALSE,Moderate
2021-05-29,KC1,6.23,5,41.99,18.5,3.3,185,2021,5,Sat,TRUE,Spring,FALSE,Good
2021-05-30,KC1,5.32,19.56,26.83,17.7,5.1,273,2021,5,Sun,TRUE,Spring,FALSE,Good
2021-05-31,KC1,10.3,35.37,27.67,17.7,8.1,302,2021,5,Mon,FALSE,Spring,FALSE,Moderate
2021-06-01,KC1,8.38,24.06,43.29,19.9,5.4,321,2021,6,Tue,FALSE,Summer,FALSE,Good
2021-06-02,KC1,5.28,28.65,37.64,20.2,2.3,11,2021,6,Wed,FALSE,Summer,FALSE,Good
2021-06-03,KC1,2.38,11.44,40.76,16,4.1,87,2021,6,Thu,FALSE,Summer,FALSE,Good
2021-06-04,KC1,7.65,23.54,39.09,17.2,3.7,63,2021,6,Fri,FALSE,Summer,FALSE,Good
2021-06-05,KC1,5.51,21.09,41.62,19.3,2.5,327,2021,6,Sat,TRUE,Summer,FALSE,Good
2021-06-06,KC1,1.77,5,44.19,11.4,2.2,334,2021,6,Sun,TRUE,Summer,FALSE,Good
2021-06-07,KC1,2.38,8.99,36.17,18.2,5.1,123,2021,6,Mon,FALSE,Summer,FALSE,Good
2021-06-08,KC1,11.58,33.03,32.16,16.4,2.2,328,2021,6,Tue,FALSE,Summer,FALSE,Moderate
2021-06-09,KC1,4.16,13.63,34.85,19.2,3.5,246,2021,6,Wed,FALSE,Summer,FALSE,Good
2021-06-10,KC1,5.94,12.62,39.64,15.3,6.8,237,2021,6,Thu,FALSE,Summer,FALSE,Good
2021-06-11,KC1,2.78,11.78,45.02,18.7,4.9,250,2021,6,Fri,FALSE,Summer,FALSE,Good
2021-06-12,KC1,10.57,26.15,40.42,21.7,3.2,27,2021,6,Sat,TRUE,Summer,FALSE,Moderate
2021-06-13,KC1,4.89,7.97,33.84,19.6,3.7,297,2021,6,Sun,TRUE,Summer,FALSE,Good
2021-06-14,KC1,11.53,37.41,37.34,18.5,5.3,79,2021,6,Mon,FALSE,Summer,FALSE,Moderate
2021-06-15,KC1,5.01,6.12,52.7,17.8,5.8,233,2021,6,Tue,FALSE,Summer,FALSE,Good
2021-06-16,KC1,6.51,9.55,36.2,20.2,4,111,2021,6,Wed,FALSE,Summer,FALSE,Good
2021-06-17,KC1,5.35,12.23,42.65,18.4,2.9,108,2021,6,Thu,FALSE,Summer,FALSE,Good
2021-06-18,KC1,1,5,49.98,19.6,3,76,2021,6,Fri,FALSE,Summer,FALSE,Good
2021-06-19,KC1,11.27,30.77,51.36,19,2.8,343,2021,6,Sat,TRUE,Summer,FALSE,Moderate
2021-06-20,KC1,4.07,9.4,44.71,19.5,3.4,43,2021,6,Sun,TRUE,Summer,FALSE,Good
2021-06-21,KC1,5.27,12.72,39.57,17.2,1.9,90,2021,6,Mon,FALSE,Summer,FALSE,Good
2021-06-22,KC1,5.09,5,52.82,16.8,4.6,131,2021,6,Tue,FALSE,Summer,FALSE,Good
2021-06-23,KC1,6.62,20.1,41.86,19,3.2,100,2021,6,Wed,FALSE,Summer,FALSE,Good
2021-06-24,KC1,8.92,17.83,30.68,16.5,1.2,109,2021,6,Thu,FALSE,Summer,FALSE,Good
2021-06-25,KC1,7.54,36.1,35.55,17,5.4,208,2021,6,Fri,FALSE,Summer,FALSE,Good
2021-06-26,KC1,5.04,14.78,31.04,18.9,4.1,95,2021,6,Sat,TRUE,Summer,FALSE,Good
2021-06-27,KC1,6.56,27,39.7,14.7,4.6,204,2021,6,Sun,TRUE,Summer,FALSE,Good
2021-06-28,KC1,6.87,20.84,34.51,17,2.7,270,2021,6,Mon,FALSE,Summer,FALSE,Good
2021-06-29,KC1,3.26,12.37,36.03,18.7,5,137,2021,6,Tue,FALSE,Summer,FALSE,Good
2021-06-30,KC1,6.37,24.4,34.1,15.2,2.8,162,2021,6,Wed,FALSE,Summer,FALSE,Good
2021-07-01,KC1,1,8.2,46.08,18,5.1,345,2021,7,Thu,FALSE,Summer,FALSE,Good
2021-07-02,KC1,1.1,5,46.97,18.1,6,316,2021,7,Fri,FALSE,Summer,FALSE,Good
2021-07-03,KC1,4.04,32.72,36.45,20.1,4.3,192,2021,7,Sat,TRUE,Summer,FALSE,Good
2021-07-04,KC1,6.99,27.36,44.77,17.8,4.5,180,2021,7,Sun,TRUE,Summer,FALSE,Good
2021-07-05,KC1,9.11,26.88,38.76,15.6,2.4,343,2021,7,Mon,FALSE,Summer,FALSE,Good
2021-07-06,KC1,1.2,5,56.31,18.2,4.4,251,2021,7,Tue,FALSE,Summer,FALSE,Good
2021-07-07,KC1,4.64,14,37.73,18.6,4.5,275,2021,7,Wed,FALSE,Summer,FALSE,Good
2021-07-08,KC1,2.13,10.33,46.16,15.2,4.4,295,2021,7,Thu,FALSE,Summer,FALSE,Good
2021-07-09,KC1,1,6.46,50.81,19.2,10.7,254,2021,7,Fri,FALSE,Summer,FALSE,Good
2021-07-10,KC1,4.34,11.47,39.06,17.3,2.4,253,2021,7,Sat,TRUE,Summer,FALSE,Good
2021-07-11,KC1,2.86,23.74,31.07,16.8,4.3,58,2021,7,Sun,TRUE,Summer,FALSE,Good
2021-07-12,KC1,6.06,12.1,39.38,15.1,7.7,68,2021,7,Mon,FALSE,Summer,FALSE,Good
2021-07-13,KC1,1,5,45.25,18.4,10.9,127,2021,7,Tue,FALSE,Summer,FALSE,Good
2021-07-14,KC1,5.29,5,45.81,16,4.6,139,2021,7,Wed,FALSE,Summer,FALSE,Good
2021-07-15,KC1,2.51,5,42.12,21,3.4,301,2021,7,Thu,FALSE,Summer,FALSE,Good
2021-07-16,KC1,4.68,5,47.36,17.8,3.5,72,2021,7,Fri,FALSE,Summer,FALSE,Good
2021-07-17,KC1,2.73,23.43,38.54,14.8,6.2,134,2021,7,Sat,TRUE,Summer,FALSE,Good
2021-07-18,KC1,4.36,9.96,44.72,15.6,1.9,2,2021,7,Sun,TRUE,Summer,FALSE,Good
2021-07-19,KC1,5.82,24.95,41.74,17.1,2.1,282,2021,7,Mon,FALSE,Summer,FALSE,Good
2021-07-20,KC1,2.91,5,32.94,18,4.4,240,2021,7,Tue,FALSE,Summer,FALSE,Good
2021-07-21,KC1,9.49,35.15,35.49,18,4,145,2021,7,Wed,FALSE,Summer,FALSE,Good
2021-07-22,KC1,6.83,27.13,34,16.4,5.8,95,2021,7,Thu,FALSE,Summer,FALSE,Good
2021-07-23,KC1,1,13.8,43.61,17,4.3,358,2021,7,Fri,FALSE,Summer,FALSE,Good
2021-07-24,KC1,1,21.48,50.7,15.8,10.8,31,2021,7,Sat,TRUE,Summer,FALSE,Good
2021-07-25,KC1,8.38,27.33,41.34,14.1,9.5,54,2021,7,Sun,TRUE,Summer,FALSE,Good
2021-07-26,KC1,5.01,12.63,43.54,17.1,4,229,2021,7,Mon,FALSE,Summer,FALSE,Good
2021-07-27,KC1,4.27,5,43.93,15.9,3.5,221,2021,7,Tue,FALSE,Summer,FALSE,Good
2021-07-28,KC1,6.16,33.87,37.84,16.3,17.3,175,2021,7,Wed,FALSE,Summer,FALSE,Good
2021-07-29,KC1,7.79,12.67,38.3,15.6,5.2,335,2021,7,Thu,FALSE,Summer,FALSE,Good
2021-07-30,KC1,4.94,18.94,35.44,18.2,2.2,86,2021,7,Fri,FALSE,Summer,FALSE,Good
2021-07-31,KC1,6.77,31.42,36.61,15.5,8.1,185,2021,7,Sat,TRUE,Summer,FALSE,Good
2021-08-01,KC1,4.92,14.83,39.98,15.4,7.5,131,2021,8,Sun,TRUE,Summer,FALSE,Good
2021-08-02,KC1,7.43,29.4,35.67,13.9,4.4,250,2021,8,Mon,FALSE,Summer,FALSE,Good
2021-08-03,KC1,5.79,18.35,38.45,14,2.3,213,2021,8,Tue,FALSE,Summer,FALSE,Good
2021-08-04,KC1,8.57,16.59,45.56,16,2.8,18,2021,8,Wed,FALSE,Summer,FALSE,Good
2021-08-05,KC1,12.1,28.47,40.67,16.8,7.2,145,2021,8,Thu,FALSE,Summer,FALSE,Moderate
2021-08-06,KC1,5.75,10.31,40.11,15.5,3.9,5,2021,8,Fri,FALSE,Summer,FALSE,Good
2021-08-07,KC1,5.23,16.4,39.48,18.2,2.7,339,2021,8,Sat,TRUE,Summer,FALSE,Good
2021-08-08,KC1,6.6,17.88,41.8,11.9,2.9,166,2021,8,Sun,TRUE,Summer,FALSE,Good
2021-08-09,KC1,5.87,21.38,37.19,16.8,3.2,52,2021,8,Mon,FALSE,Summer,FALSE,Good
2021-08-10,KC1,3.34,12.89,37.43,13,2.3,99,2021,8,Tue,FALSE,Summer,FALSE,Good
2021-08-11,KC1,5.15,5,43.67,13.7,3.3,208,2021,8,Wed,FALSE,Summer,FALSE,Good
2021-08-12,KC1,5.86,12.17,52.31,13.5,10.1,332,2021,8,Thu,FALSE,Summer,FALSE,Good
2021-08-13,KC1,8.52,18.65,35.89,14.3,1.7,100,2021,8,Fri,FALSE,Summer,FALSE,Good
2021-08-14,KC1,5.72,6.27,47.95,13.5,7.1,130,2021,8,Sat,TRUE,Summer,FALSE,Good
2021-08-15,KC1,2.94,9.2,42.72,16,3,300,2021,8,Sun,TRUE,Summer,FALSE,Good
2021-08-16,KC1,2.23,11.99,36.9,14.4,5.9,353,2021,8,Mon,FALSE,Summer,FALSE,Good
2021-08-17,KC1,2.51,18.57,40.26,15.3,1.9,219,2021,8,Tue,FALSE,Summer,FALSE,Good
2021-08-18,KC1,4.46,5,46.86,14.2,9.5,234,2021,8,Wed,FALSE,Summer,FALSE,Good
2021-08-19,KC1,8.88,34.97,37.34,13.2,9.1,160,2021,8,Thu,FALSE,Summer,FALSE,Good
2021-08-20,KC1,6.87,14.26,47.68,16.1,11.5,22,2021,8,Fri,FALSE,Summer,FALSE,Good
2021-08-21,KC1,1.8,5,45.63,11.7,1.8,212,2021,8,Sat,TRUE,Summer,FALSE,Good
2021-08-22,KC1,4.31,12.29,42.37,10.6,7.4,207,2021,8,Sun,TRUE,Summer,FALSE,Good
2021-08-23,KC1,7.11,22.77,42.67,14.2,3.2,266,2021,8,Mon,FALSE,Summer,FALSE,Good
2021-08-24,KC1,6.02,5.29,51.14,14.6,6.3,75,2021,8,Tue,FALSE,Summer,FALSE,Good
2021-08-25,KC1,1.47,11.56,49.71,14.3,2.8,358,2021,8,Wed,FALSE,Summer,FALSE,Good
2021-08-26,KC1,8.7,21.56,38.9,12.1,6.7,243,2021,8,Thu,FALSE,Summer,FALSE,Good
2021-08-27,KC1,3.15,5,42.51,14.6,1.8,311,2021,8,Fri,FALSE,Summer,FALSE,Good
2021-08-28,KC1,1.44,5,41.05,14.2,5.6,73,2021,8,Sat,TRUE,Summer,FALSE,Good
2021-08-29,KC1,7.3,18.17,50.48,13.3,1.6,279,2021,8,Sun,TRUE,Summer,FALSE,Good
2021-08-30,KC1,10.23,14.17,35.96,13.2,3.7,292,2021,8,Mon,FALSE,Summer,FALSE,Moderate
2021-08-31,KC1,7.45,39.45,21.43,14.1,1.5,21,2021,8,Tue,FALSE,Summer,FALSE,Good
2021-09-01,KC1,10.66,45.17,22.38,14.1,1.1,348,2021,9,Wed,FALSE,Autumn,FALSE,Moderate
2021-09-02,KC1,9.86,28.94,25.94,14.5,2.8,34,2021,9,Thu,FALSE,Autumn,FALSE,Good
2021-09-03,KC1,6.3,20.31,35.58,12.8,1.9,23,2021,9,Fri,FALSE,Autumn,FALSE,Good
2021-09-04,KC1,5.37,5,41.15,12.2,0.7,307,2021,9,Sat,TRUE,Autumn,FALSE,Good
2021-09-05,KC1,2.32,16.94,37.15,11,4,103,2021,9,Sun,TRUE,Autumn,FALSE,Good
2021-09-06,KC1,5.44,15.87,30.11,12.6,2.8,110,2021,9,Mon,FALSE,Autumn,FALSE,Good
2021-09-07,KC1,7.08,17.41,42.6,12.4,4.9,103,2021,9,Tue,FALSE,Autumn,FALSE,Good
2021-09-08,KC1,5.85,20.36,48.81,13.9,3.3,11,2021,9,Wed,FALSE,Autumn,FALSE,Good
2021-09-09,KC1,7.91,10.43,42.88,12.8,6.4,245,2021,9,Thu,FALSE,Autumn,FALSE,Good
2021-09-10,KC1,7.71,23.16,42.27,12.1,2.9,280,2021,9,Fri,FALSE,Autumn,FALSE,Good
2021-09-11,KC1,5.32,15.9,34.62,14.6,4,260,2021,9,Sat,TRUE,Autumn,FALSE,Good
2021-09-12,KC1,8.21,32.71,32.49,10.4,2.1,315,2021,9,Sun,TRUE,Autumn,FALSE,Good
2021-09-13,KC1,8.31,21.19,34.15,11.8,4,343,2021,9,Mon,FALSE,Autumn,FALSE,Good
2021-09-14,KC1,10.58,31.94,37.63,11.7,2.4,58,2021,9,Tue,FALSE,Autumn,FALSE,Moderate
2021-09-15,KC1,10.69,40.63,38.49,6.9,6.3,37,2021,9,Wed,FALSE,Autumn,FALSE,Moderate
2021-09-16,KC1,6.62,6.68,46.59,14.6,4.4,315,2021,9,Thu,FALSE,Autumn,FALSE,Good
2021-09-17,KC1,5.58,5,51.49,5.8,2.1,232,2021,9,Fri,FALSE,Autumn,FALSE,Good
2021-09-18,KC1,8.24,31.45,45.68,9.6,4.7,205,2021,9,Sat,TRUE,Autumn,FALSE,Good
2021-09-19,KC1,7.95,29.54,32.31,7,2.5,22,2021,9,Sun,TRUE,Autumn,FALSE,Good
2021-09-20,KC1,6.63,15.74,22.76,7,5.3,122,2021,9,Mon,FALSE,Autumn,FALSE,Good
2021-09-21,KC1,4.31,13.15,39.66,8.4,5.7,348,2021,9,Tue,FALSE,Autumn,FALSE,Good
2021-09-22,KC1,11.33,38.95,28.28,9.3,4.2,42,2021,9,Wed,FALSE,Autumn,FALSE,Moderate
2021-09-23,KC1,7.21,22.67,30.21,9,8.3,72,2021,9,Thu,FALSE,Autumn,FALSE,Good
2021-09-24,KC1,7.37,33.56,27.94,11.3,2.4,310,2021,9,Fri,FALSE,Autumn,FALSE,Good
2021-09-25,KC1,7.15,21.1,45.14,10.7,4.8,80,2021,9,Sat,TRUE,Autumn,FALSE,Good
2021-09-26,KC1,6.13,23.55,54.96,9.4,4.7,129,2021,9,Sun,TRUE,Autumn,FALSE,Good
2021-09-27,KC1,4.73,10.76,41.92,10.1,3,143,2021,9,Mon,FALSE,Autumn,FALSE,Good
2021-09-28,KC1,5.14,5.51,46.5,6,2,343,2021,9,Tue,FALSE,Autumn,FALSE,Good
2021-09-29,KC1,8.03,36.67,36.26,5.7,4.5,8,2021,9,Wed,FALSE,Autumn,FALSE,Good
2021-09-30,KC1,6.78,8.23,56.13,8.7,1.6,159,2021,9,Thu,FALSE,Autumn,FALSE,Good
2021-10-01,KC1,8.94,18.81,49.88,9.4,7.3,103,2021,10,Fri,FALSE,Autumn,FALSE,Good
2021-10-02,KC1,3.18,5,45.13,8.3,3.8,196,2021,10,Sat,TRUE,Autumn,FALSE,Good
2021-10-03,KC1,6.31,26.4,43.82,7.1,2.9,199,2021,10,Sun,TRUE,Autumn,FALSE,Good
2021-10-04,KC1,10.78,31.61,28.28,8.7,5.2,129,2021,10,Mon,FALSE,Autumn,FALSE,Moderate
2021-10-05,KC1,7.91,12,44.68,9.4,2.3,109,2021,10,Tue,FALSE,Autumn,FALSE,Good
2021-10-06,KC1,11.02,33.71,36.77,5.1,3.7,184,2021,10,Wed,FALSE,Autumn,FALSE,Moderate
2021-10-07,KC1,6.35,21.19,40.92,10,2.4,219,2021,10,Thu,FALSE,Autumn,FALSE,Good
2021-10-08,KC1,11.06,25.45,40.69,5.5,15.9,331,2021,10,Fri,FALSE,Autumn,FALSE,Moderate
2021-10-09,KC1,6.19,20.57,34.09,7.5,1.9,103,2021,10,Sat,TRUE,Autumn,FALSE,Good
2021-10-10,KC1,10.43,29.01,34.57,5.8,2.8,210,2021,10,Sun,TRUE,Autumn,FALSE,Moderate
2021-10-11,KC1,10.87,27.26,35.15,7,6.1,53,2021,10,Mon,FALSE,Autumn,FALSE,Moderate
2021-10-12,KC1,9.88,31.92,40.41,11.1,9.4,133,2021,10,Tue,FALSE,Autumn,FALSE,Good
2021-10-13,KC1,9.1,31.38,39,4.4,3.1,109,2021,10,Wed,FALSE,Autumn,FALSE,Good
2021-10-14,KC1,6.17,11.94,40.89,8.3,6.1,100,2021,10,Thu,FALSE,Autumn,FALSE,Good
2021-10-15,KC1,7.13,21.98,42.88,6.3,4,148,2021,10,Fri,FALSE,Autumn,FALSE,Good
2021-10-16,KC1,11.04,37.76,39.68,7.1,2.4,19,2021,10,Sat,TRUE,Autumn,FALSE,Moderate
2021-10-17,KC1,4.74,15.61,34.66,1.7,6.7,347,2021,10,Sun,TRUE,Autumn,FALSE,Good
2021-10-18,KC1,13.23,44.1,32.49,4.1,3.7,4,2021,10,Mon,FALSE,Autumn,FALSE,Moderate
2021-10-19,KC1,10.32,31.71,43.54,5.8,3.5,75,2021,10,Tue,FALSE,Autumn,FALSE,Moderate
2021-10-20,KC1,12.97,42.75,37.59,5.5,3.6,248,2021,10,Wed,FALSE,Autumn,FALSE,Moderate
2021-10-21,KC1,12.42,31.15,22.37,6.3,1.8,138,2021,10,Thu,FALSE,Autumn,FALSE,Moderate
2021-10-22,KC1,6.72,16.78,36.94,8.3,3.2,75,2021,10,Fri,FALSE,Autumn,FALSE,Good
2021-10-23,KC1,9.93,16.46,40.22,6,2,344,2021,10,Sat,TRUE,Autumn,FALSE,Good
2021-10-24,KC1,9.72,23.06,36.84,7.7,1.6,59,2021,10,Sun,TRUE,Autumn,FALSE,Good
2021-10-25,KC1,3.24,5,39.92,2.6,2.5,334,2021,10,Mon,FALSE,Autumn,TRUE,Good
2021-10-26,KC1,8.45,16.23,46.97,2.8,3.9,97,2021,10,Tue,FALSE,Autumn,TRUE,Good
2021-10-27,KC1,11.49,31.39,32.72,2.5,4.2,249,2021,10,Wed,FALSE,Autumn,TRUE,Moderate
2021-10-28,KC1,11.05,27.48,39.57,6.5,4.2,260,2021,10,Thu,FALSE,Autumn,TRUE,Moderate
2021-10-29,KC1,6.6,11.23,37.14,7.4,3,247,2021,10,Fri,FALSE,Autumn,TRUE,Good
2021-10-30,KC1,2.37,5,47.84,5.6,7.4,262,2021,10,Sat,TRUE,Autumn,TRUE,Good
2021-10-31,KC1,15.83,61.98,28.15,3.3,2.2,299,2021,10,Sun,TRUE,Autumn,TRUE,Moderate
2021-11-01,KC1,13.26,24.44,37.22,1.9,4.3,209,2021,11,Mon,FALSE,Autumn,TRUE,Moderate
2021-11-02,KC1,11.26,22.31,33,1,4.6,280,2021,11,Tue,FALSE,Autumn,TRUE,Moderate
2021-11-03,KC1,10.17,15.82,41.18,2.6,6.1,322,2021,11,Wed,FALSE,Autumn,TRUE,Moderate
2021-11-04,KC1,8.81,21.69,53.39,5.3,4.2,308,2021,11,Thu,FALSE,Autumn,TRUE,Good
2021-11-05,KC1,9.95,29.22,37.77,2.4,6,96,2021,11,Fri,FALSE,Autumn,TRUE,Good
2021-11-06,KC1,8.95,9.26,39.71,2.1,3.1,356,2021,11,Sat,TRUE,Autumn,TRUE,Good
2021-11-07,KC1,10.82,15.23,48.45,3.3,3.3,68,2021,11,Sun,TRUE,Autumn,TRUE,Moderate
2021-11-08,KC1,9.97,19.76,37.28,3.8,4.9,238,2021,11,Mon,FALSE,Autumn,TRUE,Good
2021-11-09,KC1,13.69,30.17,33.37,4.2,5.5,344,2021,11,Tue,FALSE,Autumn,TRUE,Moderate
2021-11-10,KC1,11.06,25.93,36.02,3,1.9,179,2021,11,Wed,FALSE,Autumn,TRUE,Moderate
2021-11-11,KC1,12.19,25.64,26.36,4.4,2.2,78,2021,11,Thu,FALSE,Autumn,TRUE,Moderate
2021-11-12,KC1,5.95,5,47.52,0.6,4.1,28,2021,11,Fri,FALSE,Autumn,TRUE,Good
2021-11-13,KC1,11.23,16.74,46.8,6.7,4.7,114,2021,11,Sat,TRUE,Autumn,TRUE,Moderate
2021-11-14,KC1,5.07,21.72,40.52,1.8,3.6,159,2021,11,Sun,TRUE,Autumn,TRUE,Good
2021-11-15,KC1,11.58,10.94,33.01,3.6,1.9,316,2021,11,Mon,FALSE,Autumn,TRUE,Moderate
2021-11-16,KC1,9.41,28.63,39.76,1.5,4.6,347,2021,11,Tue,FALSE,Autumn,TRUE,Good
2021-11-17,KC1,12.06,18.92,35.73,3.6,4.1,32,2021,11,Wed,FALSE,Autumn,TRUE,Moderate
2021-11-18,KC1,11.51,9.55,38.19,8.4,2.3,325,2021,11,Thu,FALSE,Autumn,TRUE,Moderate
2021-11-19,KC1,13.57,34.66,31.25,3,1.5,291,2021,11,Fri,FALSE,Autumn,TRUE,Moderate
2021-11-20,KC1,8.78,17.23,39.43,5.2,2.8,60,2021,11,Sat,TRUE,Autumn,TRUE,Good
2021-11-21,KC1,9.15,32.34,34.67,1.4,3.7,339,2021,11,Sun,TRUE,Autumn,TRUE,Good
2021-11-22,KC1,9.21,21.67,39.28,4.1,3.7,96,2021,11,Mon,FALSE,Autumn,TRUE,Good
2021-11-23,KC1,11.08,27.83,34.1,4.5,3.7,162,2021,11,Tue,FALSE,Autumn,TRUE,Moderate
2021-11-24,KC1,9.11,22.67,26.67,2.2,3.3,275,2021,11,Wed,FALSE,Autumn,TRUE,Good
2021-11-25,KC1,11.36,29.39,43.41,2.5,0.9,155,2021,11,Thu,FALSE,Autumn,TRUE,Moderate
2021-11-26,KC1,10.83,19.47,40.74,2,7.2,64,2021,11,Fri,FALSE,Autumn,TRUE,Moderate
2021-11-27,KC1,12.23,28.57,22.35,2.3,2,247,2021,11,Sat,TRUE,Autumn,TRUE,Moderate
2021-11-28,KC1,7.96,32.06,38.84,5.3,2.3,191,2021,11,Sun,TRUE,Autumn,TRUE,Good
2021-11-29,KC1,12.5,31.19,34.03,1.4,5.8,320,2021,11,Mon,FALSE,Autumn,TRUE,Moderate
2021-11-30,KC1,12.47,38.63,37.78,2.9,6.9,151,2021,11,Tue,FALSE,Autumn,TRUE,Moderate
2021-12-01,KC1,12.84,40.5,31.81,6.1,3.5,141,2021,12,Wed,FALSE,Winter,TRUE,Moderate
2021-12-02,KC1,17.39,51.57,33.88,2.9,2.1,146,2021,12,Thu,FALSE,Winter,TRUE,Moderate
2021-12-03,KC1,13.74,28.21,31.43,2,2.8,328,2021,12,Fri,FALSE,Winter,TRUE,Moderate
2021-12-04,KC1,3.13,5,38.46,2.2,2.1,8,2021,12,Sat,TRUE,Winter,TRUE,Good
2021-12-05,KC1,10.88,23.1,45.07,2.9,2.6,344,2021,12,Sun,TRUE,Winter,TRUE,Moderate
2021-12-06,KC1,12.43,24.82,38.98,1.7,2.9,314,2021,12,Mon,FALSE,Winter,TRUE,Moderate
2021-12-07,KC1,14.19,40.33,40.74,0.6,4.5,247,2021,12,Tue,FALSE,Winter,TRUE,Moderate
2021-12-08,KC1,12.48,11.1,42.6,-0.6,4,40,2021,12,Wed,FALSE,Winter,TRUE,Moderate
2021-12-09,KC1,15.79,42.04,25.64,-0.3,14.3,219,2021,12,Thu,FALSE,Winter,TRUE,Moderate
2021-12-10,KC1,5.19,10.44,40.54,2.1,3.1,224,2021,12,Fri,FALSE,Winter,TRUE,Good
2021-12-11,KC1,12.67,31.41,39.3,1.4,4.7,50,2021,12,Sat,TRUE,Winter,TRUE,Moderate
2021-12-12,KC1,6.66,20.21,34.67,-0.1,2.6,340,2021,12,Sun,TRUE,Winter,TRUE,Good
2021-12-13,KC1,8.81,28.62,39.21,2.3,4.3,146,2021,12,Mon,FALSE,Winter,TRUE,Good
2021-12-14,KC1,13.77,46.82,30.46,3.1,3.8,90,2021,12,Tue,FALSE,Winter,TRUE,Moderate
2021-12-15,KC1,11.28,29.32,33.62,1.2,3.5,345,2021,12,Wed,FALSE,Winter,TRUE,Moderate
2021-12-16,KC1,14.27,47.36,20.04,4,2.5,88,2021,12,Thu,FALSE,Winter,TRUE,Moderate
2021-12-17,KC1,8.41,23.95,41.44,5.3,3.6,40,2021,12,Fri,FALSE,Winter,TRUE,Good
2021-12-18,KC1,3.6,5,37.19,1.6,2.4,136,2021,12,Sat,TRUE,Winter,TRUE,Good
2021-12-19,KC1,9.44,10.44,47.16,2.4,3.3,158,2021,12,Sun,TRUE,Winter,TRUE,Good
2021-12-20,KC1,11.67,43.68,33.22,-0.9,4.4,156,2021,12,Mon,FALSE,Winter,TRUE,Moderate
2021-12-21,KC1,10.94,25.33,36.28,1.9,3.8,295,2021,12,Tue,FALSE,Winter,TRUE,Moderate
2021-12-22,KC1,6.34,17.61,47.44,3.5,6.2,225,2021,12,Wed,FALSE,Winter,TRUE,Good
2021-12-23,KC1,10.01,20.76,40.94,4.6,7.2,196,2021,12,Thu,FALSE,Winter,TRUE,Moderate
2021-12-24,KC1,15.23,37.93,44.58,4.1,5,354,2021,12,Fri,FALSE,Winter,TRUE,Moderate
2021-12-25,KC1,8.21,21.75,38.72,2.1,3,295,2021,12,Sat,TRUE,Winter,TRUE,Good
2021-12-26,KC1,12.5,27.19,33.26,3.6,7.1,162,2021,12,Sun,TRUE,Winter,TRUE,Moderate
2021-12-27,KC1,17.81,47.51,27.06,0.8,5.4,9,2021,12,Mon,FALSE,Winter,TRUE,Moderate
2021-12-28,KC1,9.72,20.68,41.8,0.6,4.7,187,2021,12,Tue,FALSE,Winter,TRUE,Good
2021-12-29,KC1,14.84,40.3,36.5,-0.3,2.5,106,2021,12,Wed,FALSE,Winter,TRUE,Moderate
2021-12-30,KC1,15.97,43.7,41.81,2.2,7.4,92,2021,12,Thu,FALSE,Winter,TRUE,Moderate
2021-12-31,KC1,11.05,15.79,41.45,-0.7,1.6,180,2021,12,Fri,FALSE,Winter,TRUE,Moderate
2022-01-01,KC1,8.71,30.54,34.42,4.3,1.3,144,2022,1,Sat,TRUE,Winter,TRUE,Good
2022-01-02,KC1,7,5,38.33,3.1,6.5,139,2022,1,Sun,TRUE,Winter,TRUE,Good
2022-01-03,KC1,9.07,18.59,40.33,4.3,3.7,196,2022,1,Mon,FALSE,Winter,TRUE,Good
2022-01-04,KC1,6.86,13.87,43.7,1.1,2.2,249,2022,1,Tue,FALSE,Winter,TRUE,Good
2022-01-05,KC1,11.94,21.66,34.03,3.7,2.5,277,2022,1,Wed,FALSE,Winter,TRUE,Moderate
2022-01-06,KC1,10.54,17.25,40.19,1.5,4.6,111,2022,1,Thu,FALSE,Winter,TRUE,Moderate
2022-01-07,KC1,15.64,32.59,32.95,4.2,8.7,281,2022,1,Fri,FALSE,Winter,TRUE,Moderate
2022-01-08,KC1,10.5,16.97,46.13,2.3,5.5,341,2022,1,Sat,TRUE,Winter,TRUE,Moderate
2022-01-09,KC1,12.81,31.7,44.8,2.5,5.2,235,2022,1,Sun,TRUE,Winter,TRUE,Moderate
2022-01-10,KC1,13.82,25.72,38.69,0.2,4.7,60,2022,1,Mon,FALSE,Winter,TRUE,Moderate
2022-01-11,KC1,11.34,23.56,42.77,1.3,4.1,83,2022,1,Tue,FALSE,Winter,TRUE,Moderate
2022-01-12,KC1,11.94,43.27,25.82,2.3,3.4,179,2022,1,Wed,FALSE,Winter,TRUE,Moderate
2022-01-13,KC1,7.64,18.63,50.01,4.9,2.3,323,2022,1,Thu,FALSE,Winter,TRUE,Good
2022-01-14,KC1,17.48,54.13,25.65,1,3.4,143,2022,1,Fri,FALSE,Winter,TRUE,Moderate
2022-01-15,KC1,10.11,17.79,40.8,6.9,3.9,317,2022,1,Sat,TRUE,Winter,TRUE,Moderate
2022-01-16,KC1,8.34,23.82,34.18,-0.1,5.9,12,2022,1,Sun,TRUE,Winter,TRUE,Good
2022-01-17,KC1,8.83,23.83,46.37,2.7,2.4,221,2022,1,Mon,FALSE,Winter,TRUE,Good
2022-01-18,KC1,8.4,20.46,36.9,1.7,4.1,231,2022,1,Tue,FALSE,Winter,TRUE,Good
2022-01-19,KC1,12.83,25.7,39.86,4.7,2.9,68,2022,1,Wed,FALSE,Winter,TRUE,Moderate
2022-01-20,KC1,9.86,11.99,33.72,1.8,1.2,251,2022,1,Thu,FALSE,Winter,TRUE,Good
2022-01-21,KC1,5.83,5.36,49.19,1.4,6.3,180,2022,1,Fri,FALSE,Winter,TRUE,Good
2022-01-22,KC1,12.12,33.85,39.33,2.2,3.2,155,2022,1,Sat,TRUE,Winter,TRUE,Moderate
2022-01-23,KC1,9.26,24.02,30.28,2.3,5.1,90,2022,1,Sun,TRUE,Winter,TRUE,Good
2022-01-24,KC1,8.16,5,44.15,5.3,3.8,277,2022,1,Mon,FALSE,Winter,TRUE,Good
2022-01-25,KC1,10.15,33.37,47.95,2,6.1,254,2022,1,Tue,FALSE,Winter,TRUE,Moderate
2022-01-26,KC1,8.31,18.54,34.66,4,4.2,177,2022,1,Wed,FALSE,Winter,TRUE,Good
2022-01-27,KC1,12.38,35.04,31.86,6,8,281,2022,1,Thu,FALSE,Winter,TRUE,Moderate
2022-01-28,KC1,8.74,18.09,47.55,2.7,5.6,257,2022,1,Fri,FALSE,Winter,TRUE,Good
2022-01-29,KC1,12.47,20.48,37.55,2.3,9.3,285,2022,1,Sat,TRUE,Winter,TRUE,Moderate
2022-01-30,KC1,12.49,32.3,36.76,2.8,4.6,27,2022,1,Sun,TRUE,Winter,TRUE,Moderate
2022-01-31,KC1,11.26,39.27,35.97,5,6.1,72,2022,1,Mon,FALSE,Winter,TRUE,Moderate
2022-02-01,KC1,10.63,5.65,34.34,6.9,7.3,275,2022,2,Tue,FALSE,Winter,TRUE,Moderate
2022-02-02,KC1,12.26,29.34,37.34,1.7,3.6,273,2022,2,Wed,FALSE,Winter,TRUE,Moderate
2022-02-03,KC1,13.17,46.66,42.46,3.7,9.5,332,2022,2,Thu,FALSE,Winter,TRUE,Moderate
2022-02-04,KC1,13.14,34.81,27.74,3.9,3.1,40,2022,2,Fri,FALSE,Winter,TRUE,Moderate
2022-02-05,KC1,10.08,29.28,38.31,1.4,3.9,335,2022,2,Sat,TRUE,Winter,TRUE,Moderate
2022-02-06,KC1,6.55,19.23,30.16,6.3,4.4,187,2022,2,Sun,TRUE,Winter,TRUE,Good
2022-02-07,KC1,8.52,5,29.81,1.6,4.8,208,2022,2,Mon,FALSE,Winter,TRUE,Good
2022-02-08,KC1,10.56,19.07,39.82,3.1,3.6,282,2022,2,Tue,FALSE,Winter,TRUE,Moderate
2022-02-09,KC1,13.77,33.12,43.12,7.4,10.3,339,2022,2,Wed,FALSE,Winter,TRUE,Moderate
2022-02-10,KC1,9.83,29.29,36.64,2.5,3.7,269,2022,2,Thu,FALSE,Winter,TRUE,Good
2022-02-11,KC1,9.4,22.23,45.07,6.4,13.5,179,2022,2,Fri,FALSE,Winter,TRUE,Good
2022-02-12,KC1,5.9,12.97,37.16,4.7,9.1,319,2022,2,Sat,TRUE,Winter,TRUE,Good
2022-02-13,KC1,2.53,5.28,31.96,8,3.3,74,2022,2,Sun,TRUE,Winter,TRUE,Good
2022-02-14,KC1,11.11,21,41.2,6.1,3.3,132,2022,2,Mon,FALSE,Winter,TRUE,Moderate
2022-02-15,KC1,9.45,37.15,28.03,6,4.9,132,2022,2,Tue,FALSE,Winter,TRUE,Good
2022-02-16,KC1,6.58,5,49.46,4.4,5.8,238,2022,2,Wed,FALSE,Winter,TRUE,Good
2022-02-17,KC1,10.42,8.53,48.82,3.2,4.5,278,2022,2,Thu,FALSE,Winter,TRUE,Moderate
2022-02-18,KC1,10.87,36.6,42.64,4.7,2.5,95,2022,2,Fri,FALSE,Winter,TRUE,Moderate
2022-02-19,KC1,7.62,20.89,34.53,4.6,7,168,2022,2,Sat,TRUE,Winter,TRUE,Good
2022-02-20,KC1,3.2,5,51.59,1.9,5.5,166,2022,2,Sun,TRUE,Winter,TRUE,Good
2022-02-21,KC1,10.05,11.41,42.28,4.2,7.3,145,2022,2,Mon,FALSE,Winter,TRUE,Moderate
2022-02-22,KC1,9.4,22.88,32.43,3.1,4.5,310,2022,2,Tue,FALSE,Winter,TRUE,Good
2022-02-23,KC1,11.62,25.59,41.86,9.7,7.9,166,2022,2,Wed,FALSE,Winter,TRUE,Moderate
2022-02-24,KC1,11.15,29.66,26.27,5.1,3.3,253,2022,2,Thu,FALSE,Winter,TRUE,Moderate
2022-02-25,KC1,13.11,38.66,34.19,6.5,3.6,213,2022,2,Fri,FALSE,Winter,TRUE,Moderate
2022-02-26,KC1,6.78,5,43.89,3.8,4.1,247,2022,2,Sat,TRUE,Winter,TRUE,Good
2022-02-27,KC1,7.13,6.68,44.3,8.3,7.6,226,2022,2,Sun,TRUE,Winter,TRUE,Good
2022-02-28,KC1,10.53,41.65,23.24,6.3,4.6,133,2022,2,Mon,FALSE,Winter,TRUE,Moderate
2022-03-01,KC1,9.9,28.06,43.76,6.8,7.8,341,2022,3,Tue,FALSE,Spring,TRUE,Good
2022-03-02,KC1,8.3,14.52,38.76,5.8,4.5,70,2022,3,Wed,FALSE,Spring,TRUE,Good
2022-03-03,KC1,7.23,16.23,60.81,6.8,4.3,225,2022,3,Thu,FALSE,Spring,TRUE,Good
2022-03-04,KC1,8.29,7.82,47.3,9.3,11.8,188,2022,3,Fri,FALSE,Spring,TRUE,Good
2022-03-05,KC1,12.97,39.63,39.34,8.5,3.9,113,2022,3,Sat,TRUE,Spring,TRUE,Moderate
2022-03-06,KC1,4.2,9.94,34.49,8.3,3.3,334,2022,3,Sun,TRUE,Spring,TRUE,Good
2022-03-07,KC1,10.17,28.61,30.32,10.7,3.9,152,2022,3,Mon,FALSE,Spring,TRUE,Moderate
2022-03-08,KC1,12.66,37.36,32.81,8.6,3.2,91,2022,3,Tue,FALSE,Spring,TRUE,Moderate
2022-03-09,KC1,11.87,27.02,32.61,8,1.6,304,2022,3,Wed,FALSE,Spring,TRUE,Moderate
2022-03-10,KC1,10.42,19.74,43.17,8.4,5,206,2022,3,Thu,FALSE,Spring,TRUE,Moderate
2022-03-11,KC1,10.35,34.07,35.02,8.4,2.7,328,2022,3,Fri,FALSE,Spring,TRUE,Moderate
2022-03-12,KC1,8.2,13.02,29.79,8.5,2.3,189,2022,3,Sat,TRUE,Spring,TRUE,Good
2022-03-13,KC1,13.6,32.1,33.12,4.6,6.6,321,2022,3,Sun,TRUE,Spring,TRUE,Moderate
2022-03-14,KC1,10.63,22.47,44.49,9.5,4.6,119,2022,3,Mon,FALSE,Spring,TRUE,Moderate
2022-03-15,KC1,5.39,7.11,43.09,6.3,2.3,151,2022,3,Tue,FALSE,Spring,TRUE,Good
2022-03-16,KC1,7.4,6.11,34.29,7.2,9.1,342,2022,3,Wed,FALSE,Spring,TRUE,Good
2022-03-17,KC1,11.34,12.6,35.84,7.8,5.3,100,2022,3,Thu,FALSE,Spring,TRUE,Moderate
2022-03-18,KC1,12.04,24.79,32.43,9,7.4,22,2022,3,Fri,FALSE,Spring,TRUE,Moderate
2022-03-19,KC1,4.56,5,36.51,8.4,6.3,229,2022,3,Sat,TRUE,Spring,TRUE,Good
2022-03-20,KC1,9.98,22.32,36.32,5.9,6.4,56,2022,3,Sun,TRUE,Spring,TRUE,Good
2022-03-21,KC1,12.08,37.98,29.75,9.1,6.2,69,2022,3,Mon,FALSE,Spring,TRUE,Moderate
2022-03-22,KC1,12,26.23,35.89,9.5,3.1,15,2022,3,Tue,FALSE,Spring,TRUE,Moderate
2022-03-23,KC1,8.05,11.27,45.9,10.3,4.9,58,2022,3,Wed,FALSE,Spring,TRUE,Good
2022-03-24,KC1,7.91,14.27,40.66,9.3,4.1,274,2022,3,Thu,FALSE,Spring,TRUE,Good
2022-03-25,KC1,5.91,8.74,43.43,15.5,2.3,105,2022,3,Fri,FALSE,Spring,TRUE,Good
2022-03-26,KC1,9.06,20.05,44.99,10.7,5.1,17,2022,3,Sat,TRUE,Spring,TRUE,Good
2022-03-27,KC1,2.71,11.17,32.62,14.2,7.8,142,2022,3,Sun,TRUE,Spring,TRUE,Good
2022-03-28,KC1,16.83,66.83,31.46,11.8,7.1,301,2022,3,Mon,FALSE,Spring,TRUE,Moderate
2022-03-29,KC1,10.08,45.84,30.65,10.9,4.3,138,2022,3,Tue,FALSE,Spring,TRUE,Moderate
2022-03-30,KC1,11.38,26.2,37.48,8,3.2,35,2022,3,Wed,FALSE,Spring,TRUE,Moderate
2022-03-31,KC1,10.06,36.67,30.64,12,7.4,40,2022,3,Thu,FALSE,Spring,TRUE,Moderate
2022-04-01,KC1,12.63,24.95,41.35,12.4,2.9,26,2022,4,Fri,FALSE,Spring,TRUE,Moderate
2022-04-02,KC1,4.6,5,45.73,7.1,5.7,271,2022,4,Sat,TRUE,Spring,TRUE,Good
2022-04-03,KC1,5.87,19.43,39.25,11.8,3.9,201,2022,4,Sun,TRUE,Spring,TRUE,Good
2022-04-04,KC1,10.32,11.4,46.03,14,5.2,224,2022,4,Mon,FALSE,Spring,TRUE,Moderate
2022-04-05,KC1,8.86,34.35,35.28,13.7,4.2,72,2022,4,Tue,FALSE,Spring,TRUE,Good
2022-04-06,KC1,7.21,18.03,41.35,13.9,2,302,2022,4,Wed,FALSE,Spring,TRUE,Good
2022-04-07,KC1,4.85,14.77,31.3,12.1,3.3,202,2022,4,Thu,FALSE,Spring,TRUE,Good
2022-04-08,KC1,5.59,6.73,43.79,12.4,15,325,2022,4,Fri,FALSE,Spring,TRUE,Good
2022-04-09,KC1,1,5,47.36,13.6,5,215,2022,4,Sat,TRUE,Spring,TRUE,Good
2022-04-10,KC1,2.5,16.9,45.56,14,4.6,15,2022,4,Sun,TRUE,Spring,TRUE,Good
2022-04-11,KC1,9.16,10.48,47.56,12.6,1.9,326,2022,4,Mon,FALSE,Spring,TRUE,Good
2022-04-12,KC1,6.48,14.75,46.67,11.8,2.7,8,2022,4,Tue,FALSE,Spring,TRUE,Good
2022-04-13,KC1,5.94,7.68,46.26,14.2,7.5,229,2022,4,Wed,FALSE,Spring,TRUE,Good
2022-04-14,KC1,8.9,27.01,33.01,12.6,7.6,331,2022,4,Thu,FALSE,Spring,TRUE,Good
2022-04-15,KC1,4.47,5,45.23,12.9,1.6,167,2022,4,Fri,FALSE,Spring,TRUE,Good
2022-04-16,KC1,3.52,9.2,46.23,14,3.9,235,2022,4,Sat,TRUE,Spring,TRUE,Good
2022-04-17,KC1,4.71,5,39.35,14.2,7.2,174,2022,4,Sun,TRUE,Spring,TRUE,Good
2022-04-18,KC1,6.52,13.21,43.62,14.4,4,81,2022,4,Mon,FALSE,Spring,TRUE,Good
2022-04-19,KC1,4.03,5,44.31,12,4.7,35,2022,4,Tue,FALSE,Spring,TRUE,Good
2022-04-20,KC1,11.1,37.59,53.71,14.4,8.7,332,2022,4,Wed,FALSE,Spring,TRUE,Moderate
2022-04-21,KC1,6.35,5,40.6,15.9,3,134,2022,4,Thu,FALSE,Spring,TRUE,Good
2022-04-22,KC1,9.32,35.39,30.89,14.5,3.1,201,2022,4,Fri,FALSE,Spring,TRUE,Good
2022-04-23,KC1,3.61,12.85,48.52,15.6,3.3,293,2022,4,Sat,TRUE,Spring,TRUE,Good
2022-04-24,KC1,1,8.68,44.05,14.7,3.5,220,2022,4,Sun,TRUE,Spring,TRUE,Good
2022-04-25,KC1,10.73,18.52,31.1,15.2,4.7,315,2022,4,Mon,FALSE,Spring,TRUE,Moderate
2022-04-26,KC1,1,5,43.38,15.6,2.2,337,2022,4,Tue,FALSE,Spring,TRUE,Good
2022-04-27,KC1,8.39,17.96,29.71,12,3.8,157,2022,4,Wed,FALSE,Spring,TRUE,Good
2022-04-28,KC1,3.84,11.41,37.73,16.4,4.2,300,2022,4,Thu,FALSE,Spring,TRUE,Good
2022-04-29,KC1,5.72,5,34.68,14.3,3.2,274,2022,4,Fri,FALSE,Spring,TRUE,Good
2022-04-30,KC1,1,5,40.72,15.8,11.4,12,2022,4,Sat,TRUE,Spring,TRUE,Good
2022-05-01,KC1,1,5,49.7,13.2,3.7,206,2022,5,Sun,TRUE,Spring,TRUE,Good
2022-05-02,KC1,6.55,15.14,43.89,16.9,3.8,260,2022,5,Mon,FALSE,Spring,TRUE,Good
2022-05-03,KC1,12.67,49.14,28.54,15.2,5,213,2022,5,Tue,FALSE,Spring,TRUE,Moderate
2022-05-04,KC1,4.02,5,49.9,15.8,2.6,127,2022,5,Wed,FALSE,Spring,TRUE,Good
2022-05-05,KC1,2.14,5,40.01,13.5,4,318,2022,5,Thu,FALSE,Spring,TRUE,Good
2022-05-06,KC1,1,5,44.48,16.1,3,324,2022,5,Fri,FALSE,Spring,TRUE,Good
2022-05-07,KC1,7.07,26.84,29.7,14.5,3.3,201,2022,5,Sat,TRUE,Spring,TRUE,Good
2022-05-08,KC1,3.05,15.05,33.84,14.2,5,84,2022,5,Sun,TRUE,Spring,TRUE,Good
2022-05-09,KC1,13.72,38.53,27.32,17.1,2.7,233,2022,5,Mon,FALSE,Spring,TRUE,Moderate
2022-05-10,KC1,4.05,12.55,41.09,15.4,4.9,14,2022,5,Tue,FALSE,Spring,TRUE,Good
2022-05-11,KC1,5.18,18.58,36.05,16.3,4.7,271,2022,5,Wed,FALSE,Spring,TRUE,Good
2022-05-12,KC1,10.89,31.47,42.5,17.4,2.4,258,2022,5,Thu,FALSE,Spring,TRUE,Moderate
2022-05-13,KC1,7.17,26.02,34.84,15.6,2.5,128,2022,5,Fri,FALSE,Spring,TRUE,Good
2022-05-14,KC1,5.29,9.01,42.82,18,7.1,83,2022,5,Sat,TRUE,Spring,TRUE,Good
2022-05-15,KC1,1,5,43.78,15.9,5.5,160,2022,5,Sun,TRUE,Spring,TRUE,Good
2022-05-16,KC1,1,5,43.63,12.1,6.9,61,2022,5,Mon,FALSE,Spring,TRUE,Good
2022-05-17,KC1,9.75,41.98,32.24,19.3,3.9,172,2022,5,Tue,FALSE,Spring,TRUE,Good
2022-05-18,KC1,9.86,22.27,39.27,14.7,4.2,9,2022,5,Wed,FALSE,Spring,TRUE,Good
2022-05-19,KC1,8.16,17.1,41.22,15.1,3.3,242,2022,5,Thu,FALSE,Spring,TRUE,Good
2022-05-20,KC1,3.61,5,42.21,19,3.8,39,2022,5,Fri,FALSE,Spring,TRUE,Good
2022-05-21,KC1,3.66,9.49,28.85,16.9,9.7,243,2022,5,Sat,TRUE,Spring,TRUE,Good
2022-05-22,KC1,7.06,19.1,40.62,15.1,5.8,321,2022,5,Sun,TRUE,Spring,TRUE,Good
2022-05-23,KC1,6.89,25,42.45,15.7,4.8,47,2022,5,Mon,FALSE,Spring,TRUE,Good
2022-05-24,KC1,6.26,6.68,36.16,16.8,8.4,235,2022,5,Tue,FALSE,Spring,TRUE,Good
2022-05-25,KC1,4.39,5,44.59,19.1,7.7,178,2022,5,Wed,FALSE,Spring,TRUE,Good
2022-05-26,KC1,2.94,5,34.75,16.3,2.1,136,2022,5,Thu,FALSE,Spring,TRUE,Good
2022-05-27,KC1,3.54,5.4,52.29,19.2,4.5,66,2022,5,Fri,FALSE,Spring,TRUE,Good
2022-05-28,KC1,1.83,5,41.77,18,4.8,181,2022,5,Sat,TRUE,Spring,TRUE,Good
2022-05-29,KC1,3.85,7.36,37.01,16.7,3.9,180,2022,5,Sun,TRUE,Spring,TRUE,Good
2022-05-30,KC1,1.62,5,46.37,16.5,2.4,80,2022,5,Mon,FALSE,Spring,TRUE,Good
2022-05-31,KC1,6.34,12.54,57.86,15.2,4.4,91,2022,5,Tue,FALSE,Spring,TRUE,Good
2022-06-01,KC1,4.13,6.81,36.89,16.8,3.3,128,2022,6,Wed,FALSE,Summer,TRUE,Good
2022-06-02,KC1,3.75,5,41.9,15.9,1.2,76,2022,6,Thu,FALSE,Summer,TRUE,Good
2022-06-03,KC1,6.32,8.89,45.72,15.9,2.3,299,2022,6,Fri,FALSE,Summer,TRUE,Good
2022-06-04,KC1,1,5,22.33,14.6,1.8,282,2022,6,Sat,TRUE,Summer,TRUE,Good
2022-06-05,KC1,1,5,55.46,15.2,1.8,278,2022,6,Sun,TRUE,Summer,TRUE,Good
2022-06-06,KC1,3.62,5,41.5,19.7,4.3,43,2022,6,Mon,FALSE,Summer,TRUE,Good
2022-06-07,KC1,2.41,5,42.36,23.9,3.1,148,2022,6,Tue,FALSE,Summer,TRUE,Good
2022-06-08,KC1,2.71,5,38.38,14.2,2,58,2022,6,Wed,FALSE,Summer,TRUE,Good
2022-06-09,KC1,1,5,43.74,19.4,5.9,161,2022,6,Thu,FALSE,Summer,TRUE,Good
2022-06-10,KC1,1,11.75,41.25,19.6,3.5,245,2022,6,Fri,FALSE,Summer,TRUE,Good
2022-06-11,KC1,2.32,6.74,52.97,18.2,2.2,94,2022,6,Sat,TRUE,Summer,TRUE,Good
2022-06-12,KC1,1.61,5,40.89,21.3,5.7,214,2022,6,Sun,TRUE,Summer,TRUE,Good
2022-06-13,KC1,2.8,5,44.47,15.2,5.9,318,2022,6,Mon,FALSE,Summer,TRUE,Good
2022-06-14,KC1,2.12,7.55,35.79,19.2,1.6,298,2022,6,Tue,FALSE,Summer,TRUE,Good
2022-06-15,KC1,5.97,5,49.43,19.2,6.7,54,2022,6,Wed,FALSE,Summer,TRUE,Good
2022-06-16,KC1,4.35,5,45.82,18.8,7.1,238,2022,6,Thu,FALSE,Summer,TRUE,Good
2022-06-17,KC1,4.16,5,41.83,15.4,6.3,257,2022,6,Fri,FALSE,Summer,TRUE,Good
2022-06-18,KC1,5.61,5.19,36.68,20.3,3.2,40,2022,6,Sat,TRUE,Summer,TRUE,Good
2022-06-19,KC1,1,5,56.04,20,2.9,317,2022,6,Sun,TRUE,Summer,TRUE,Good
2022-06-20,KC1,1,5.31,47.7,17,6.9,99,2022,6,Mon,FALSE,Summer,TRUE,Good
2022-06-21,KC1,1,7.8,40.22,20.7,2.7,305,2022,6,Tue,FALSE,Summer,TRUE,Good
2022-06-22,KC1,1,5,41.83,16.2,4.1,188,2022,6,Wed,FALSE,Summer,TRUE,Good
2022-06-23,KC1,3.45,13.44,40.83,17.3,7.1,74,2022,6,Thu,FALSE,Summer,TRUE,Good
2022-06-24,KC1,1.22,5,51.87,17.4,2.6,36,2022,6,Fri,FALSE,Summer,TRUE,Good
2022-06-25,KC1,2.95,5,41.3,19.8,5.2,268,2022,6,Sat,TRUE,Summer,TRUE,Good
2022-06-26,KC1,1.51,5,39.01,15.9,4.2,183,2022,6,Sun,TRUE,Summer,TRUE,Good
2022-06-27,KC1,1.98,5,36.47,19.7,1.4,80,2022,6,Mon,FALSE,Summer,TRUE,Good
2022-06-28,KC1,4.61,5,41.24,19,7.5,151,2022,6,Tue,FALSE,Summer,TRUE,Good
2022-06-29,KC1,1,5,39.98,18.6,5,297,2022,6,Wed,FALSE,Summer,TRUE,Good
2022-06-30,KC1,1,5,47.49,17.2,2.5,41,2022,6,Thu,FALSE,Summer,TRUE,Good
2022-07-01,KC1,1,5,52.91,20.4,1.8,66,2022,7,Fri,FALSE,Summer,TRUE,Good
2022-07-02,KC1,1,9.16,32.94,15.4,9.3,178,2022,7,Sat,TRUE,Summer,TRUE,Good
2022-07-03,KC1,1,5,62.93,16.1,5.2,190,2022,7,Sun,TRUE,Summer,TRUE,Good
2022-07-04,KC1,1,5,42.96,18.9,3.4,59,2022,7,Mon,FALSE,Summer,TRUE,Good
2022-07-05,KC1,4.03,9.18,44.98,17.1,17.9,353,2022,7,Tue,FALSE,Summer,TRUE,Good
2022-07-06,KC1,1,5,47.44,14.4,2.6,315,2022,7,Wed,FALSE,Summer,TRUE,Good
2022-07-07,KC1,3.5,8.68,48.86,18,5.9,35,2022,7,Thu,FALSE,Summer,TRUE,Good
2022-07-08,KC1,4.71,13.75,31.14,17.8,4.9,170,2022,7,Fri,FALSE,Summer,TRUE,Good
2022-07-09,KC1,1.29,5,50.14,18.9,6.1,286,2022,7,Sat,TRUE,Summer,TRUE,Good
2022-07-10,KC1,5.28,5,47.18,15.9,5.1,283,2022,7,Sun,TRUE,Summer,TRUE,Good
2022-07-11,KC1,1,5,51.49,18.9,5.6,185,2022,7,Mon,FALSE,Summer,TRUE,Good
2022-07-12,KC1,3.62,5,38.07,18.3,4.6,152,2022,7,Tue,FALSE,Summer,TRUE,Good
2022-07-13,KC1,1.97,5,37.76,14.7,12.4,327,2022,7,Wed,FALSE,Summer,TRUE,Good
2022-07-14,KC1,1,5,47.67,18,2.7,261,2022,7,Thu,FALSE,Summer,TRUE,Good
2022-07-15,KC1,3.21,6.72,30.52,15.3,4.3,258,2022,7,Fri,FALSE,Summer,TRUE,Good
2022-07-16,KC1,6.51,5,36.3,17.5,2.4,220,2022,7,Sat,TRUE,Summer,TRUE,Good
2022-07-17,KC1,2.59,5,52.41,15.8,1.2,248,2022,7,Sun,TRUE,Summer,TRUE,Good
2022-07-18,KC1,1,5,51.09,15.1,2.6,46,2022,7,Mon,FALSE,Summer,TRUE,Good
2022-07-19,KC1,1,5,53.12,17.2,3.3,168,2022,7,Tue,FALSE,Summer,TRUE,Good
2022-07-20,KC1,6.13,21.94,37.21,18.2,2.7,275,2022,7,Wed,FALSE,Summer,TRUE,Good
2022-07-21,KC1,1.59,14.02,49.6,17.4,1.5,235,2022,7,Thu,FALSE,Summer,TRUE,Good
2022-07-22,KC1,3.11,5,46.08,16.6,3.2,143,2022,7,Fri,FALSE,Summer,TRUE,Good
2022-07-23,KC1,1,5,42.79,18,3.1,173,2022,7,Sat,TRUE,Summer,TRUE,Good
2022-07-24,KC1,3.96,5.75,44.37,15.6,4.8,71,2022,7,Sun,TRUE,Summer,TRUE,Good
2022-07-25,KC1,3.82,12.67,49.89,17.8,6.7,157,2022,7,Mon,FALSE,Summer,TRUE,Good
2022-07-26,KC1,5.89,5,26.84,14.5,5.8,285,2022,7,Tue,FALSE,Summer,TRUE,Good
2022-07-27,KC1,1,5,42.18,16,5.4,77,2022,7,Wed,FALSE,Summer,TRUE,Good
2022-07-28,KC1,9.61,34.74,36.91,17.6,5.3,280,2022,7,Thu,FALSE,Summer,TRUE,Good
2022-07-29,KC1,8.83,12.54,40.08,14.8,1.2,195,2022,7,Fri,FALSE,Summer,TRUE,Good
2022-07-30,KC1,2.32,5,41.2,18.5,4.1,162,2022,7,Sat,TRUE,Summer,TRUE,Good
2022-07-31,KC1,1,5,43.15,18.1,5.1,258,2022,7,Sun,TRUE,Summer,TRUE,Good
2022-08-01,KC1,4.37,6.82,38.04,16,6.4,249,2022,8,Mon,FALSE,Summer,TRUE,Good
2022-08-02,KC1,4.16,5,43.85,16.1,3.8,18,2022,8,Tue,FALSE,Summer,TRUE,Good
2022-08-03,KC1,7.49,20.14,35.7,13.8,2.2,276,2022,8,Wed,FALSE,Summer,TRUE,Good
2022-08-04,KC1,2.51,6.49,44.63,15.5,4,143,2022,8,Thu,FALSE,Summer,TRUE,Good
2022-08-05,KC1,6.85,10.44,50.04,14.6,3.3,214,2022,8,Fri,FALSE,Summer,TRUE,Good
2022-08-06,KC1,2.82,5,38.66,17.2,3.2,149,2022,8,Sat,TRUE,Summer,TRUE,Good
2022-08-07,KC1,2.91,5,52.86,16.3,1.7,297,2022,8,Sun,TRUE,Summer,TRUE,Good
2022-08-08,KC1,1,7.23,31.52,16.1,3,145,2022,8,Mon,FALSE,Summer,TRUE,Good
2022-08-09,KC1,5.01,8.9,48.7,14.4,2.2,314,2022,8,Tue,FALSE,Summer,TRUE,Good
2022-08-10,KC1,1.9,5,42.82,15.4,1.8,331,2022,8,Wed,FALSE,Summer,TRUE,Good
2022-08-11,KC1,7.1,5.77,47.65,14.3,2.5,217,2022,8,Thu,FALSE,Summer,TRUE,Good
2022-08-12,KC1,1,5,44.14,15.8,2.6,192,2022,8,Fri,FALSE,Summer,TRUE,Good
2022-08-13,KC1,1,8.57,35.95,12.4,2.5,77,2022,8,Sat,TRUE,Summer,TRUE,Good
2022-08-14,KC1,1,5,42.16,13.5,9,288,2022,8,Sun,TRUE,Summer,TRUE,Good
2022-08-15,KC1,1.81,5,43.91,12.9,3.2,40,2022,8,Mon,FALSE,Summer,TRUE,Good
2022-08-16,KC1,1,5,52.36,14.6,4.2,119,2022,8,Tue,FALSE,Summer,TRUE,Good
2022-08-17,KC1,2.57,7.29,40.61,11.6,7.2,158,2022,8,Wed,FALSE,Summer,TRUE,Good
2022-08-18,KC1,1.62,5,55.47,15.4,3.8,65,2022,8,Thu,FALSE,Summer,TRUE,Good
2022-08-19,KC1,1,5,33.86,14.1,2.3,113,2022,8,Fri,FALSE,Summer,TRUE,Good
2022-08-20,KC1,2.86,5,51.06,17.5,3.6,271,2022,8,Sat,TRUE,Summer,TRUE,Good
2022-08-21,KC1,1,5,44.84,12.7,3.2,161,2022,8,Sun,TRUE,Summer,TRUE,Good
2022-08-22,KC1,11.91,21.33,51.46,12.4,5.6,61,2022,8,Mon,FALSE,Summer,TRUE,Moderate
2022-08-23,KC1,2.86,5,40.17,16.5,4,170,2022,8,Tue,FALSE,Summer,TRUE,Good
2022-08-24,KC1,1.54,5,38.33,13,1.6,299,2022,8,Wed,FALSE,Summer,TRUE,Good
2022-08-25,KC1,6.19,6.87,44.89,13.1,1,85,2022,8,Thu,FALSE,Summer,TRUE,Good
2022-08-26,KC1,6.21,32.36,44.6,9.7,4.1,331,2022,8,Fri,FALSE,Summer,TRUE,Good
2022-08-27,KC1,1,5.02,49.07,15.1,5.9,271,2022,8,Sat,TRUE,Summer,TRUE,Good
2022-08-28,KC1,1.98,11.98,41.55,14,7.2,52,2022,8,Sun,TRUE,Summer,TRUE,Good
2022-08-29,KC1,6.22,12.46,28.07,12.4,3.1,72,2022,8,Mon,FALSE,Summer,TRUE,Good
2022-08-30,KC1,7.12,17.72,32.75,15.4,2.1,346,2022,8,Tue,FALSE,Summer,TRUE,Good
2022-08-31,KC1,3.35,8.43,40.25,14.8,4.9,203,2022,8,Wed,FALSE,Summer,TRUE,Good
2022-09-01,KC1,1,5,45.71,10.5,4.2,100,2022,9,Thu,FALSE,Autumn,TRUE,Good
2022-09-02,KC1,3.43,22.99,39.69,11.6,4.7,31,2022,9,Fri,FALSE,Autumn,TRUE,Good
2022-09-03,KC1,8,17.35,41.02,12.7,7.9,130,2022,9,Sat,TRUE,Autumn,TRUE,Good
2022-09-04,KC1,1,5,40.72,15.4,5.7,247,2022,9,Sun,TRUE,Autumn,TRUE,Good
2022-09-05,KC1,1,12.97,41.82,9.4,7.6,188,2022,9,Mon,FALSE,Autumn,TRUE,Good
2022-09-06,KC1,2.42,5,39.92,8.4,3.3,168,2022,9,Tue,FALSE,Autumn,TRUE,Good
2022-09-07,KC1,8.25,22.38,36.77,11.1,2.9,222,2022,9,Wed,FALSE,Autumn,TRUE,Good
2022-09-08,KC1,4.78,5,50.8,12.7,4.4,153,2022,9,Thu,FALSE,Autumn,TRUE,Good
2022-09-09,KC1,2.42,5,51.85,10.4,1.8,17,2022,9,Fri,FALSE,Autumn,TRUE,Good
2022-09-10,KC1,2.01,5,45.67,14,4,184,2022,9,Sat,TRUE,Autumn,TRUE,Good
2022-09-11,KC1,1,6.87,47.37,8.7,5.5,196,2022,9,Sun,TRUE,Autumn,TRUE,Good
2022-09-12,KC1,6.15,6.6,46.52,10.8,4.3,252,2022,9,Mon,FALSE,Autumn,TRUE,Good
2022-09-13,KC1,2.66,5,37.67,13.4,5.3,166,2022,9,Tue,FALSE,Autumn,TRUE,Good
2022-09-14,KC1,7.23,17.81,48.3,10.3,10.1,279,2022,9,Wed,FALSE,Autumn,TRUE,Good
2022-09-15,KC1,1,5,37.67,9.6,8,209,2022,9,Thu,FALSE,Autumn,TRUE,Good
2022-09-16,KC1,2.18,5,45.66,7.4,4.7,300,2022,9,Fri,FALSE,Autumn,TRUE,Good
2022-09-17,KC1,4.96,24.24,36.32,12.6,4.9,86,2022,9,Sat,TRUE,Autumn,TRUE,Good
2022-09-18,KC1,1,5,48.74,9.2,2.5,65,2022,9,Sun,TRUE,Autumn,TRUE,Good
2022-09-19,KC1,3.07,13.56,48.52,6.4,7.1,19,2022,9,Mon,FALSE,Autumn,TRUE,Good
2022-09-20,KC1,7.4,16.43,43.94,9.3,3.6,154,2022,9,Tue,FALSE,Autumn,TRUE,Good
2022-09-21,KC1,4.34,15.04,37.84,9.4,4.1,349,2022,9,Wed,FALSE,Autumn,TRUE,Good
2022-09-22,KC1,6.82,18.18,40.59,12.1,5.6,192,2022,9,Thu,FALSE,Autumn,TRUE,Good
2022-09-23,KC1,7.14,5,43.84,7.1,3.8,191,2022,9,Fri,FALSE,Autumn,TRUE,Good
2022-09-24,KC1,7.4,18.34,49.67,12.9,2,311,2022,9,Sat,TRUE,Autumn,TRUE,Good
2022-09-25,KC1,7.91,9.54,46.47,5.1,5.6,42,2022,9,Sun,TRUE,Autumn,TRUE,Good
2022-09-26,KC1,6.09,12.48,33.21,7.8,1.7,68,2022,9,Mon,FALSE,Autumn,TRUE,Good
2022-09-27,KC1,7.06,19.14,45.7,6.4,4.3,344,2022,9,Tue,FALSE,Autumn,TRUE,Good
2022-09-28,KC1,3.14,22.2,47.17,12.9,2.4,175,2022,9,Wed,FALSE,Autumn,TRUE,Good
2022-09-29,KC1,4.85,10.72,35.94,13.3,8.2,347,2022,9,Thu,FALSE,Autumn,TRUE,Good
2022-09-30,KC1,2.47,5,42.45,9.1,5.4,250,2022,9,Fri,FALSE,Autumn,TRUE,Good
2022-10-01,KC1,6.29,18.47,35.84,6.7,5.7,226,2022,10,Sat,TRUE,Autumn,TRUE,Good
2022-10-02,KC1,2.54,5,50.2,8.7,6.2,282,2022,10,Sun,TRUE,Autumn,TRUE,Good
2022-10-03,KC1,6.2,7.27,38.65,11.2,6.3,169,2022,10,Mon,FALSE,Autumn,TRUE,Good
2022-10-04,KC1,7.42,11.62,45.26,7.1,2.4,323,2022,10,Tue,FALSE,Autumn,TRUE,Good
2022-10-05,KC1,8.27,30.99,46.3,6.8,10.4,315,2022,10,Wed,FALSE,Autumn,TRUE,Good
2022-10-06,KC1,4.7,11.69,40.53,9.5,4,318,2022,10,Thu,FALSE,Autumn,TRUE,Good
2022-10-07,KC1,5.81,8.67,36.44,8.3,2.6,343,2022,10,Fri,FALSE,Autumn,TRUE,Good
2022-10-08,KC1,10.69,6.57,48.39,7.7,1.8,165,2022,10,Sat,TRUE,Autumn,TRUE,Moderate
2022-10-09,KC1,6.79,23.12,36,5.3,7.4,23,2022,10,Sun,TRUE,Autumn,TRUE,Good
2022-10-10,KC1,5.28,11.23,36.38,5,5.2,117,2022,10,Mon,FALSE,Autumn,TRUE,Good
2022-10-11,KC1,6.48,5,49.59,7.2,8.3,7,2022,10,Tue,FALSE,Autumn,TRUE,Good
2022-10-12,KC1,8.29,5.88,38.23,7.4,5,195,2022,10,Wed,FALSE,Autumn,TRUE,Good
2022-10-13,KC1,7.69,17.52,36.72,7.7,5.5,55,2022,10,Thu,FALSE,Autumn,TRUE,Good
2022-10-14,KC1,7.43,16.1,43.26,6.9,2.6,246,2022,10,Fri,FALSE,Autumn,TRUE,Good
2022-10-15,KC1,2.73,5,40.02,5.6,2.2,51,2022,10,Sat,TRUE,Autumn,TRUE,Good
2022-10-16,KC1,9.06,19.72,41.25,4.2,3.3,28,2022,10,Sun,TRUE,Autumn,TRUE,Good
2022-10-17,KC1,3.47,5,55.22,6.1,4.9,71,2022,10,Mon,FALSE,Autumn,TRUE,Good
2022-10-18,KC1,9.7,14.39,47.72,10.4,6.5,133,2022,10,Tue,FALSE,Autumn,TRUE,Good
2022-10-19,KC1,12.11,34.34,32.53,4.2,4.7,185,2022,10,Wed,FALSE,Autumn,TRUE,Moderate
2022-10-20,KC1,3.28,5,54.02,5.6,8.3,147,2022,10,Thu,FALSE,Autumn,TRUE,Good
2022-10-21,KC1,13.19,20.33,36,6.7,2.6,327,2022,10,Fri,FALSE,Autumn,TRUE,Moderate
2022-10-22,KC1,7.81,21.99,37.45,5.6,3.1,215,2022,10,Sat,TRUE,Autumn,TRUE,Good
2022-10-23,KC1,5.88,26.81,38.89,5.4,6.1,328,2022,10,Sun,TRUE,Autumn,TRUE,Good
2022-10-24,KC1,1,5,32.95,5.5,3.9,29,2022,10,Mon,FALSE,Autumn,TRUE,Good
2022-10-25,KC1,9.96,11.52,46.34,5.2,2,351,2022,10,Tue,FALSE,Autumn,TRUE,Good
2022-10-26,KC1,4.21,5,39,10,5.9,276,2022,10,Wed,FALSE,Autumn,TRUE,Good
2022-10-27,KC1,5.39,14.28,33.03,5.8,9.7,315,2022,10,Thu,FALSE,Autumn,TRUE,Good
2022-10-28,KC1,1.56,15.27,41.9,4.8,3.1,350,2022,10,Fri,FALSE,Autumn,TRUE,Good
2022-10-29,KC1,4.59,5,50.46,4.5,5.2,36,2022,10,Sat,TRUE,Autumn,TRUE,Good
2022-10-30,KC1,4.07,17.15,34.22,2.6,2.8,6,2022,10,Sun,TRUE,Autumn,TRUE,Good
2022-10-31,KC1,6.71,18.17,39.85,2.5,5.8,248,2022,10,Mon,FALSE,Autumn,TRUE,Good
2022-11-01,KC1,4.27,17.81,44.76,6.2,9.4,285,2022,11,Tue,FALSE,Autumn,TRUE,Good
2022-11-02,KC1,5.41,5,45.86,4.4,4.8,138,2022,11,Wed,FALSE,Autumn,TRUE,Good
2022-11-03,KC1,8.61,26.75,34.16,6.2,9.8,194,2022,11,Thu,FALSE,Autumn,TRUE,Good
2022-11-04,KC1,5.11,12.22,42.66,10.7,1,293,2022,11,Fri,FALSE,Autumn,TRUE,Good
2022-11-05,KC1,6.98,31.56,31.06,6.1,3.1,111,2022,11,Sat,TRUE,Autumn,TRUE,Good
2022-11-06,KC1,6.87,22.99,41.72,4.1,2.5,286,2022,11,Sun,TRUE,Autumn,TRUE,Good
2022-11-07,KC1,14.79,27.77,36.15,5.6,6.9,343,2022,11,Mon,FALSE,Autumn,TRUE,Moderate
2022-11-08,KC1,13.15,34.81,22.51,4.9,5.9,234,2022,11,Tue,FALSE,Autumn,TRUE,Moderate
2022-11-09,KC1,12.59,26.55,49.17,5.6,2.9,299,2022,11,Wed,FALSE,Autumn,TRUE,Moderate
2022-11-10,KC1,7.55,5,51.11,3.7,1.9,134,2022,11,Thu,FALSE,Autumn,TRUE,Good
2022-11-11,KC1,7.92,34.33,38.88,3.7,5.3,289,2022,11,Fri,FALSE,Autumn,TRUE,Good
2022-11-12,KC1,6.28,13.23,40.23,3.2,3.9,142,2022,11,Sat,TRUE,Autumn,TRUE,Good
2022-11-13,KC1,8.03,15.31,41.49,7.8,2.8,94,2022,11,Sun,TRUE,Autumn,TRUE,Good
2022-11-14,KC1,4.37,21.28,29.17,6,4.2,86,2022,11,Mon,FALSE,Autumn,TRUE,Good
2022-11-15,KC1,13.29,38.93,31.35,6.3,1.5,294,2022,11,Tue,FALSE,Autumn,TRUE,Moderate
2022-11-16,KC1,11.18,18.81,30.16,7,8.1,33,2022,11,Wed,FALSE,Autumn,TRUE,Moderate
2022-11-17,KC1,8.21,21.24,43.15,0,5,251,2022,11,Thu,FALSE,Autumn,TRUE,Good
2022-11-18,KC1,11.12,30.83,29.93,4.9,5.7,332,2022,11,Fri,FALSE,Autumn,TRUE,Moderate
2022-11-19,KC1,9.11,24.9,26.26,0.7,4.8,271,2022,11,Sat,TRUE,Autumn,TRUE,Good
2022-11-20,KC1,5.33,5,49.14,2.3,2.6,29,2022,11,Sun,TRUE,Autumn,TRUE,Good
2022-11-21,KC1,9.95,23.87,46.25,0.1,2.2,91,2022,11,Mon,FALSE,Autumn,TRUE,Good
2022-11-22,KC1,13.49,19.24,35.24,7.8,2.2,125,2022,11,Tue,FALSE,Autumn,TRUE,Moderate
2022-11-23,KC1,15.16,35.78,38.88,2,5.1,251,2022,11,Wed,FALSE,Autumn,TRUE,Moderate
2022-11-24,KC1,3.69,10.59,48.87,4.8,13.7,259,2022,11,Thu,FALSE,Autumn,TRUE,Good
2022-11-25,KC1,8.72,19.77,35.32,3.4,2.1,202,2022,11,Fri,FALSE,Autumn,TRUE,Good
2022-11-26,KC1,11.29,26.11,42.61,1.1,3,145,2022,11,Sat,TRUE,Autumn,TRUE,Moderate
2022-11-27,KC1,8.07,21.88,33.93,4.5,3.1,102,2022,11,Sun,TRUE,Autumn,TRUE,Good
2022-11-28,KC1,6.2,5,41.69,-1.9,2,130,2022,11,Mon,FALSE,Autumn,TRUE,Good
2022-11-29,KC1,7.87,11.04,47,5.9,3,271,2022,11,Tue,FALSE,Autumn,TRUE,Good
2022-11-30,KC1,10.75,14.5,42.77,4.2,3.4,346,2022,11,Wed,FALSE,Autumn,TRUE,Moderate
2022-12-01,KC1,11.8,23.38,40.99,1.9,3.9,357,2022,12,Thu,FALSE,Winter,TRUE,Moderate
2022-12-02,KC1,9.06,25.01,41.34,1.4,3.8,313,2022,12,Fri,FALSE,Winter,TRUE,Good
2022-12-03,KC1,9.19,19.24,35.32,3.8,5.2,227,2022,12,Sat,TRUE,Winter,TRUE,Good
2022-12-04,KC1,10.51,32.52,38.9,5,14.7,323,2022,12,Sun,TRUE,Winter,TRUE,Moderate
2022-12-05,KC1,11.52,16.35,50.36,7.6,3.7,92,2022,12,Mon,FALSE,Winter,TRUE,Moderate
2022-12-06,KC1,14.1,28.91,44.52,-1.4,6.6,151,2022,12,Tue,FALSE,Winter,TRUE,Moderate
2022-12-07,KC1,11.03,13.22,35.02,5.7,4,133,2022,12,Wed,FALSE,Winter,TRUE,Moderate
2022-12-08,KC1,9.34,24.72,38.05,1.2,2.8,310,2022,12,Thu,FALSE,Winter,TRUE,Good
2022-12-09,KC1,7.11,25.23,35.63,5.1,1.5,336,2022,12,Fri,FALSE,Winter,TRUE,Good
2022-12-10,KC1,9.28,18.31,39.46,2.8,7.4,283,2022,12,Sat,TRUE,Winter,TRUE,Good
2022-12-11,KC1,8.42,30.88,41.05,2.8,7.2,24,2022,12,Sun,TRUE,Winter,TRUE,Good
2022-12-12,KC1,9.82,9.86,35.32,1,2.7,195,2022,12,Mon,FALSE,Winter,TRUE,Good
2022-12-13,KC1,9.14,5,50.05,2.6,6.7,50,2022,12,Tue,FALSE,Winter,TRUE,Good
2022-12-14,KC1,10.3,13.47,50.68,3.1,1.9,342,2022,12,Wed,FALSE,Winter,TRUE,Moderate
2022-12-15,KC1,9.93,19.31,37.86,0.8,5.8,234,2022,12,Thu,FALSE,Winter,TRUE,Good
2022-12-16,KC1,10.25,15.01,41.22,5.1,3.1,126,2022,12,Fri,FALSE,Winter,TRUE,Moderate
2022-12-17,KC1,14.3,46.43,31.21,1.5,3.3,344,2022,12,Sat,TRUE,Winter,TRUE,Moderate
2022-12-18,KC1,6.03,9.08,46.62,2.8,4.3,88,2022,12,Sun,TRUE,Winter,TRUE,Good
2022-12-19,KC1,9.48,15.12,39.94,3.3,2.1,259,2022,12,Mon,FALSE,Winter,TRUE,Good
2022-12-20,KC1,12.75,27.15,42.62,-0.9,1.5,342,2022,12,Tue,FALSE,Winter,TRUE,Moderate
2022-12-21,KC1,11.93,28.6,37.36,1.9,6.6,44,2022,12,Wed,FALSE,Winter,TRUE,Moderate
2022-12-22,KC1,14.07,26.7,41.74,-0.4,3.4,55,2022,12,Thu,FALSE,Winter,TRUE,Moderate
2022-12-23,KC1,12.27,24.87,45.01,-1.5,6.4,154,2022,12,Fri,FALSE,Winter,TRUE,Moderate
2022-12-24,KC1,9.16,11.08,36.6,2,2.1,325,2022,12,Sat,TRUE,Winter,TRUE,Good
2022-12-25,KC1,10.93,23.45,41.46,3.8,4.2,34,2022,12,Sun,TRUE,Winter,TRUE,Moderate
2022-12-26,KC1,13.53,40.47,43.93,3.3,4.4,218,2022,12,Mon,FALSE,Winter,TRUE,Moderate
2022-12-27,KC1,7.21,9.11,43.32,0.5,2.7,0,2022,12,Tue,FALSE,Winter,TRUE,Good
2022-12-28,KC1,9.97,11.38,41.23,3.1,2.5,195,2022,12,Wed,FALSE,Winter,TRUE,Good
2022-12-29,KC1,8.83,25.29,36.11,3.3,2.7,181,2022,12,Thu,FALSE,Winter,TRUE,Good
2022-12-30,KC1,12.13,31.67,38.08,1.8,4.8,42,2022,12,Fri,FALSE,Winter,TRUE,Moderate
2022-12-31,KC1,11.29,23.88,37.74,4.1,3.1,56,2022,12,Sat,TRUE,Winter,TRUE,Moderate
2023-01-01,KC1,10.07,26.5,35.21,4.4,2.3,270,2023,1,Sun,TRUE,Winter,TRUE,Moderate
2023-01-02,KC1,11.51,16.52,37.44,3.1,6.7,331,2023,1,Mon,FALSE,Winter,TRUE,Moderate
2023-01-03,KC1,9.74,16.53,44.54,1.7,7.3,332,2023,1,Tue,FALSE,Winter,TRUE,Good
2023-01-04,KC1,11.98,20.27,37.2,2.8,4.5,198,2023,1,Wed,FALSE,Winter,TRUE,Moderate
2023-01-05,KC1,8.12,16.29,46.67,5.7,4,105,2023,1,Thu,FALSE,Winter,TRUE,Good
2023-01-06,KC1,11.45,26.86,29,3.6,2.7,95,2023,1,Fri,FALSE,Winter,TRUE,Moderate
2023-01-07,KC1,10.4,40.24,43.38,7.1,3.9,188,2023,1,Sat,TRUE,Winter,TRUE,Moderate
2023-01-08,KC1,12.47,37.49,35.08,1.9,2.6,224,2023,1,Sun,TRUE,Winter,TRUE,Moderate
2023-01-09,KC1,9.61,7.4,40.26,3.8,11.5,222,2023,1,Mon,FALSE,Winter,TRUE,Good
2023-01-10,KC1,11.73,35.59,26.87,4.6,3.3,254,2023,1,Tue,FALSE,Winter,TRUE,Moderate
2023-01-11,KC1,7.25,25.56,37.62,5.7,5.9,9,2023,1,Wed,FALSE,Winter,TRUE,Good
2023-01-12,KC1,14.76,43.01,22.73,1.6,3.4,17,2023,1,Thu,FALSE,Winter,TRUE,Moderate
2023-01-13,KC1,12.11,21.19,38.78,0.7,5.1,319,2023,1,Fri,FALSE,Winter,TRUE,Moderate
2023-01-14,KC1,10.02,27.13,36.13,1.8,1.6,340,2023,1,Sat,TRUE,Winter,TRUE,Moderate
2023-01-15,KC1,7.77,6.2,37.22,-2.9,5.9,186,2023,1,Sun,TRUE,Winter,TRUE,Good
2023-01-16,KC1,11.68,20.91,41.98,3.2,3.3,256,2023,1,Mon,FALSE,Winter,TRUE,Moderate
2023-01-17,KC1,9.93,33.69,46.27,3.4,3.1,199,2023,1,Tue,FALSE,Winter,TRUE,Good
2023-01-18,KC1,11.05,29.52,28.24,1.2,5.1,236,2023,1,Wed,FALSE,Winter,TRUE,Moderate
2023-01-19,KC1,16.61,31.33,42.41,3,2.2,287,2023,1,Thu,FALSE,Winter,TRUE,Moderate
2023-01-20,KC1,15.74,41.06,37.9,6,2.5,233,2023,1,Fri,FALSE,Winter,TRUE,Moderate
2023-01-21,KC1,12.72,32.48,38.33,2,3.8,88,2023,1,Sat,TRUE,Winter,TRUE,Moderate
2023-01-22,KC1,10.13,40.12,41.25,5.7,3.6,131,2023,1,Sun,TRUE,Winter,TRUE,Moderate
2023-01-23,KC1,17.98,46.82,33.86,2.1,4.8,31,2023,1,Mon,FALSE,Winter,TRUE,Moderate
2023-01-24,KC1,9.66,19.78,37.69,4.8,1.8,340,2023,1,Tue,FALSE,Winter,TRUE,Good
2023-01-25,KC1,10.87,30.15,42.67,4.1,3.9,28,2023,1,Wed,FALSE,Winter,TRUE,Moderate
2023-01-26,KC1,10.17,24.09,50.68,4.3,4.9,311,2023,1,Thu,FALSE,Winter,TRUE,Moderate
2023-01-27,KC1,15.41,52.99,32.36,4.5,4.1,11,2023,1,Fri,FALSE,Winter,TRUE,Moderate
2023-01-28,KC1,7.51,13.69,35.94,4.4,3,203,2023,1,Sat,TRUE,Winter,TRUE,Good
2023-01-29,KC1,6.61,22.32,28.98,4.4,5.2,12,2023,1,Sun,TRUE,Winter,TRUE,Good
2023-01-30,KC1,15.88,36.03,36.73,3.2,4.6,313,2023,1,Mon,FALSE,Winter,TRUE,Moderate
2023-01-31,KC1,17.01,58.16,24.8,5.2,5.8,143,2023,1,Tue,FALSE,Winter,TRUE,Moderate
2023-02-01,KC1,2.34,5,43.99,0.2,1.3,232,2023,2,Wed,FALSE,Winter,TRUE,Good
2023-02-02,KC1,13.5,35.19,36.85,5.5,5.3,203,2023,2,Thu,FALSE,Winter,TRUE,Moderate
2023-02-03,KC1,14.36,32.82,39.92,7.6,2.3,1,2023,2,Fri,FALSE,Winter,TRUE,Moderate
2023-02-04,KC1,6.53,14.61,46.36,5.4,2.4,322,2023,2,Sat,TRUE,Winter,TRUE,Good
2023-02-05,KC1,9.85,21.63,45.64,5.7,3.5,111,2023,2,Sun,TRUE,Winter,TRUE,Good
2023-02-06,KC1,14.57,48.89,23.18,4.1,4.7,8,2023,2,Mon,FALSE,Winter,TRUE,Moderate
2023-02-07,KC1,4.84,11.24,47.77,5.3,3.4,241,2023,2,Tue,FALSE,Winter,TRUE,Good
2023-02-08,KC1,11.5,23.28,39.25,5.9,3.4,146,2023,2,Wed,FALSE,Winter,TRUE,Moderate
2023-02-09,KC1,6.8,9.08,47.19,7.1,3.2,95,2023,2,Thu,FALSE,Winter,TRUE,Good
2023-02-10,KC1,14.05,24.56,43.58,6,3.8,252,2023,2,Fri,FALSE,Winter,TRUE,Moderate
2023-02-11,KC1,7.17,15.68,38.98,6.8,3,253,2023,2,Sat,TRUE,Winter,TRUE,Good
2023-02-12,KC1,5.57,7.36,35.13,7.8,9.4,92,2023,2,Sun,TRUE,Winter,TRUE,Good
2023-02-13,KC1,7.97,12.64,46.21,5.6,8.6,90,2023,2,Mon,FALSE,Winter,TRUE,Good
2023-02-14,KC1,11.77,28.3,23.43,7.7,3.6,148,2023,2,Tue,FALSE,Winter,TRUE,Moderate
2023-02-15,KC1,8.84,33.81,26.15,4.6,13.4,183,2023,2,Wed,FALSE,Winter,TRUE,Good
2023-02-16,KC1,10.54,19.57,32.99,5.9,4.3,208,2023,2,Thu,FALSE,Winter,TRUE,Moderate
2023-02-17,KC1,11.81,24.9,37.35,4.1,4.4,299,2023,2,Fri,FALSE,Winter,TRUE,Moderate
2023-02-18,KC1,2.72,5,40.68,4.2,2.3,187,2023,2,Sat,TRUE,Winter,TRUE,Good
2023-02-19,KC1,8.75,28.73,37.1,3.6,2.1,131,2023,2,Sun,TRUE,Winter,TRUE,Good
2023-02-20,KC1,13.7,28.99,44.63,10,2.7,131,2023,2,Mon,FALSE,Winter,TRUE,Moderate
2023-02-21,KC1,13.04,16.23,57.75,8.1,2.2,80,2023,2,Tue,FALSE,Winter,TRUE,Moderate
2023-02-22,KC1,8.51,8.91,55.66,6.4,2.3,105,2023,2,Wed,FALSE,Winter,TRUE,Good
2023-02-23,KC1,6.67,5,49.62,6.2,3,239,2023,2,Thu,FALSE,Winter,TRUE,Good
2023-02-24,KC1,10.18,22.91,35.55,7.1,4,177,2023,2,Fri,FALSE,Winter,TRUE,Moderate
2023-02-25,KC1,7.17,9.25,45.73,6.9,3.5,97,2023,2,Sat,TRUE,Winter,TRUE,Good
2023-02-26,KC1,7.23,9.95,37.66,9.6,5.5,218,2023,2,Sun,TRUE,Winter,TRUE,Good
2023-02-27,KC1,12.76,28.91,32.88,5.2,1.3,131,2023,2,Mon,FALSE,Winter,TRUE,Moderate
2023-02-28,KC1,7.38,24.59,30.98,6.3,12.5,199,2023,2,Tue,FALSE,Winter,TRUE,Good
2023-03-01,KC1,15.73,44.37,33.05,7.2,4.7,164,2023,3,Wed,FALSE,Spring,TRUE,Moderate
2023-03-02,KC1,11.1,19.04,41,7.7,3.7,155,2023,3,Thu,FALSE,Spring,TRUE,Moderate
2023-03-03,KC1,7.46,19.85,53.57,11.8,3.3,41,2023,3,Fri,FALSE,Spring,TRUE,Good
2023-03-04,KC1,12.07,42.72,23.08,3.6,5.1,342,2023,3,Sat,TRUE,Spring,TRUE,Moderate
2023-03-05,KC1,5.56,15.67,23.43,11.7,2.2,323,2023,3,Sun,TRUE,Spring,TRUE,Good
2023-03-06,KC1,7.79,5,33.64,8.3,2.9,76,2023,3,Mon,FALSE,Spring,TRUE,Good
2023-03-07,KC1,3.36,5,46.56,9.6,5.3,14,2023,3,Tue,FALSE,Spring,TRUE,Good
2023-03-08,KC1,2.63,7.68,30.1,9.2,3.1,228,2023,3,Wed,FALSE,Spring,TRUE,Good
2023-03-09,KC1,12.53,27.2,34.84,9.9,9.2,142,2023,3,Thu,FALSE,Spring,TRUE,Moderate
2023-03-10,KC1,11.94,23.32,34.38,7,1.9,207,2023,3,Fri,FALSE,Spring,TRUE,Moderate
2023-03-11,KC1,11.5,9.1,38.95,8.9,7.1,262,2023,3,Sat,TRUE,Spring,TRUE,Moderate
2023-03-12,KC1,5.53,13.09,38.36,7.6,2.7,330,2023,3,Sun,TRUE,Spring,TRUE,Good
2023-03-13,KC1,10.47,32.64,34.19,9.4,5.7,33,2023,3,Mon,FALSE,Spring,TRUE,Moderate
2023-03-14,KC1,11.43,24.68,37.05,6.1,6.5,347,2023,3,Tue,FALSE,Spring,TRUE,Moderate
2023-03-15,KC1,9.64,8.59,44.63,8.4,7.1,24,2023,3,Wed,FALSE,Spring,TRUE,Good
2023-03-16,KC1,9.37,8.33,39.21,7.3,1.8,206,2023,3,Thu,FALSE,Spring,TRUE,Good
2023-03-17,KC1,7.4,16.12,40.47,8.6,4.1,331,2023,3,Fri,FALSE,Spring,TRUE,Good
2023-03-18,KC1,6.76,9.39,36.18,9.5,6.9,151,2023,3,Sat,TRUE,Spring,TRUE,Good
2023-03-19,KC1,5.5,19.08,34.47,10.6,1.1,97,2023,3,Sun,TRUE,Spring,TRUE,Good
2023-03-20,KC1,5.99,5,49.11,9.3,4.4,162,2023,3,Mon,FALSE,Spring,TRUE,Good
2023-03-21,KC1,8.18,20.28,38.53,9.9,1.5,132,2023,3,Tue,FALSE,Spring,TRUE,Good
2023-03-22,KC1,10.75,35.4,28.07,8.6,3.2,214,2023,3,Wed,FALSE,Spring,TRUE,Moderate
2023-03-23,KC1,9.05,27.08,34.94,10.4,1.3,353,2023,3,Thu,FALSE,Spring,TRUE,Good
2023-03-24,KC1,5.55,5,43.74,13.1,2.4,185,2023,3,Fri,FALSE,Spring,TRUE,Good
2023-03-25,KC1,9.49,16.8,35.96,11.8,8.4,130,2023,3,Sat,TRUE,Spring,TRUE,Good
2023-03-26,KC1,3.67,5,38.94,14.3,17.1,289,2023,3,Sun,TRUE,Spring,TRUE,Good
2023-03-27,KC1,7.87,12.68,35.91,6.4,3.5,289,2023,3,Mon,FALSE,Spring,TRUE,Good
2023-03-28,KC1,9.56,10.36,48.14,9.5,3.8,304,2023,3,Tue,FALSE,Spring,TRUE,Good
2023-03-29,KC1,8.2,33.81,37.98,12.1,1.7,312,2023,3,Wed,FALSE,Spring,TRUE,Good
2023-03-30,KC1,8.66,23.88,40.27,10,5.8,351,2023,3,Thu,FALSE,Spring,TRUE,Good
2023-03-31,KC1,5.71,15.36,49.78,11.4,4,55,2023,3,Fri,FALSE,Spring,TRUE,Good
2023-04-01,KC1,5.03,5.81,41.24,10.1,4.8,85,2023,4,Sat,TRUE,Spring,TRUE,Good
2023-04-02,KC1,6.53,5.43,48.9,7.9,2.8,176,2023,4,Sun,TRUE,Spring,TRUE,Good
2023-04-03,KC1,1.7,9.46,43.32,17,4.8,253,2023,4,Mon,FALSE,Spring,TRUE,Good
2023-04-04,KC1,11.12,34.45,31.96,10.9,4.3,157,2023,4,Tue,FALSE,Spring,TRUE,Moderate
2023-04-05,KC1,7.34,11.19,42.8,11.3,7.2,194,2023,4,Wed,FALSE,Spring,TRUE,Good
2023-04-06,KC1,6.03,5,37.65,9.9,5,138,2023,4,Thu,FALSE,Spring,TRUE,Good
2023-04-07,KC1,6.69,15.1,40.78,9.9,4.2,171,2023,4,Fri,FALSE,Spring,TRUE,Good
2023-04-08,KC1,5.53,18.84,29.61,12.2,3.8,311,2023,4,Sat,TRUE,Spring,TRUE,Good
2023-04-09,KC1,6.66,17.68,44.4,14.2,2.8,234,2023,4,Sun,TRUE,Spring,TRUE,Good
2023-04-10,KC1,8.28,22.61,43.81,15.7,3.1,3,2023,4,Mon,FALSE,Spring,TRUE,Good
2023-04-11,KC1,8.63,8.05,42.15,12.2,2.3,320,2023,4,Tue,FALSE,Spring,TRUE,Good
2023-04-12,KC1,5.53,5,38.39,13.2,8.2,308,2023,4,Wed,FALSE,Spring,TRUE,Good
2023-04-13,KC1,9.3,20.1,43.3,10,3.4,257,2023,4,Thu,FALSE,Spring,TRUE,Good
2023-04-14,KC1,8.59,6.01,34.84,16.3,4.9,50,2023,4,Fri,FALSE,Spring,TRUE,Good
2023-04-15,KC1,7.82,35.2,39.21,14.1,3.7,263,2023,4,Sat,TRUE,Spring,TRUE,Good
2023-04-16,KC1,3.09,5.46,33.73,17.4,3.3,21,2023,4,Sun,TRUE,Spring,TRUE,Good
2023-04-17,KC1,6.84,30.16,39.9,9.8,5.4,86,2023,4,Mon,FALSE,Spring,TRUE,Good
2023-04-18,KC1,5.35,21.91,46.49,13.3,6.7,273,2023,4,Tue,FALSE,Spring,TRUE,Good
2023-04-19,KC1,11.03,36.58,38.62,11.9,11,277,2023,4,Wed,FALSE,Spring,TRUE,Moderate
2023-04-20,KC1,6.77,6.44,44.82,17.9,2.1,155,2023,4,Thu,FALSE,Spring,TRUE,Good
2023-04-21,KC1,6.47,13.86,45.94,13.8,3.1,330,2023,4,Fri,FALSE,Spring,TRUE,Good
2023-04-22,KC1,11.09,26.14,31.1,13.1,3.1,176,2023,4,Sat,TRUE,Spring,TRUE,Moderate
2023-04-23,KC1,12.11,27.84,33.23,12.8,4.2,120,2023,4,Sun,TRUE,Spring,TRUE,Moderate
2023-04-24,KC1,14.1,45.48,29.08,14.8,4.7,289,2023,4,Mon,FALSE,Spring,TRUE,Moderate
2023-04-25,KC1,7.56,7.97,46.75,15.2,3.6,125,2023,4,Tue,FALSE,Spring,TRUE,Good
2023-04-26,KC1,9.11,7.55,43.89,17.7,3.3,80,2023,4,Wed,FALSE,Spring,TRUE,Good
2023-04-27,KC1,5.02,14.8,41.29,15.2,1.9,231,2023,4,Thu,FALSE,Spring,TRUE,Good
2023-04-28,KC1,7.63,26.13,39.95,14.7,3.1,1,2023,4,Fri,FALSE,Spring,TRUE,Good
2023-04-29,KC1,3.16,5,42.62,18.1,2.4,44,2023,4,Sat,TRUE,Spring,TRUE,Good
2023-04-30,KC1,1.37,5,48.06,15.2,5.1,79,2023,4,Sun,TRUE,Spring,TRUE,Good
2023-05-01,KC1,1.63,5,45,17.9,3.6,22,2023,5,Mon,FALSE,Spring,TRUE,Good
2023-05-02,KC1,4.48,10.8,40.04,14.6,4.9,245,2023,5,Tue,FALSE,Spring,TRUE,Good
2023-05-03,KC1,4.23,5,45.73,17.9,4.6,22,2023,5,Wed,FALSE,Spring,TRUE,Good
2023-05-04,KC1,6.77,15.02,35.39,16.1,1.7,164,2023,5,Thu,FALSE,Spring,TRUE,Good
2023-05-05,KC1,9.65,28.12,38.63,14.2,4.7,133,2023,5,Fri,FALSE,Spring,TRUE,Good
2023-05-06,KC1,1.63,8.76,45.35,12.7,4.2,14,2023,5,Sat,TRUE,Spring,TRUE,Good
2023-05-07,KC1,2.23,5,31.75,16,6.5,140,2023,5,Sun,TRUE,Spring,TRUE,Good
2023-05-08,KC1,4.54,5,42.84,17.1,1.5,74,2023,5,Mon,FALSE,Spring,TRUE,Good
2023-05-09,KC1,9.28,20.51,46.52,14.8,1.9,164,2023,5,Tue,FALSE,Spring,TRUE,Good
2023-05-10,KC1,8.83,15.82,49.35,15.2,5.1,130,2023,5,Wed,FALSE,Spring,TRUE,Good
2023-05-11,KC1,2.89,5,45.87,17.3,2,352,2023,5,Thu,FALSE,Spring,TRUE,Good
2023-05-12,KC1,1.01,7.15,42.47,16.3,3.3,246,2023,5,Fri,FALSE,Spring,TRUE,Good
2023-05-13,KC1,5.67,17.71,36.18,19.1,2.2,149,2023,5,Sat,TRUE,Spring,TRUE,Good
2023-05-14,KC1,1,5,48.62,15.7,1.6,0,2023,5,Sun,TRUE,Spring,TRUE,Good
2023-05-15,KC1,7.45,17.24,34.91,16.2,5.7,294,2023,5,Mon,FALSE,Spring,TRUE,Good
2023-05-16,KC1,8.95,31.83,49.02,19.7,4.8,334,2023,5,Tue,FALSE,Spring,TRUE,Good
2023-05-17,KC1,1,5,37.55,17.4,9.5,224,2023,5,Wed,FALSE,Spring,TRUE,Good
2023-05-18,KC1,1.24,5,43.37,19.2,5.5,81,2023,5,Thu,FALSE,Spring,TRUE,Good
2023-05-19,KC1,1,5,41.68,17,2.9,175,2023,5,Fri,FALSE,Spring,TRUE,Good
2023-05-20,KC1,2.79,10.14,35.08,15.8,2.6,263,2023,5,Sat,TRUE,Spring,TRUE,Good
2023-05-21,KC1,5.28,5,37.79,17.4,2.1,169,2023,5,Sun,TRUE,Spring,TRUE,Good
2023-05-22,KC1,6.23,13.15,34.02,17,3.2,43,2023,5,Mon,FALSE,Spring,TRUE,Good
2023-05-23,KC1,3.89,5,37.85,15.1,4.5,117,2023,5,Tue,FALSE,Spring,TRUE,Good
2023-05-24,KC1,2.2,10.46,41.44,17.1,3.1,205,2023,5,Wed,FALSE,Spring,TRUE,Good
2023-05-25,KC1,2.46,7.06,35.83,17,4,164,2023,5,Thu,FALSE,Spring,TRUE,Good
2023-05-26,KC1,1.63,5,43.86,16.6,5.4,309,2023,5,Fri,FALSE,Spring,TRUE,Good
2023-05-27,KC1,1,11.71,35.14,16.7,3.4,13,2023,5,Sat,TRUE,Spring,TRUE,Good
2023-05-28,KC1,5.6,19.73,47.45,19.5,2.6,67,2023,5,Sun,TRUE,Spring,TRUE,Good
2023-05-29,KC1,1,5,43.81,13.4,4.4,118,2023,5,Mon,FALSE,Spring,TRUE,Good
2023-05-30,KC1,5.65,17.63,34.37,15.1,5.8,309,2023,5,Tue,FALSE,Spring,TRUE,Good
2023-05-31,KC1,2.25,18.37,43.36,16,9.6,327,2023,5,Wed,FALSE,Spring,TRUE,Good
2023-06-01,KC1,3.57,6.55,38.76,16.2,5.7,117,2023,6,Thu,FALSE,Summer,TRUE,Good
2023-06-02,KC1,2.54,5,46.87,19.2,3.7,52,2023,6,Fri,FALSE,Summer,TRUE,Good
2023-06-03,KC1,1,5,44.7,15.5,2.3,264,2023,6,Sat,TRUE,Summer,TRUE,Good
2023-06-04,KC1,1.72,13.9,42.47,14.9,3.8,336,2023,6,Sun,TRUE,Summer,TRUE,Good
2023-06-05,KC1,2.03,22.58,37.31,18.6,5.8,0,2023,6,Mon,FALSE,Summer,TRUE,Good
2023-06-06,KC1,1,5,42.98,15.9,4.9,239,2023,6,Tue,FALSE,Summer,TRUE,Good
2023-06-07,KC1,1,5.89,38.17,18.9,5.9,60,2023,6,Wed,FALSE,Summer,TRUE,Good
2023-06-08,KC1,1,5,49.49,19.9,5.7,225,2023,6,Thu,FALSE,Summer,TRUE,Good
2023-06-09,KC1,2.46,5,53.85,16.2,3,96,2023,6,Fri,FALSE,Summer,TRUE,Good
2023-06-10,KC1,1,5,45.99,21,4.2,307,2023,6,Sat,TRUE,Summer,TRUE,Good
2023-06-11,KC1,1,5,39.67,14.2,4,267,2023,6,Sun,TRUE,Summer,TRUE,Good
2023-06-12,KC1,1.48,5,54.28,15.8,2.3,4,2023,6,Mon,FALSE,Summer,TRUE,Good
2023-06-13,KC1,1,5,50.28,15.3,2.1,199,2023,6,Tue,FALSE,Summer,TRUE,Good
2023-06-14,KC1,1,5,37.23,15.4,1.8,47,2023,6,Wed,FALSE,Summer,TRUE,Good
2023-06-15,KC1,1,5,43.57,21.9,5.5,11,2023,6,Thu,FALSE,Summer,TRUE,Good
2023-06-16,KC1,4.27,5,43.25,19.9,2.1,169,2023,6,Fri,FALSE,Summer,TRUE,Good
2023-06-17,KC1,1,12.71,35.49,15.8,4.1,191,2023,6,Sat,TRUE,Summer,TRUE,Good
2023-06-18,KC1,1,5,33.01,18.4,7.2,338,2023,6,Sun,TRUE,Summer,TRUE,Good
2023-06-19,KC1,6.04,13.67,48.76,20.1,3.3,55,2023,6,Mon,FALSE,Summer,TRUE,Good
2023-06-20,KC1,5.33,5,50.53,18,2.9,30,2023,6,Tue,FALSE,Summer,TRUE,Good
2023-06-21,KC1,1,5,48.7,19.7,3.8,171,2023,6,Wed,FALSE,Summer,TRUE,Good
2023-06-22,KC1,1,5,35.7,20,4.9,170,2023,6,Thu,FALSE,Summer,TRUE,Good
2023-06-23,KC1,1.84,5,51.81,18.4,4.7,75,2023,6,Fri,FALSE,Summer,TRUE,Good
2023-06-24,KC1,1,13.5,36.82,16.2,6.1,111,2023,6,Sat,TRUE,Summer,TRUE,Good
2023-06-25,KC1,1,5,46.31,19.7,1.4,259,2023,6,Sun,TRUE,Summer,TRUE,Good
2023-06-26,KC1,5.51,7.47,32.84,20.4,3.2,250,2023,6,Mon,FALSE,Summer,TRUE,Good
2023-06-27,KC1,1,5,39.63,17.8,2.6,168,2023,6,Tue,FALSE,Summer,TRUE,Good
2023-06-28,KC1,1,5,45.62,16.6,3,292,2023,6,Wed,FALSE,Summer,TRUE,Good
2023-06-29,KC1,3.58,5,41.58,18.7,5.1,77,2023,6,Thu,FALSE,Summer,TRUE,Good
2023-06-30,KC1,2.2,5,43.78,19.9,5.8,189,2023,6,Fri,FALSE,Summer,TRUE,Good
2023-07-01,KC1,1.57,5,49.62,15.2,1.9,11,2023,7,Sat,TRUE,Summer,TRUE,Good
2023-07-02,KC1,1,5,42.17,18.4,8.9,23,2023,7,Sun,TRUE,Summer,TRUE,Good
2023-07-03,KC1,2.6,5,36.53,17.6,3.2,259,2023,7,Mon,FALSE,Summer,TRUE,Good
2023-07-04,KC1,3.9,5,46.28,16.5,2.5,151,2023,7,Tue,FALSE,Summer,TRUE,Good
2023-07-05,KC1,3.48,6.02,52.68,19.3,3.5,149,2023,7,Wed,FALSE,Summer,TRUE,Good
2023-07-06,KC1,2.13,5,45.15,16.6,1.8,209,2023,7,Thu,FALSE,Summer,TRUE,Good
2023-07-07,KC1,1,5,44.32,14.9,3,304,2023,7,Fri,FALSE,Summer,TRUE,Good
2023-07-08,KC1,1,5,59.44,18.1,3.8,75,2023,7,Sat,TRUE,Summer,TRUE,Good
2023-07-09,KC1,1,6.14,49.97,19.7,2.4,320,2023,7,Sun,TRUE,Summer,TRUE,Good
2023-07-10,KC1,2.09,5,54.6,18.7,1.9,230,2023,7,Mon,FALSE,Summer,TRUE,Good
2023-07-11,KC1,1,5,44.21,16.4,4.3,134,2023,7,Tue,FALSE,Summer,TRUE,Good
2023-07-12,KC1,4.96,9.73,39.8,14.9,3.9,243,2023,7,Wed,FALSE,Summer,TRUE,Good
2023-07-13,KC1,1.37,5,41.48,17.5,1.7,60,2023,7,Thu,FALSE,Summer,TRUE,Good
2023-07-14,KC1,1,5,44.05,16.1,2.8,38,2023,7,Fri,FALSE,Summer,TRUE,Good
2023-07-15,KC1,1,5,47.81,14.6,9.7,131,2023,7,Sat,TRUE,Summer,TRUE,Good
2023-07-16,KC1,1,5,47.85,16.1,3.1,59,2023,7,Sun,TRUE,Summer,TRUE,Good
2023-07-17,KC1,4,5.31,32.89,16.8,4,144,2023,7,Mon,FALSE,Summer,TRUE,Good
2023-07-18,KC1,2.09,5,39.35,18.6,3.9,18,2023,7,Tue,FALSE,Summer,TRUE,Good
2023-07-19,KC1,1,5,42.09,15.2,1.8,187,2023,7,Wed,FALSE,Summer,TRUE,Good
2023-07-20,KC1,1,5,46.19,18.7,3.9,312,2023,7,Thu,FALSE,Summer,TRUE,Good
2023-07-21,KC1,1,5,48.27,15.5,3,125,2023,7,Fri,FALSE,Summer,TRUE,Good
2023-07-22,KC1,1.22,5,42.73,14.1,7.7,164,2023,7,Sat,TRUE,Summer,TRUE,Good
2023-07-23,KC1,1,5,33.19,13.2,4.5,142,2023,7,Sun,TRUE,Summer,TRUE,Good
2023-07-24,KC1,4.29,9.14,43.39,19.9,6.9,2,2023,7,Mon,FALSE,Summer,TRUE,Good
2023-07-25,KC1,1,5,26.98,13.9,1.7,59,2023,7,Tue,FALSE,Summer,TRUE,Good
2023-07-26,KC1,1,5,45.12,20.6,4.2,136,2023,7,Wed,FALSE,Summer,TRUE,Good
2023-07-27,KC1,1,5.27,46.34,17.2,3.3,216,2023,7,Thu,FALSE,Summer,TRUE,Good
2023-07-28,KC1,1,5,38.24,16,4.1,281,2023,7,Fri,FALSE,Summer,TRUE,Good
2023-07-29,KC1,1,13.21,35.01,16.8,3.3,82,2023,7,Sat,TRUE,Summer,TRUE,Good
2023-07-30,KC1,1,5,40.32,18.5,4.1,359,2023,7,Sun,TRUE,Summer,TRUE,Good
2023-07-31,KC1,6.42,11.77,42.5,19.3,5.8,251,2023,7,Mon,FALSE,Summer,TRUE,Good
2023-08-01,KC1,3.17,5,44.53,16.4,2.4,258,2023,8,Tue,FALSE,Summer,TRUE,Good
2023-08-02,KC1,1,5,46.48,14.4,6.2,122,2023,8,Wed,FALSE,Summer,TRUE,Good
2023-08-03,KC1,2.49,5,44.32,15.5,3.5,197,2023,8,Thu,FALSE,Summer,TRUE,Good
2023-08-04,KC1,1,5,52.24,16.2,9.3,175,2023,8,Fri,FALSE,Summer,TRUE,Good
2023-08-05,KC1,1,5,42.66,20.2,1.9,270,2023,8,Sat,TRUE,Summer,TRUE,Good
2023-08-06,KC1,1,5,38.56,14.1,11.4,315,2023,8,Sun,TRUE,Summer,TRUE,Good
2023-08-07,KC1,3.12,5,43.88,16.8,6.4,244,2023,8,Mon,FALSE,Summer,TRUE,Good
2023-08-08,KC1,4.6,6.93,43.54,16.3,1.8,313,2023,8,Tue,FALSE,Summer,TRUE,Good
2023-08-09,KC1,1.15,5,53.2,13.5,3.1,254,2023,8,Wed,FALSE,Summer,TRUE,Good
2023-08-10,KC1,1,5,42.04,12.7,1.8,289,2023,8,Thu,FALSE,Summer,TRUE,Good
2023-08-11,KC1,1,5,41.93,16.9,22.3,197,2023,8,Fri,FALSE,Summer,TRUE,Good
2023-08-12,KC1,1,7.42,32.67,11.6,3,3,2023,8,Sat,TRUE,Summer,TRUE,Good
2023-08-13,KC1,1,5,52.21,13.2,7.8,115,2023,8,Sun,TRUE,Summer,TRUE,Good
2023-08-14,KC1,1,5,54.47,15.7,3,32,2023,8,Mon,FALSE,Summer,TRUE,Good
2023-08-15,KC1,6.73,6.46,44.03,15,2.1,114,2023,8,Tue,FALSE,Summer,TRUE,Good
2023-08-16,KC1,1,5,48.76,14.9,4.5,121,2023,8,Wed,FALSE,Summer,TRUE,Good
2023-08-17,KC1,7.85,12.83,31.8,15.4,5.9,166,2023,8,Thu,FALSE,Summer,TRUE,Good
2023-08-18,KC1,4.51,15.77,33.21,16.4,3.4,213,2023,8,Fri,FALSE,Summer,TRUE,Good
2023-08-19,KC1,3.2,7.78,50.79,16.8,6.3,164,2023,8,Sat,TRUE,Summer,TRUE,Good
2023-08-20,KC1,1.1,5,46.47,13.2,1.8,85,2023,8,Sun,TRUE,Summer,TRUE,Good
2023-08-21,KC1,4.7,16.07,33.58,13.4,2.9,228,2023,8,Mon,FALSE,Summer,TRUE,Good
2023-08-22,KC1,4.85,18.85,38.04,14.3,8.5,173,2023,8,Tue,FALSE,Summer,TRUE,Good
2023-08-23,KC1,1,5,47.57,15.4,3.2,197,2023,8,Wed,FALSE,Summer,TRUE,Good
2023-08-24,KC1,1,5,54.31,11.7,1.2,125,2023,8,Thu,FALSE,Summer,TRUE,Good
2023-08-25,KC1,1,5,46.81,11.1,5.3,313,2023,8,Fri,FALSE,Summer,TRUE,Good
2023-08-26,KC1,1,5,42.8,15.8,3.6,353,2023,8,Sat,TRUE,Summer,TRUE,Good
2023-08-27,KC1,1,5,38.96,12.8,5.1,319,2023,8,Sun,TRUE,Summer,TRUE,Good
2023-08-28,KC1,1,5,53.84,12,4.3,267,2023,8,Mon,FALSE,Summer,TRUE,Good
2023-08-29,KC1,1,5,43.25,13.2,3.4,91,2023,8,Tue,FALSE,Summer,TRUE,Good
2023-08-30,KC1,1.25,5,45.56,12.6,5.1,343,2023,8,Wed,FALSE,Summer,TRUE,Good
2023-08-31,KC1,2.7,5,39.04,14.9,5.4,324,2023,8,Thu,FALSE,Summer,TRUE,Good
2023-09-01,KC1,6.91,8.51,48.91,11.8,1.7,11,2023,9,Fri,FALSE,Autumn,TRUE,Good
2023-09-02,KC1,1,5,46.32,11,2.2,26,2023,9,Sat,TRUE,Autumn,TRUE,Good
2023-09-03,KC1,1,5,40.61,14.4,3.3,193,2023,9,Sun,TRUE,Autumn,TRUE,Good
2023-09-04,KC1,5.65,26.22,32.62,14.9,2.9,259,2023,9,Mon,FALSE,Autumn,TRUE,Good
2023-09-05,KC1,3.92,6.16,45.8,13.4,2.7,120,2023,9,Tue,FALSE,Autumn,TRUE,Good
2023-09-06,KC1,8.3,26.44,40.03,15.1,8.7,123,2023,9,Wed,FALSE,Autumn,TRUE,Good
2023-09-07,KC1,2.67,13.11,36.83,11.2,3.7,70,2023,9,Thu,FALSE,Autumn,TRUE,Good
2023-09-08,KC1,2.97,5,46.94,5.9,1.9,2,2023,9,Fri,FALSE,Autumn,TRUE,Good
2023-09-09,KC1,1,10.08,50.72,12.8,5.7,306,2023,9,Sat,TRUE,Autumn,TRUE,Good
2023-09-10,KC1,1,5,49.01,12.9,6.8,62,2023,9,Sun,TRUE,Autumn,TRUE,Good
2023-09-11,KC1,2.9,21.19,44.63,10.9,2.4,208,2023,9,Mon,FALSE,Autumn,TRUE,Good
2023-09-12,KC1,1,5,42.93,13.9,1.4,127,2023,9,Tue,FALSE,Autumn,TRUE,Good
2023-09-13,KC1,5.54,5.23,40.41,7.2,2.3,56,2023,9,Wed,FALSE,Autumn,TRUE,Good
2023-09-14,KC1,3.75,16.98,41.46,10.3,2.6,44,2023,9,Thu,FALSE,Autumn,TRUE,Good
2023-09-15,KC1,5.56,18.38,36.02,11.8,5.6,58,2023,9,Fri,FALSE,Autumn,TRUE,Good
2023-09-16,KC1,5.54,5,29.02,11.8,6.3,337,2023,9,Sat,TRUE,Autumn,TRUE,Good
2023-09-17,KC1,2.67,5,44.35,10.5,3.5,23,2023,9,Sun,TRUE,Autumn,TRUE,Good
2023-09-18,KC1,1.18,5.22,52.59,10.7,1.6,8,2023,9,Mon,FALSE,Autumn,TRUE,Good
2023-09-19,KC1,3.21,5,48.1,9.4,6,292,2023,9,Tue,FALSE,Autumn,TRUE,Good
2023-09-20,KC1,6.84,26.87,46.61,10.5,5.8,36,2023,9,Wed,FALSE,Autumn,TRUE,Good
2023-09-21,KC1,5.84,10.23,35.65,7.4,1.8,172,2023,9,Thu,FALSE,Autumn,TRUE,Good
2023-09-22,KC1,4.97,13.81,41.26,8.6,2.7,252,2023,9,Fri,FALSE,Autumn,TRUE,Good
2023-09-23,KC1,1,5,35.51,6.8,3,335,2023,9,Sat,TRUE,Autumn,TRUE,Good
2023-09-24,KC1,5.63,5,38.83,10.1,8.8,104,2023,9,Sun,TRUE,Autumn,TRUE,Good
2023-09-25,KC1,8.12,21.26,42.72,11.1,2.9,357,2023,9,Mon,FALSE,Autumn,TRUE,Good
2023-09-26,KC1,1,5,47.28,8.4,7.1,93,2023,9,Tue,FALSE,Autumn,TRUE,Good
2023-09-27,KC1,6.6,14.81,37.81,8.3,1.2,76,2023,9,Wed,FALSE,Autumn,TRUE,Good
2023-09-28,KC1,1.74,13.89,34.46,11.6,5.5,5,2023,9,Thu,FALSE,Autumn,TRUE,Good
2023-09-29,KC1,11.25,26.67,38.41,11.1,2.1,90,2023,9,Fri,FALSE,Autumn,TRUE,Moderate
2023-09-30,KC1,2.57,5,47.29,6.5,3.1,117,2023,9,Sat,TRUE,Autumn,TRUE,Good
2023-10-01,KC1,5.94,18.28,40.54,5.1,1.7,287,2023,10,Sun,TRUE,Autumn,TRUE,Good
2023-10-02,KC1,1,8.74,47.05,5.8,11.7,2,2023,10,Mon,FALSE,Autumn,TRUE,Good
2023-10-03,KC1,3.45,12.07,37.93,7.9,2.3,223,2023,10,Tue,FALSE,Autumn,TRUE,Good
2023-10-04,KC1,10.26,24.41,31.21,7.6,4.3,223,2023,10,Wed,FALSE,Autumn,TRUE,Moderate
2023-10-05,KC1,4.8,5,48.19,6.9,2.9,344,2023,10,Thu,FALSE,Autumn,TRUE,Good
2023-10-06,KC1,3.58,14.56,42.1,10.3,2.3,346,2023,10,Fri,FALSE,Autumn,TRUE,Good
2023-10-07,KC1,1,6.48,51.69,9,5.8,262,2023,10,Sat,TRUE,Autumn,TRUE,Good
2023-10-08,KC1,2,5,49.34,6.8,3.2,336,2023,10,Sun,TRUE,Autumn,TRUE,Good
2023-10-09,KC1,5.07,6.2,46.39,7.7,3.4,4,2023,10,Mon,FALSE,Autumn,TRUE,Good
2023-10-10,KC1,9.07,14.41,50.69,6.8,5.9,286,2023,10,Tue,FALSE,Autumn,TRUE,Good
2023-10-11,KC1,4.5,5,31.6,9.7,3.1,330,2023,10,Wed,FALSE,Autumn,TRUE,Good
2023-10-12,KC1,9.17,20.65,29.87,8.3,3.3,301,2023,10,Thu,FALSE,Autumn,TRUE,Good
2023-10-13,KC1,6.57,5,40.31,6.5,4.1,212,2023,10,Fri,FALSE,Autumn,TRUE,Good
2023-10-14,KC1,9.3,14.94,31.44,2.6,7.1,53,2023,10,Sat,TRUE,Autumn,TRUE,Good
2023-10-15,KC1,8.4,32.02,37.4,6.2,6.1,35,2023,10,Sun,TRUE,Autumn,TRUE,Good
2023-10-16,KC1,1,7.01,40.59,10.1,10,341,2023,10,Mon,FALSE,Autumn,TRUE,Good
2023-10-17,KC1,10.76,16.63,39.82,4.4,8.2,40,2023,10,Tue,FALSE,Autumn,TRUE,Moderate
2023-10-18,KC1,6.91,5,45.11,6.5,2.1,346,2023,10,Wed,FALSE,Autumn,TRUE,Good
2023-10-19,KC1,9,19.74,40.18,0.3,3,64,2023,10,Thu,FALSE,Autumn,TRUE,Good
2023-10-20,KC1,10.03,28.28,40.64,11.4,10.7,105,2023,10,Fri,FALSE,Autumn,TRUE,Moderate
2023-10-21,KC1,3.46,11.48,41.75,8,6.7,190,2023,10,Sat,TRUE,Autumn,TRUE,Good
2023-10-22,KC1,1.82,5,42.15,7,6.4,79,2023,10,Sun,TRUE,Autumn,TRUE,Good
2023-10-23,KC1,13.46,32.42,34.49,5.9,5.5,112,2023,10,Mon,FALSE,Autumn,TRUE,Moderate
2023-10-24,KC1,8.24,24.88,38.68,4,4.9,61,2023,10,Tue,FALSE,Autumn,TRUE,Good
2023-10-25,KC1,8.55,35.27,36.19,2.9,3,171,2023,10,Wed,FALSE,Autumn,TRUE,Good
2023-10-26,KC1,7.72,16.9,38.02,3.2,4.6,248,2023,10,Thu,FALSE,Autumn,TRUE,Good
2023-10-27,KC1,10.94,18.36,43.24,5.8,5.1,97,2023,10,Fri,FALSE,Autumn,TRUE,Moderate
2023-10-28,KC1,4.97,5.56,44.45,6,4.5,297,2023,10,Sat,TRUE,Autumn,TRUE,Good
2023-10-29,KC1,1,5,52.33,3.2,3.9,297,2023,10,Sun,TRUE,Autumn,TRUE,Good
2023-10-30,KC1,9.92,30.95,45.3,2.5,2.5,57,2023,10,Mon,FALSE,Autumn,TRUE,Good
2023-10-31,KC1,2.08,5,46.33,2.2,2.3,78,2023,10,Tue,FALSE,Autumn,TRUE,Good
2023-11-01,KC1,4.28,5,47.28,2,4.2,238,2023,11,Wed,FALSE,Autumn,TRUE,Good
2023-11-02,KC1,7.67,8.09,43.62,5.7,4.2,298,2023,11,Thu,FALSE,Autumn,TRUE,Good
2023-11-03,KC1,6.04,5,35.79,2.1,6,91,2023,11,Fri,FALSE,Autumn,TRUE,Good
2023-11-04,KC1,6.64,22.58,35.89,4.6,6.1,75,2023,11,Sat,TRUE,Autumn,TRUE,Good
2023-11-05,KC1,6.55,6.45,38.58,3.3,6.3,318,2023,11,Sun,TRUE,Autumn,TRUE,Good
2023-11-06,KC1,6.23,10.69,47.96,4.3,6.5,171,2023,11,Mon,FALSE,Autumn,TRUE,Good
2023-11-07,KC1,9.15,31.54,24.81,3,7.6,238,2023,11,Tue,FALSE,Autumn,TRUE,Good
2023-11-08,KC1,7.92,19.67,39.48,3.1,3.8,307,2023,11,Wed,FALSE,Autumn,TRUE,Good
2023-11-09,KC1,10.37,19.51,50.91,3.6,6.2,137,2023,11,Thu,FALSE,Autumn,TRUE,Moderate
2023-11-10,KC1,9.56,25,39.04,5.7,3.8,137,2023,11,Fri,FALSE,Autumn,TRUE,Good
2023-11-11,KC1,5.96,5,47.67,5,4.4,159,2023,11,Sat,TRUE,Autumn,TRUE,Good
2023-11-12,KC1,4.32,14.61,36.43,-0.8,5.9,195,2023,11,Sun,TRUE,Autumn,TRUE,Good
2023-11-13,KC1,10.84,33.67,32.13,1.7,4.5,109,2023,11,Mon,FALSE,Autumn,TRUE,Moderate
2023-11-14,KC1,12.86,28.64,49.8,3.9,7.2,59,2023,11,Tue,FALSE,Autumn,TRUE,Moderate
2023-11-15,KC1,9.65,27.85,33.59,5.5,2.7,204,2023,11,Wed,FALSE,Autumn,TRUE,Good
2023-11-16,KC1,9.33,15.86,32.8,3.2,4.5,204,2023,11,Thu,FALSE,Autumn,TRUE,Good
2023-11-17,KC1,11.29,24.33,47.66,1.2,3.6,224,2023,11,Fri,FALSE,Autumn,TRUE,Moderate
2023-11-18,KC1,4.7,15.66,48.31,2.9,6.5,37,2023,11,Sat,TRUE,Autumn,TRUE,Good
2023-11-19,KC1,1.77,7.64,48.29,5.5,4.7,275,2023,11,Sun,TRUE,Autumn,TRUE,Good
2023-11-20,KC1,14.19,38.82,38.96,1.5,4.7,13,2023,11,Mon,FALSE,Autumn,TRUE,Moderate
2023-11-21,KC1,8.02,14.3,44.42,4,2.7,327,2023,11,Tue,FALSE,Autumn,TRUE,Good
2023-11-22,KC1,9.64,26.28,40.94,-2.3,3.5,303,2023,11,Wed,FALSE,Autumn,TRUE,Good
2023-11-23,KC1,7.96,5.04,45.45,5.9,4.6,9,2023,11,Thu,FALSE,Autumn,TRUE,Good
2023-11-24,KC1,7.37,15.74,40.98,0.4,3.7,252,2023,11,Fri,FALSE,Autumn,TRUE,Good
2023-11-25,KC1,6.65,17.62,44.54,2.2,4,223,2023,11,Sat,TRUE,Autumn,TRUE,Good
2023-11-26,KC1,10.38,25.91,31.85,1.2,6.6,307,2023,11,Sun,TRUE,Autumn,TRUE,Moderate
2023-11-27,KC1,8.23,26.44,37.81,4.6,3.9,18,2023,11,Mon,FALSE,Autumn,TRUE,Good
2023-11-28,KC1,8.34,24.03,31.25,4.3,3.3,179,2023,11,Tue,FALSE,Autumn,TRUE,Good
2023-11-29,KC1,9.08,21.95,45.33,5.4,4.8,17,2023,11,Wed,FALSE,Autumn,TRUE,Good
2023-11-30,KC1,10.02,22.12,41.68,0.5,2.6,114,2023,11,Thu,FALSE,Autumn,TRUE,Moderate
2023-12-01,KC1,8.38,17.03,46.63,-1.6,9.3,303,2023,12,Fri,FALSE,Winter,TRUE,Good
2023-12-02,KC1,10.53,14.15,47.03,3.1,9.5,156,2023,12,Sat,TRUE,Winter,TRUE,Moderate
2023-12-03,KC1,9.27,15.18,40.76,2.9,1.7,262,2023,12,Sun,TRUE,Winter,TRUE,Good
2023-12-04,KC1,14.32,41.4,33.85,2.4,5.8,333,2023,12,Mon,FALSE,Winter,TRUE,Moderate
2023-12-05,KC1,9.05,24.52,36.25,-0.9,5.4,28,2023,12,Tue,FALSE,Winter,TRUE,Good
2023-12-06,KC1,14.99,28.75,39.89,1.7,2.2,240,2023,12,Wed,FALSE,Winter,TRUE,Moderate
2023-12-07,KC1,12.72,32.05,34.64,-3.1,3,234,2023,12,Thu,FALSE,Winter,TRUE,Moderate
2023-12-08,KC1,16,43.73,44.2,1.5,2.2,60,2023,12,Fri,FALSE,Winter,TRUE,Moderate
2023-12-09,KC1,9.6,24.68,36.91,1.1,3.2,146,2023,12,Sat,TRUE,Winter,TRUE,Good
2023-12-10,KC1,8.36,12.13,34.85,4.3,9.9,53,2023,12,Sun,TRUE,Winter,TRUE,Good
2023-12-11,KC1,12.67,29.8,36.2,1.5,8,62,2023,12,Mon,FALSE,Winter,TRUE,Moderate
2023-12-12,KC1,9.98,20.95,37.2,1.4,13.6,131,2023,12,Tue,FALSE,Winter,TRUE,Good
2023-12-13,KC1,14.92,34.95,33.95,1.9,5.6,106,2023,12,Wed,FALSE,Winter,TRUE,Moderate
2023-12-14,KC1,15.86,47.28,20.31,1.6,2.4,98,2023,12,Thu,FALSE,Winter,TRUE,Moderate
2023-12-15,KC1,12.66,33.49,41.97,-0.5,15.3,66,2023,12,Fri,FALSE,Winter,TRUE,Moderate
2023-12-16,KC1,6.99,18.82,46.14,3.8,2.7,331,2023,12,Sat,TRUE,Winter,TRUE,Good
2023-12-17,KC1,8.48,14.59,37.48,1.1,6.3,312,2023,12,Sun,TRUE,Winter,TRUE,Good
2023-12-18,KC1,13.63,30.59,30.39,3.6,3.5,149,2023,12,Mon,FALSE,Winter,TRUE,Moderate
2023-12-19,KC1,10.47,23.98,25.24,-1.3,2.8,338,2023,12,Tue,FALSE,Winter,TRUE,Moderate
2023-12-20,KC1,11.82,29.39,44.85,1.9,3.4,65,2023,12,Wed,FALSE,Winter,TRUE,Moderate
2023-12-21,KC1,11.23,18.73,29.86,-0.8,5.3,57,2023,12,Thu,FALSE,Winter,TRUE,Moderate
2023-12-22,KC1,12.33,42.04,34.11,3.9,4.7,153,2023,12,Fri,FALSE,Winter,TRUE,Moderate
2023-12-23,KC1,7.44,7.87,34.52,3.6,4.7,336,2023,12,Sat,TRUE,Winter,TRUE,Good
2023-12-24,KC1,11.99,23.74,36.31,2.7,3.6,12,2023,12,Sun,TRUE,Winter,TRUE,Moderate
2023-12-25,KC1,9.83,15.83,46.65,0.1,10.5,312,2023,12,Mon,FALSE,Winter,TRUE,Good
2023-12-26,KC1,10.71,12.97,45.65,1.4,7.2,197,2023,12,Tue,FALSE,Winter,TRUE,Moderate
2023-12-27,KC1,11.49,36.65,35.56,2.4,2.2,291,2023,12,Wed,FALSE,Winter,TRUE,Moderate
2023-12-28,KC1,8.26,11.41,41.89,6.8,2.8,317,2023,12,Thu,FALSE,Winter,TRUE,Good
2023-12-29,KC1,8.22,22.97,22.49,2.2,6.1,107,2023,12,Fri,FALSE,Winter,TRUE,Good
2023-12-30,KC1,8.26,26.51,35.74,2.9,1.1,287,2023,12,Sat,TRUE,Winter,TRUE,Good
2023-12-31,KC1,11.26,21.93,36.39,-0,3.6,216,2023,12,Sun,TRUE,Winter,TRUE,Moderate
2018-01-01,MY1,22.74,51.5,29.65,2.9,3.4,250,2018,1,Mon,FALSE,Winter,FALSE,Unhealthy (sensitive)
2018-01-02,MY1,18.15,57.96,39.07,2.2,2.5,187,2018,1,Tue,FALSE,Winter,FALSE,Moderate
2018-01-03,MY1,21.44,62.77,21.9,1.4,3.6,22,2018,1,Wed,FALSE,Winter,FALSE,Unhealthy (sensitive)
2018-01-04,MY1,24.31,76.12,23.24,3.1,2.9,316,2018,1,Thu,FALSE,Winter,FALSE,Unhealthy (sensitive)
2018-01-05,MY1,20.21,43.01,31.86,2.9,3.3,358,2018,1,Fri,FALSE,Winter,FALSE,Unhealthy (sensitive)
2018-01-06,MY1,20.11,63.43,25.96,3.9,7.6,272,2018,1,Sat,TRUE,Winter,FALSE,Unhealthy (sensitive)
2018-01-07,MY1,22.11,71.14,19.08,0.3,6,301,2018,1,Sun,TRUE,Winter,FALSE,Unhealthy (sensitive)
2018-01-08,MY1,22.78,77.02,29.11,4.7,12.4,317,2018,1,Mon,FALSE,Winter,FALSE,Unhealthy (sensitive)
2018-01-09,MY1,20.91,60.39,30.86,2.5,8,33,2018,1,Tue,FALSE,Winter,FALSE,Unhealthy (sensitive)
2018-01-10,MY1,17.26,56.73,41.86,2.4,3.6,295,2018,1,Wed,FALSE,Winter,FALSE,Moderate
2018-01-11,MY1,28.4,73.07,10.25,2.3,2.9,1,2018,1,Thu,FALSE,Winter,FALSE,Unhealthy
2018-01-12,MY1,20.09,50.06,33.14,3.8,2.9,217,2018,1,Fri,FALSE,Winter,FALSE,Unhealthy (sensitive)
2018-01-13,MY1,19.94,57.72,18.36,3.6,1.7,265,2018,1,Sat,TRUE,Winter,FALSE,Moderate
2018-01-14,MY1,24.32,77.5,18.8,2.7,1.4,269,2018,1,Sun,TRUE,Winter,FALSE,Unhealthy (sensitive)
2018-01-15,MY1,24.7,78.21,19.83,5.6,1.8,296,2018,1,Mon,FALSE,Winter,FALSE,Unhealthy (sensitive)
2018-01-16,MY1,29.19,85.88,17.67,4.8,6.8,284,2018,1,Tue,FALSE,Winter,FALSE,Unhealthy
2018-01-17,MY1,27.4,80.93,30.15,3.1,3.7,102,2018,1,Wed,FALSE,Winter,FALSE,Unhealthy
2018-01-18,MY1,18.04,49.23,35.99,-0.1,7,324,2018,1,Thu,FALSE,Winter,FALSE,Moderate
2018-01-19,MY1,23.6,57.23,24.42,4.7,4.8,98,2018,1,Fri,FALSE,Winter,FALSE,Unhealthy (sensitive)
2018-01-20,MY1,18.82,51.48,33.38,1.5,3.8,308,2018,1,Sat,TRUE,Winter,FALSE,Moderate
2018-01-21,MY1,20.5,51.99,30.33,2.1,3.3,338,2018,1,Sun,TRUE,Winter,FALSE,Unhealthy (sensitive)
2018-01-22,MY1,25.17,64.5,29.28,5.1,9.6,136,2018,1,Mon,FALSE,Winter,FALSE,Unhealthy
2018-01-23,MY1,21.86,66.46,29.07,-1.3,13.6,312,2018,1,Tue,FALSE,Winter,FALSE,Unhealthy (sensitive)
2018-01-24,MY1,22.91,70.1,19.86,6.4,2.7,47,2018,1,Wed,FALSE,Winter,FALSE,Unhealthy (sensitive)
2018-01-25,MY1,24.67,68.33,25.64,3.4,3.3,286,2018,1,Thu,FALSE,Winter,FALSE,Unhealthy (sensitive)
2018-01-26,MY1,22.03,59.94,22.48,5.8,3.3,215,2018,1,Fri,FALSE,Winter,FALSE,Unhealthy (sensitive)
2018-01-27,MY1,16.71,44.47,28.06,3.1,9,95,2018,1,Sat,TRUE,Winter,FALSE,Moderate
2018-01-28,MY1,20.62,62.24,29.58,3,2.1,16,2018,1,Sun,TRUE,Winter,FALSE,Unhealthy (sensitive)
2018-01-29,MY1,20.79,52.48,30.75,0.3,3.9,44,2018,1,Mon,FALSE,Winter,FALSE,Unhealthy (sensitive)
2018-01-30,MY1,20.5,52.73,35.39,1.7,3.2,248,2018,1,Tue,FALSE,Winter,FALSE,Unhealthy (sensitive)
2018-01-31,MY1,28.04,70.86,31.01,-1.1,7.5,7,2018,1,Wed,FALSE,Winter,FALSE,Unhealthy
2018-02-01,MY1,24.16,49.69,20.76,6.3,8.6,135,2018,2,Thu,FALSE,Winter,FALSE,Unhealthy (sensitive)
2018-02-02,MY1,22.41,49.85,42.1,9.8,1.3,188,2018,2,Fri,FALSE,Winter,FALSE,Unhealthy (sensitive)
2018-02-03,MY1,25.76,73.24,25.35,2.4,4.4,51,2018,2,Sat,TRUE,Winter,FALSE,Unhealthy
2018-02-04,MY1,17.23,57.18,30.32,4.7,2.6,85,2018,2,Sun,TRUE,Winter,FALSE,Moderate
2018-02-05,MY1,22.56,71.59,20.53,5.7,5.6,313,2018,2,Mon,FALSE,Winter,FALSE,Unhealthy (sensitive)
2018-02-06,MY1,25.91,76.25,16.79,5,1.4,138,2018,2,Tue,FALSE,Winter,FALSE,Unhealthy
2018-02-07,MY1,27.15,77.36,26.91,2,5.6,210,2018,2,Wed,FALSE,Winter,FALSE,Unhealthy
2018-02-08,MY1,25.24,74.98,26.92,5.6,3.7,225,2018,2,Thu,FALSE,Winter,FALSE,Unhealthy
2018-02-09,MY1,23.49,62.51,19.19,6.7,3.3,60,2018,2,Fri,FALSE,Winter,FALSE,Unhealthy (sensitive)
2018-02-10,MY1,26.15,81.36,11.76,6.2,3.6,10,2018,2,Sat,TRUE,Winter,FALSE,Unhealthy
2018-02-11,MY1,19.23,55.98,33.17,7.4,2.5,39,2018,2,Sun,TRUE,Winter,FALSE,Moderate
2018-02-12,MY1,19.69,59.27,28.89,3,6.4,290,2018,2,Mon,FALSE,Winter,FALSE,Moderate
2018-02-13,MY1,24.04,74.12,24.27,6.3,2.1,310,2018,2,Tue,FALSE,Winter,FALSE,Unhealthy (sensitive)
2018-02-14,MY1,19.92,57.89,29.19,4.1,4,170,2018,2,Wed,FALSE,Winter,FALSE,Moderate
2018-02-15,MY1,23.89,88.63,31.12,4.7,2.4,254,2018,2,Thu,FALSE,Winter,FALSE,Unhealthy (sensitive)
2018-02-16,MY1,23.42,81.43,18.92,4.7,8.1,1,2018,2,Fri,FALSE,Winter,FALSE,Unhealthy (sensitive)
2018-02-17,MY1,19.48,40.52,26.98,7.3,5.1,187,2018,2,Sat,TRUE,Winter,FALSE,Moderate
2018-02-18,MY1,18.67,49.59,34.69,5.5,3.7,17,2018,2,Sun,TRUE,Winter,FALSE,Moderate
2018-02-19,MY1,22.22,62.95,30.62,6,4.5,124,2018,2,Mon,FALSE,Winter,FALSE,Unhealthy (sensitive)
2018-02-20,MY1,22.95,66.88,20.13,10.9,3.6,187,2018,2,Tue,FALSE,Winter,FALSE,Unhealthy (sensitive)
2018-02-21,MY1,23.22,73.82,19.59,7.3,4,348,2018,2,Wed,FALSE,Winter,FALSE,Unhealthy (sensitive)
2018-02-22,MY1,21.44,49.99,34.34,2.2,6.8,9,2018,2,Thu,FALSE,Winter,FALSE,Unhealthy (sensitive)
2018-02-23,MY1,22.64,57.95,37.97,7.5,6.8,218,2018,2,Fri,FALSE,Winter,FALSE,Unhealthy (sensitive)
2018-02-24,MY1,16.14,44.5,39.19,6,3.6,309,2018,2,Sat,TRUE,Winter,FALSE,Moderate
2018-02-25,MY1,13.54,41.91,39.7,7.5,3.5,286,2018,2,Sun,TRUE,Winter,FALSE,Moderate
2018-02-26,MY1,20.22,53.04,32.69,6,2.5,43,2018,2,Mon,FALSE,Winter,FALSE,Unhealthy (sensitive)
2018-02-27,MY1,21.73,58.04,19.73,8.1,4.8,72,2018,2,Tue,FALSE,Winter,FALSE,Unhealthy (sensitive)
2018-02-28,MY1,18.62,38.36,41.07,7.9,2.6,350,2018,2,Wed,FALSE,Winter,FALSE,Moderate
2018-03-01,MY1,24.71,66.55,14.96,9.7,6.6,6,2018,3,Thu,FALSE,Spring,FALSE,Unhealthy (sensitive)
2018-03-02,MY1,21.13,72.31,21.07,5.3,6,229,2018,3,Fri,FALSE,Spring,FALSE,Unhealthy (sensitive)
2018-03-03,MY1,19.53,66.2,28.27,9.7,4.8,63,2018,3,Sat,TRUE,Spring,FALSE,Moderate
2018-03-04,MY1,19.21,60.71,35.77,7.3,2.9,208,2018,3,Sun,TRUE,Spring,FALSE,Moderate
2018-03-05,MY1,22.96,76.72,17.86,6.4,9.7,239,2018,3,Mon,FALSE,Spring,FALSE,Unhealthy (sensitive)
2018-03-06,MY1,23.6,59.81,30.21,8.8,1.5,93,2018,3,Tue,FALSE,Spring,FALSE,Unhealthy (sensitive)
2018-03-07,MY1,17.6,50.47,39.47,6.1,5.3,142,2018,3,Wed,FALSE,Spring,FALSE,Moderate
2018-03-08,MY1,17.23,34.83,36.81,6.5,2.4,334,2018,3,Thu,FALSE,Spring,FALSE,Moderate
2018-03-09,MY1,21.63,53.18,25.71,9.2,3.6,289,2018,3,Fri,FALSE,Spring,FALSE,Unhealthy (sensitive)
2018-03-10,MY1,15.86,50.96,40.25,5.7,6.4,106,2018,3,Sat,TRUE,Spring,FALSE,Moderate
2018-03-11,MY1,20.72,55.88,30.18,5.2,1.1,60,2018,3,Sun,TRUE,Spring,FALSE,Unhealthy (sensitive)
2018-03-12,MY1,23.63,62.69,21.15,7.8,7,82,2018,3,Mon,FALSE,Spring,FALSE,Unhealthy (sensitive)
2018-03-13,MY1,22.58,57.86,29.14,9.7,2.6,232,2018,3,Tue,FALSE,Spring,FALSE,Unhealthy (sensitive)
2018-03-14,MY1,21.5,50.31,22.43,11.6,4.2,338,2018,3,Wed,FALSE,Spring,FALSE,Unhealthy (sensitive)
2018-03-15,MY1,19.79,54.31,36.14,10.8,2.1,236,2018,3,Thu,FALSE,Spring,FALSE,Moderate
2018-03-16,MY1,21.14,63.89,30.17,8.2,3.1,144,2018,3,Fri,FALSE,Spring,FALSE,Unhealthy (sensitive)
2018-03-17,MY1,23.58,65.03,21.31,7.6,8.5,51,2018,3,Sat,TRUE,Spring,FALSE,Unhealthy (sensitive)
2018-03-18,MY1,18.81,49.84,35.79,7.9,2.6,58,2018,3,Sun,TRUE,Spring,FALSE,Moderate
2018-03-19,MY1,16.56,37.57,38.18,11.9,3.7,8,2018,3,Mon,FALSE,Spring,FALSE,Moderate
2018-03-20,MY1,20.71,48.39,14.31,10.3,4.3,73,2018,3,Tue,FALSE,Spring,FALSE,Unhealthy (sensitive)
2018-03-21,MY1,22.42,68.22,41.9,10.8,6.1,223,2018,3,Wed,FALSE,Spring,FALSE,Unhealthy (sensitive)
2018-03-22,MY1,19.87,54.34,30.7,8.8,1.4,332,2018,3,Thu,FALSE,Spring,FALSE,Moderate
2018-03-23,MY1,18.04,57.5,22.91,13,4.3,199,2018,3,Fri,FALSE,Spring,FALSE,Moderate
2018-03-24,MY1,14.6,37.81,35.28,13.3,2.8,355,2018,3,Sat,TRUE,Spring,FALSE,Moderate
2018-03-25,MY1,11.89,27.51,27.3,10.2,2.9,156,2018,3,Sun,TRUE,Spring,FALSE,Moderate
2018-03-26,MY1,22.1,58.94,26.85,8.7,3.8,316,2018,3,Mon,FALSE,Spring,FALSE,Unhealthy (sensitive)
2018-03-27,MY1,23.04,71.39,19.54,9.9,2.3,56,2018,3,Tue,FALSE,Spring,FALSE,Unhealthy (sensitive)
2018-03-28,MY1,24.48,83.77,17.41,14.2,6.1,84,2018,3,Wed,FALSE,Spring,FALSE,Unhealthy (sensitive)
2018-03-29,MY1,21.24,57.96,27.78,7,3.7,298,2018,3,Thu,FALSE,Spring,FALSE,Unhealthy (sensitive)
2018-03-30,MY1,14.62,39.89,33.41,13.4,4.9,47,2018,3,Fri,FALSE,Spring,FALSE,Moderate
2018-03-31,MY1,15.28,39.98,24.24,12.4,5.1,233,2018,3,Sat,TRUE,Spring,FALSE,Moderate
2018-04-01,MY1,21.03,55.93,20.76,12,3.8,93,2018,4,Sun,TRUE,Spring,FALSE,Unhealthy (sensitive)
2018-04-02,MY1,24.42,51.48,39.1,8.3,3.4,166,2018,4,Mon,FALSE,Spring,FALSE,Unhealthy (sensitive)
2018-04-03,MY1,19.56,49.98,34.04,15.9,3.3,52,2018,4,Tue,FALSE,Spring,FALSE,Moderate
2018-04-04,MY1,20.65,65.41,26.13,11.4,2.5,168,2018,4,Wed,FALSE,Spring,FALSE,Unhealthy (sensitive)
2018-04-05,MY1,17.06,45.05,30.16,11.2,4.4,263,2018,4,Thu,FALSE,Spring,FALSE,Moderate
2018-04-06,MY1,17.75,50.85,26.21,15.1,9.3,237,2018,4,Fri,FALSE,Spring,FALSE,Moderate
2018-04-07,MY1,15.88,40.26,38.62,13.9,2.5,226,2018,4,Sat,TRUE,Spring,FALSE,Moderate
2018-04-08,MY1,22.85,51.42,30.74,13.1,5.9,118,2018,4,Sun,TRUE,Spring,FALSE,Unhealthy (sensitive)
2018-04-09,MY1,18.39,57.56,31.23,10.5,2.7,331,2018,4,Mon,FALSE,Spring,FALSE,Moderate
2018-04-10,MY1,26.39,76.23,33.03,15.5,5.6,301,2018,4,Tue,FALSE,Spring,FALSE,Unhealthy
2018-04-11,MY1,15.89,43.33,37.59,10.2,12.8,3,2018,4,Wed,FALSE,Spring,FALSE,Moderate
2018-04-12,MY1,18.42,61.64,30.67,11.8,2.3,358,2018,4,Thu,FALSE,Spring,FALSE,Moderate
2018-04-13,MY1,11.17,35.33,35.96,14.3,2.4,31,2018,4,Fri,FALSE,Spring,FALSE,Moderate
2018-04-14,MY1,18.76,52.61,22.07,15.7,1.9,231,2018,4,Sat,TRUE,Spring,FALSE,Moderate
2018-04-15,MY1,20.27,66.14,22.43,11.9,3.9,195,2018,4,Sun,TRUE,Spring,FALSE,Unhealthy (sensitive)
2018-04-16,MY1,20.6,53.03,27.15,15.6,2.3,107,2018,4,Mon,FALSE,Spring,FALSE,Unhealthy (sensitive)
2018-04-17,MY1,18.62,45.36,36.34,15.4,0.5,10,2018,4,Tue,FALSE,Spring,FALSE,Moderate
2018-04-18,MY1,17.8,50.92,28.81,14.9,2.5,142,2018,4,Wed,FALSE,Spring,FALSE,Moderate
2018-04-19,MY1,17,52.96,21.6,14.5,4.6,162,2018,4,Thu,FALSE,Spring,FALSE,Moderate
2018-04-20,MY1,19.49,62.31,26.16,15.5,3.8,240,2018,4,Fri,FALSE,Spring,FALSE,Moderate
2018-04-21,MY1,18.63,57.77,16.9,14.4,2,268,2018,4,Sat,TRUE,Spring,FALSE,Moderate
2018-04-22,MY1,12.28,23.78,35.98,10.3,6.6,347,2018,4,Sun,TRUE,Spring,FALSE,Moderate
2018-04-23,MY1,17.8,55.49,27.81,14.4,4.1,65,2018,4,Mon,FALSE,Spring,FALSE,Moderate
2018-04-24,MY1,20.6,56.62,21.19,13,4.1,172,2018,4,Tue,FALSE,Spring,FALSE,Unhealthy (sensitive)
2018-04-25,MY1,23.61,59.92,30.67,15.1,4.5,57,2018,4,Wed,FALSE,Spring,FALSE,Unhealthy (sensitive)
2018-04-26,MY1,18.14,47.59,38.95,12.9,4.8,207,2018,4,Thu,FALSE,Spring,FALSE,Moderate
2018-04-27,MY1,14.63,36.64,34.92,17.1,4.9,148,2018,4,Fri,FALSE,Spring,FALSE,Moderate
2018-04-28,MY1,20.27,57.24,24.52,15.8,6.8,144,2018,4,Sat,TRUE,Spring,FALSE,Unhealthy (sensitive)
2018-04-29,MY1,10.12,26.28,34.69,17.8,4.7,326,2018,4,Sun,TRUE,Spring,FALSE,Moderate
2018-04-30,MY1,14.37,43.68,41.9,14.2,2.9,91,2018,4,Mon,FALSE,Spring,FALSE,Moderate
2018-05-01,MY1,15.34,40.39,32.19,16.8,4.8,13,2018,5,Tue,FALSE,Spring,FALSE,Moderate
2018-05-02,MY1,14.73,32.57,39.85,13.7,7.2,94,2018,5,Wed,FALSE,Spring,FALSE,Moderate
2018-05-03,MY1,16.66,63,30.62,19.8,2.3,219,2018,5,Thu,FALSE,Spring,FALSE,Moderate
2018-05-04,MY1,19.71,57.22,21.03,14.7,6.1,273,2018,5,Fri,FALSE,Spring,FALSE,Moderate
2018-05-05,MY1,16.58,51.43,30.74,15.2,4,281,2018,5,Sat,TRUE,Spring,FALSE,Moderate
2018-05-06,MY1,13,41.46,34.07,13.7,3.1,18,2018,5,Sun,TRUE,Spring,FALSE,Moderate
2018-05-07,MY1,13.75,34.28,34.01,18.2,3.1,21,2018,5,Mon,FALSE,Spring,FALSE,Moderate
2018-05-08,MY1,16.93,48.09,31.92,18.4,1.5,58,2018,5,Tue,FALSE,Spring,FALSE,Moderate
2018-05-09,MY1,17.39,43.64,29.96,15.5,5.2,179,2018,5,Wed,FALSE,Spring,FALSE,Moderate
2018-05-10,MY1,15.76,44.65,25.23,15.7,5.7,282,2018,5,Thu,FALSE,Spring,FALSE,Moderate
2018-05-11,MY1,17.34,55.15,26.93,16.3,5.5,185,2018,5,Fri,FALSE,Spring,FALSE,Moderate
2018-05-12,MY1,15.54,46.79,36,15,3.8,313,2018,5,Sat,TRUE,Spring,FALSE,Moderate
2018-05-13,MY1,19,49.47,27.47,18.3,5.2,264,2018,5,Sun,TRUE,Spring,FALSE,Moderate
2018-05-14,MY1,17.28,51.4,20.04,17.9,3.2,357,2018,5,Mon,FALSE,Spring,FALSE,Moderate
2018-05-15,MY1,16.26,48.5,30.76,14.8,2.9,215,2018,5,Tue,FALSE,Spring,FALSE,Moderate
2018-05-16,MY1,16.82,52.59,30.26,19.7,1.4,324,2018,5,Wed,FALSE,Spring,FALSE,Moderate
2018-05-17,MY1,18.54,49.3,25.75,15.9,12.6,177,2018,5,Thu,FALSE,Spring,FALSE,Moderate
2018-05-18,MY1,21.46,50.78,24.64,16.1,3.4,47,2018,5,Fri,FALSE,Spring,FALSE,Unhealthy (sensitive)
2018-05-19,MY1,11.66,33.04,41.59,19.2,2.6,107,2018,5,Sat,TRUE,Spring,FALSE,Moderate
2018-05-20,MY1,16.76,39.55,33.01,17.7,5.1,78,2018,5,Sun,TRUE,Spring,FALSE,Moderate
2018-05-21,MY1,16.81,68.7,24.65,18.5,3.8,161,2018,5,Mon,FALSE,Spring,FALSE,Moderate
2018-05-22,MY1,9.82,15.34,33.23,18.4,2.2,117,2018,5,Tue,FALSE,Spring,FALSE,Good
2018-05-23,MY1,12.35,37.16,43.78,16.6,9.7,55,2018,5,Wed,FALSE,Spring,FALSE,Moderate
2018-05-24,MY1,19.38,44.56,26.17,19.2,2.7,81,2018,5,Thu,FALSE,Spring,FALSE,Moderate
2018-05-25,MY1,13.96,48.33,31.83,15.9,1.1,345,2018,5,Fri,FALSE,Spring,FALSE,Moderate
2018-05-26,MY1,16.89,39.33,30.29,16.8,4.5,73,2018,5,Sat,TRUE,Spring,FALSE,Moderate
2018-05-27,MY1,10.14,23.53,41.44,16.1,3,106,2018,5,Sun,TRUE,Spring,FALSE,Moderate
2018-05-28,MY1,11.26,20.42,38.13,15.1,3.5,222,2018,5,Mon,FALSE,Spring,FALSE,Moderate
2018-05-29,MY1,14.43,50.26,25.55,14.8,3.2,220,2018,5,Tue,FALSE,Spring,FALSE,Moderate
2018-05-30,MY1,12.39,32.28,35.86,20,10.2,168,2018,5,Wed,FALSE,Spring,FALSE,Moderate
2018-05-31,MY1,16.55,52.98,40.85,15.2,5.6,252,2018,5,Thu,FALSE,Spring,FALSE,Moderate
2018-06-01,MY1,16.07,39.04,40.3,14.1,2.5,95,2018,6,Fri,FALSE,Summer,FALSE,Moderate
2018-06-02,MY1,10.03,23.08,37.8,15.3,12.6,183,2018,6,Sat,TRUE,Summer,FALSE,Moderate
2018-06-03,MY1,16,49.21,26.56,20,3.7,1,2018,6,Sun,TRUE,Summer,FALSE,Moderate
2018-06-04,MY1,9.46,23.85,37.72,18.2,4.4,6,2018,6,Mon,FALSE,Summer,FALSE,Good
2018-06-05,MY1,13.49,41.69,28.15,18.8,3.3,112,2018,6,Tue,FALSE,Summer,FALSE,Moderate
2018-06-06,MY1,16.37,42.75,19.05,16.5,5.6,240,2018,6,Wed,FALSE,Summer,FALSE,Moderate
2018-06-07,MY1,15.37,45,15.67,20.2,4.9,321,2018,6,Thu,FALSE,Summer,FALSE,Moderate
2018-06-08,MY1,18.05,38.37,33.09,15.8,3.1,232,2018,6,Fri,FALSE,Summer,FALSE,Moderate
2018-06-09,MY1,15.09,53.52,18.83,19.7,4.2,110,2018,6,Sat,TRUE,Summer,FALSE,Moderate
2018-06-10,MY1,9.77,14.21,48.88,13.5,4.3,314,2018,6,Sun,TRUE,Summer,FALSE,Good
2018-06-11,MY1,16.23,36.15,37.33,17,4.8,312,2018,6,Mon,FALSE,Summer,FALSE,Moderate
2018-06-12,MY1,11.31,15.04,46.07,16.5,7.8,179,2018,6,Tue,FALSE,Summer,FALSE,Moderate
2018-06-13,MY1,14.19,21.91,32.04,16.7,7.7,279,2018,6,Wed,FALSE,Summer,FALSE,Moderate
2018-06-14,MY1,11.53,41.17,30.58,20.2,5.2,359,2018,6,Thu,FALSE,Summer,FALSE,Moderate
2018-06-15,MY1,16.09,32.2,36.42,18.3,5.9,203,2018,6,Fri,FALSE,Summer,FALSE,Moderate
2018-06-16,MY1,18,51.46,35.54,17.6,5.6,86,2018,6,Sat,TRUE,Summer,FALSE,Moderate
2018-06-17,MY1,10.19,37.44,26.54,18.8,3.5,90,2018,6,Sun,TRUE,Summer,FALSE,Moderate
2018-06-18,MY1,9.88,49.36,33.04,18.3,5.6,138,2018,6,Mon,FALSE,Summer,FALSE,Good
2018-06-19,MY1,10.76,35.49,23.6,16.5,1.9,248,2018,6,Tue,FALSE,Summer,FALSE,Moderate
2018-06-20,MY1,13.65,45.52,28.34,17.6,2.9,276,2018,6,Wed,FALSE,Summer,FALSE,Moderate
2018-06-21,MY1,16.28,35.05,40.33,19.7,3.4,201,2018,6,Thu,FALSE,Summer,FALSE,Moderate
2018-06-22,MY1,15.08,57.81,31.95,15.2,3.9,190,2018,6,Fri,FALSE,Summer,FALSE,Moderate
2018-06-23,MY1,8.01,22.31,27.82,19,3.5,44,2018,6,Sat,TRUE,Summer,FALSE,Good
2018-06-24,MY1,5.85,24.56,32.05,18.9,4.1,292,2018,6,Sun,TRUE,Summer,FALSE,Good
2018-06-25,MY1,19.59,47.26,25.67,15.5,5.1,354,2018,6,Mon,FALSE,Summer,FALSE,Moderate
2018-06-26,MY1,16.45,42.53,24.76,18.2,4.3,271,2018,6,Tue,FALSE,Summer,FALSE,Moderate
2018-06-27,MY1,11.27,33.19,34.47,20.3,6.8,165,2018,6,Wed,FALSE,Summer,FALSE,Moderate
2018-06-28,MY1,10.51,24.91,27.59,17.4,4.9,230,2018,6,Thu,FALSE,Summer,FALSE,Moderate
2018-06-29,MY1,13.46,41.34,28.37,20.1,2.6,36,2018,6,Fri,FALSE,Summer,FALSE,Moderate
2018-06-30,MY1,9.25,32.1,41.66,19.5,1.9,338,2018,6,Sat,TRUE,Summer,FALSE,Good
2018-07-01,MY1,10.9,34.84,37.2,17.8,18.6,100,2018,7,Sun,TRUE,Summer,FALSE,Moderate
2018-07-02,MY1,9.14,12.44,36.24,18.3,5.1,268,2018,7,Mon,FALSE,Summer,FALSE,Good
2018-07-03,MY1,13.73,47.84,28.18,16.3,3.5,195,2018,7,Tue,FALSE,Summer,FALSE,Moderate
2018-07-04,MY1,15.42,44.06,39.31,17.7,4.7,111,2018,7,Wed,FALSE,Summer,FALSE,Moderate
2018-07-05,MY1,11.99,37.2,27.75,16.6,7.6,303,2018,7,Thu,FALSE,Summer,FALSE,Moderate
2018-07-06,MY1,12.85,31.46,29.37,18.4,2,227,2018,7,Fri,FALSE,Summer,FALSE,Moderate
2018-07-07,MY1,9.24,35.86,31.07,16.9,5,234,2018,7,Sat,TRUE,Summer,FALSE,Good
2018-07-08,MY1,9.13,22.61,32.92,19.5,2.7,48,2018,7,Sun,TRUE,Summer,FALSE,Good
2018-07-09,MY1,13.67,40.59,31.45,13.8,4.3,357,2018,7,Mon,FALSE,Summer,FALSE,Moderate
2018-07-10,MY1,12.59,23.39,43.69,20.1,7.6,323,2018,7,Tue,FALSE,Summer,FALSE,Moderate
2018-07-11,MY1,14.76,43.86,37.52,16.5,2.4,288,2018,7,Wed,FALSE,Summer,FALSE,Moderate
2018-07-12,MY1,11.4,27.31,43.47,19.8,4.3,324,2018,7,Thu,FALSE,Summer,FALSE,Moderate
2018-07-13,MY1,16.12,42.11,23.17,17.1,4.5,41,2018,7,Fri,FALSE,Summer,FALSE,Moderate
2018-07-14,MY1,16.13,47.26,33.48,13.4,6.5,25,2018,7,Sat,TRUE,Summer,FALSE,Moderate
2018-07-15,MY1,8.84,27.45,41.07,16.3,8.5,213,2018,7,Sun,TRUE,Summer,FALSE,Good
2018-07-16,MY1,13.89,41.44,28.22,19.3,6.4,164,2018,7,Mon,FALSE,Summer,FALSE,Moderate
2018-07-17,MY1,12.01,33.95,26.24,19.1,5.2,173,2018,7,Tue,FALSE,Summer,FALSE,Moderate
2018-07-18,MY1,13.28,36.25,33.85,16.8,4,28,2018,7,Wed,FALSE,Summer,FALSE,Moderate
2018-07-19,MY1,12.85,31.94,34.15,15.7,3.9,67,2018,7,Thu,FALSE,Summer,FALSE,Moderate
2018-07-20,MY1,9.35,18.83,40.36,14.9,2.4,122,2018,7,Fri,FALSE,Summer,FALSE,Good
2018-07-21,MY1,12.1,41.28,23.1,20,3.8,227,2018,7,Sat,TRUE,Summer,FALSE,Moderate
2018-07-22,MY1,6,11.99,42.32,15.7,3.8,0,2018,7,Sun,TRUE,Summer,FALSE,Good
2018-07-23,MY1,21.22,62.06,13.73,14.5,3.4,312,2018,7,Mon,FALSE,Summer,FALSE,Unhealthy (sensitive)
2018-07-24,MY1,9.14,31.43,25.97,17.5,8.9,195,2018,7,Tue,FALSE,Summer,FALSE,Good
2018-07-25,MY1,10.33,10.74,42.88,17,1.4,77,2018,7,Wed,FALSE,Summer,FALSE,Moderate
2018-07-26,MY1,15.34,40.09,23.82,17.1,2.2,113,2018,7,Thu,FALSE,Summer,FALSE,Moderate
2018-07-27,MY1,16.93,50.5,35.78,16.8,9.3,143,2018,7,Fri,FALSE,Summer,FALSE,Moderate
2018-07-28,MY1,9.48,31.17,36.63,18.5,4.1,174,2018,7,Sat,TRUE,Summer,FALSE,Good
2018-07-29,MY1,13.93,29.56,31.23,15.3,2.3,234,2018,7,Sun,TRUE,Summer,FALSE,Moderate
2018-07-30,MY1,16.93,31.47,45.64,13.8,4.4,62,2018,7,Mon,FALSE,Summer,FALSE,Moderate
2018-07-31,MY1,17.69,48.35,28.96,14.2,6.1,146,2018,7,Tue,FALSE,Summer,FALSE,Moderate
2018-08-01,MY1,17.58,45.16,29.91,17,4.7,278,2018,8,Wed,FALSE,Summer,FALSE,Moderate
2018-08-02,MY1,10.86,25.86,38.97,15.3,3.3,296,2018,8,Thu,FALSE,Summer,FALSE,Moderate
2018-08-03,MY1,7.2,13.16,38.35,16.8,7.7,288,2018,8,Fri,FALSE,Summer,FALSE,Good
2018-08-04,MY1,7.91,28.77,40.24,13.7,3.6,37,2018,8,Sat,TRUE,Summer,FALSE,Good
2018-08-05,MY1,6.3,8.01,47.69,16.3,2.9,303,2018,8,Sun,TRUE,Summer,FALSE,Good
2018-08-06,MY1,14.33,38.4,26.79,15.4,2.9,14,2018,8,Mon,FALSE,Summer,FALSE,Moderate
2018-08-07,MY1,4.49,5.72,40.02,14.2,0.9,126,2018,8,Tue,FALSE,Summer,FALSE,Good
2018-08-08,MY1,8.72,29.45,47.01,17.9,5.5,91,2018,8,Wed,FALSE,Summer,FALSE,Good
2018-08-09,MY1,14.45,51.53,31.69,16,2.8,273,2018,8,Thu,FALSE,Summer,FALSE,Moderate
2018-08-10,MY1,16.43,51.21,30.61,12.8,6.5,270,2018,8,Fri,FALSE,Summer,FALSE,Moderate
2018-08-11,MY1,12.22,29.34,44.26,16.4,7.3,183,2018,8,Sat,TRUE,Summer,FALSE,Moderate
2018-08-12,MY1,15.66,52.22,35.17,14.3,1.5,258,2018,8,Sun,TRUE,Summer,FALSE,Moderate
2018-08-13,MY1,13.82,46.44,28.75,12.6,5.2,276,2018,8,Mon,FALSE,Summer,FALSE,Moderate
2018-08-14,MY1,15.15,35.43,43.14,9.7,1.8,47,2018,8,Tue,FALSE,Summer,FALSE,Moderate
2018-08-15,MY1,11.75,27.42,34.9,13.7,1.3,301,2018,8,Wed,FALSE,Summer,FALSE,Moderate
2018-08-16,MY1,11.51,40.56,32.87,12.8,7.6,244,2018,8,Thu,FALSE,Summer,FALSE,Moderate
2018-08-17,MY1,9.79,36.02,29.29,10.9,5.7,88,2018,8,Fri,FALSE,Summer,FALSE,Good
2018-08-18,MY1,13.24,40.53,34.06,11,4.6,250,2018,8,Sat,TRUE,Summer,FALSE,Moderate
2018-08-19,MY1,14.02,42.93,20.1,16.1,3.1,217,2018,8,Sun,TRUE,Summer,FALSE,Moderate
2018-08-20,MY1,11.92,30.11,30.48,14.8,5.7,111,2018,8,Mon,FALSE,Summer,FALSE,Moderate
2018-08-21,MY1,14.63,42.12,45.73,15.6,2.9,229,2018,8,Tue,FALSE,Summer,FALSE,Moderate
2018-08-22,MY1,10.04,24.8,27.49,15.3,6.2,92,2018,8,Wed,FALSE,Summer,FALSE,Moderate
2018-08-23,MY1,18.78,49.78,22.95,12.1,2.5,114,2018,8,Thu,FALSE,Summer,FALSE,Moderate
2018-08-24,MY1,16.38,30.35,33.89,14.6,15.6,116,2018,8,Fri,FALSE,Summer,FALSE,Moderate
2018-08-25,MY1,6.37,18.33,40.81,16,5.1,165,2018,8,Sat,TRUE,Summer,FALSE,Good
2018-08-26,MY1,12.52,30.68,39.26,12.3,2.9,102,2018,8,Sun,TRUE,Summer,FALSE,Moderate
2018-08-27,MY1,10.45,16.31,41.99,12.4,6.1,271,2018,8,Mon,FALSE,Summer,FALSE,Moderate
2018-08-28,MY1,13.84,34.31,38.12,8.2,2,8,2018,8,Tue,FALSE,Summer,FALSE,Moderate
2018-08-29,MY1,16.02,43.91,32.1,9.5,3.6,351,2018,8,Wed,FALSE,Summer,FALSE,Moderate
2018-08-30,MY1,16.04,46.5,29.93,9.6,9.2,143,2018,8,Thu,FALSE,Summer,FALSE,Moderate
2018-08-31,MY1,14.1,37.36,35.22,13.3,2.8,224,2018,8,Fri,FALSE,Summer,FALSE,Moderate
2018-09-01,MY1,16.2,43.81,25.09,11.8,2.1,151,2018,9,Sat,TRUE,Autumn,FALSE,Moderate
2018-09-02,MY1,10.93,30.94,38.18,14.5,5.3,25,2018,9,Sun,TRUE,Autumn,FALSE,Moderate
2018-09-03,MY1,13.1,29.67,37.2,11,2.6,217,2018,9,Mon,FALSE,Autumn,FALSE,Moderate
2018-09-04,MY1,15.21,36.77,37.99,15.2,6.5,219,2018,9,Tue,FALSE,Autumn,FALSE,Moderate
2018-09-05,MY1,12.38,35.18,33.56,12.2,5.3,87,2018,9,Wed,FALSE,Autumn,FALSE,Moderate
2018-09-06,MY1,11.05,33.25,42.61,12.4,2.6,67,2018,9,Thu,FALSE,Autumn,FALSE,Moderate
2018-09-07,MY1,14.95,50.03,23.09,8,3.8,268,2018,9,Fri,FALSE,Autumn,FALSE,Moderate
2018-09-08,MY1,15.34,47.09,29.46,7.9,7.3,277,2018,9,Sat,TRUE,Autumn,FALSE,Moderate
2018-09-09,MY1,13.98,31.65,31.03,8.7,3.3,147,2018,9,Sun,TRUE,Autumn,FALSE,Moderate
2018-09-10,MY1,17.87,54,30.06,10.2,6.7,23,2018,9,Mon,FALSE,Autumn,FALSE,Moderate
2018-09-11,MY1,10.87,18.01,36.13,10,5.8,158,2018,9,Tue,FALSE,Autumn,FALSE,Moderate
2018-09-12,MY1,14.08,45.62,37.18,14.6,9.5,309,2018,9,Wed,FALSE,Autumn,FALSE,Moderate
2018-09-13,MY1,18.48,48.93,24.18,6.3,3.1,50,2018,9,Thu,FALSE,Autumn,FALSE,Moderate
2018-09-14,MY1,18.92,50.3,24.98,10.8,1.5,87,2018,9,Fri,FALSE,Autumn,FALSE,Moderate
2018-09-15,MY1,7.36,17.86,38.93,10.5,4.7,32,2018,9,Sat,TRUE,Autumn,FALSE,Good
2018-09-16,MY1,10.31,28.91,28.63,6.8,3.8,218,2018,9,Sun,TRUE,Autumn,FALSE,Moderate
2018-09-17,MY1,11.12,34.26,32.11,10.8,3.9,252,2018,9,Mon,FALSE,Autumn,FALSE,Moderate
2018-09-18,MY1,20.32,46.04,26.28,11.3,3.7,251,2018,9,Tue,FALSE,Autumn,FALSE,Unhealthy (sensitive)
2018-09-19,MY1,17.14,52.6,36.39,10.2,6.1,16,2018,9,Wed,FALSE,Autumn,FALSE,Moderate
2018-09-20,MY1,15.9,44.93,28.37,9.5,2.4,317,2018,9,Thu,FALSE,Autumn,FALSE,Moderate
2018-09-21,MY1,14.07,36.32,31.29,7.8,1.9,165,2018,9,Fri,FALSE,Autumn,FALSE,Moderate
2018-09-22,MY1,9.73,39.42,29.92,9.5,6.5,309,2018,9,Sat,TRUE,Autumn,FALSE,Good
2018-09-23,MY1,15.7,57.9,21.44,4.2,6.3,39,2018,9,Sun,TRUE,Autumn,FALSE,Moderate
2018-09-24,MY1,22.35,72.25,18.7,11.3,1.7,336,2018,9,Mon,FALSE,Autumn,FALSE,Unhealthy (sensitive)
2018-09-25,MY1,21.2,56.49,27.36,3.7,4.2,8,2018,9,Tue,FALSE,Autumn,FALSE,Unhealthy (sensitive)
2018-09-26,MY1,22.5,63.8,33.28,8.5,1,275,2018,9,Wed,FALSE,Autumn,FALSE,Unhealthy (sensitive)
2018-09-27,MY1,16.36,43.3,34.33,7.2,11,73,2018,9,Thu,FALSE,Autumn,FALSE,Moderate
2018-09-28,MY1,17.52,47.69,30.41,9.8,7,208,2018,9,Fri,FALSE,Autumn,FALSE,Moderate
2018-09-29,MY1,21.35,69.9,26.62,10.2,2.6,338,2018,9,Sat,TRUE,Autumn,FALSE,Unhealthy (sensitive)
2018-09-30,MY1,14.83,35.29,35.97,6.5,2.7,152,2018,9,Sun,TRUE,Autumn,FALSE,Moderate
2018-10-01,MY1,14.48,46.33,26.86,7.1,3.3,70,2018,10,Mon,FALSE,Autumn,FALSE,Moderate
2018-10-02,MY1,17.8,60.08,26.26,6.2,2.5,281,2018,10,Tue,FALSE,Autumn,FALSE,Moderate
2018-10-03,MY1,17.03,46.58,32.09,10.6,2.9,7,2018,10,Wed,FALSE,Autumn,FALSE,Moderate
2018-10-04,MY1,18.67,46.24,29.31,9.4,4.1,196,2018,10,Thu,FALSE,Autumn,FALSE,Moderate
2018-10-05,MY1,18.04,50.59,21.9,9.5,4.1,288,2018,10,Fri,FALSE,Autumn,FALSE,Moderate
2018-10-06,MY1,14.87,44.93,33.23,10.4,5.5,251,2018,10,Sat,TRUE,Autumn,FALSE,Moderate
2018-10-07,MY1,16.03,45.92,23.95,7.1,2.4,176,2018,10,Sun,TRUE,Autumn,FALSE,Moderate
2018-10-08,MY1,19.74,63.8,32.45,7.4,3.4,313,2018,10,Mon,FALSE,Autumn,FALSE,Moderate
2018-10-09,MY1,19.03,33.24,39.76,7,2.8,144,2018,10,Tue,FALSE,Autumn,FALSE,Moderate
2018-10-10,MY1,16.76,44.24,31.42,10,3.3,255,2018,10,Wed,FALSE,Autumn,FALSE,Moderate
2018-10-11,MY1,12.08,37.02,33.12,3.1,5.2,168,2018,10,Thu,FALSE,Autumn,FALSE,Moderate
2018-10-12,MY1,18.96,58.42,30.57,8.4,5.5,227,2018,10,Fri,FALSE,Autumn,FALSE,Moderate
2018-10-13,MY1,19.43,54.67,23.88,7,1.6,65,2018,10,Sat,TRUE,Autumn,FALSE,Moderate
2018-10-14,MY1,12.32,24.4,37.28,5.8,2.6,224,2018,10,Sun,TRUE,Autumn,FALSE,Moderate
2018-10-15,MY1,17.69,44.9,25.16,7.7,3,336,2018,10,Mon,FALSE,Autumn,FALSE,Moderate
2018-10-16,MY1,15.9,50.4,22.94,6.6,3.1,242,2018,10,Tue,FALSE,Autumn,FALSE,Moderate
2018-10-17,MY1,14.23,38.92,27.58,5.3,8.6,138,2018,10,Wed,FALSE,Autumn,FALSE,Moderate
2018-10-18,MY1,19.47,52.79,31.15,8.9,2.2,106,2018,10,Thu,FALSE,Autumn,FALSE,Moderate
2018-10-19,MY1,17.2,36.52,36.17,8.8,7.3,111,2018,10,Fri,FALSE,Autumn,FALSE,Moderate
2018-10-20,MY1,14.14,42.19,40.83,6.6,3.6,91,2018,10,Sat,TRUE,Autumn,FALSE,Moderate
2018-10-21,MY1,19.26,52.56,29.3,2.3,3.9,354,2018,10,Sun,TRUE,Autumn,FALSE,Moderate
2018-10-22,MY1,22.77,69.55,30.87,7.6,2.2,21,2018,10,Mon,FALSE,Autumn,FALSE,Unhealthy (sensitive)
2018-10-23,MY1,17.09,56.12,25.33,9.8,6.7,42,2018,10,Tue,FALSE,Autumn,FALSE,Moderate
2018-10-24,MY1,12.82,23.37,26.99,7,4.4,119,2018,10,Wed,FALSE,Autumn,FALSE,Moderate
2018-10-25,MY1,21.6,44.73,30.46,4.8,6.5,43,2018,10,Thu,FALSE,Autumn,FALSE,Unhealthy (sensitive)
2018-10-26,MY1,20.48,45.66,22.37,3.1,2.9,21,2018,10,Fri,FALSE,Autumn,FALSE,Unhealthy (sensitive)
2018-10-27,MY1,20.17,56.37,20.35,4.3,6.7,274,2018,10,Sat,TRUE,Autumn,FALSE,Unhealthy (sensitive)
2018-10-28,MY1,12.82,34.87,42.68,3.7,4.4,155,2018,10,Sun,TRUE,Autumn,FALSE,Moderate
2018-10-29,MY1,19.9,56.44,25.7,3.8,4.3,129,2018,10,Mon,FALSE,Autumn,FALSE,Moderate
2018-10-30,MY1,21.46,59.17,17.23,3.9,6.7,288,2018,10,Tue,FALSE,Autumn,FALSE,Unhealthy (sensitive)
2018-10-31,MY1,19.06,56.39,29.26,4.6,2.5,187,2018,10,Wed,FALSE,Autumn,FALSE,Moderate
2018-11-01,MY1,20.3,57.09,29.83,4.3,4.6,92,2018,11,Thu,FALSE,Autumn,FALSE,Unhealthy (sensitive)
2018-11-02,MY1,20.28,53.01,22.68,3.7,2.5,315,2018,11,Fri,FALSE,Autumn,FALSE,Unhealthy (sensitive)
2018-11-03,MY1,8.39,12.49,43.87,7.2,6.6,243,2018,11,Sat,TRUE,Autumn,FALSE,Good
2018-11-04,MY1,17.34,59.25,25.24,5.4,3.7,319,2018,11,Sun,TRUE,Autumn,FALSE,Moderate
2018-11-05,MY1,21.35,52.62,20.6,6.2,2.7,151,2018,11,Mon,FALSE,Autumn,FALSE,Unhealthy (sensitive)
2018-11-06,MY1,16.42,47.05,37.28,4.1,5.4,140,2018,11,Tue,FALSE,Autumn,FALSE,Moderate
2018-11-07,MY1,23.24,49.1,33.61,2,2.5,2,2018,11,Wed,FALSE,Autumn,FALSE,Unhealthy (sensitive)
2018-11-08,MY1,19.81,52.73,32.72,6.5,2,37,2018,11,Thu,FALSE,Autumn,FALSE,Moderate
2018-11-09,MY1,17.01,57.09,28.96,1.4,16.4,192,2018,11,Fri,FALSE,Autumn,FALSE,Moderate
2018-11-10,MY1,18.19,40.77,31.86,1.6,4.2,302,2018,11,Sat,TRUE,Autumn,FALSE,Moderate
2018-11-11,MY1,17.23,47.87,36,4.7,6.5,63,2018,11,Sun,TRUE,Autumn,FALSE,Moderate
2018-11-12,MY1,23.66,74.33,21.12,1.9,2.8,162,2018,11,Mon,FALSE,Autumn,FALSE,Unhealthy (sensitive)
2018-11-13,MY1,20.01,60.65,26.68,3.9,2.4,231,2018,11,Tue,FALSE,Autumn,FALSE,Unhealthy (sensitive)
2018-11-14,MY1,20.76,62.12,20.6,3.4,5.5,238,2018,11,Wed,FALSE,Autumn,FALSE,Unhealthy (sensitive)
2018-11-15,MY1,15.21,44.5,31.27,4.2,4.4,88,2018,11,Thu,FALSE,Autumn,FALSE,Moderate
2018-11-16,MY1,14.59,43.09,40.75,6.9,2,314,2018,11,Fri,FALSE,Autumn,FALSE,Moderate
2018-11-17,MY1,19.42,59.52,31.1,5.9,6.3,229,2018,11,Sat,TRUE,Autumn,FALSE,Moderate
2018-11-18,MY1,18.7,51.42,19.95,1.7,12.1,332,2018,11,Sun,TRUE,Autumn,FALSE,Moderate
2018-11-19,MY1,22.17,54.76,26.88,3,7.6,199,2018,11,Mon,FALSE,Autumn,FALSE,Unhealthy (sensitive)
2018-11-20,MY1,18.84,48.79,29.99,1.6,5.1,191,2018,11,Tue,FALSE,Autumn,FALSE,Moderate
2018-11-21,MY1,24.94,78.65,21.81,2.8,2.6,349,2018,11,Wed,FALSE,Autumn,FALSE,Unhealthy (sensitive)
2018-11-22,MY1,21.78,58.56,25.73,2.7,2.2,36,2018,11,Thu,FALSE,Autumn,FALSE,Unhealthy (sensitive)
2018-11-23,MY1,20.68,55.51,33.2,2.5,3.7,53,2018,11,Fri,FALSE,Autumn,FALSE,Unhealthy (sensitive)
2018-11-24,MY1,22.97,60.4,25.68,7.1,4.8,250,2018,11,Sat,TRUE,Autumn,FALSE,Unhealthy (sensitive)
2018-11-25,MY1,21.97,54.52,32.68,0.1,2.6,23,2018,11,Sun,TRUE,Autumn,FALSE,Unhealthy (sensitive)
2018-11-26,MY1,26.2,62.04,16.24,5.3,4.4,109,2018,11,Mon,FALSE,Autumn,FALSE,Unhealthy
2018-11-27,MY1,18.82,55.11,27.16,6,2.3,94,2018,11,Tue,FALSE,Autumn,FALSE,Moderate
2018-11-28,MY1,21.79,60.29,18.63,-1.3,3.6,329,2018,11,Wed,FALSE,Autumn,FALSE,Unhealthy (sensitive)
2018-11-29,MY1,22.18,60.09,23.59,4.5,7.7,113,2018,11,Thu,FALSE,Autumn,FALSE,Unhealthy (sensitive)
2018-11-30,MY1,24.12,77.72,33.22,-0,3.1,324,2018,11,Fri,FALSE,Autumn,FALSE,Unhealthy (sensitive)
2018-12-01,MY1,17.07,44.74,30.41,5.3,5.4,109,2018,12,Sat,TRUE,Winter,FALSE,Moderate
2018-12-02,MY1,24.16,70.37,21.16,4.4,8.1,55,2018,12,Sun,TRUE,Winter,FALSE,Unhealthy (sensitive)
2018-12-03,MY1,18.83,48.19,27.14,1,3.8,38,2018,12,Mon,FALSE,Winter,FALSE,Moderate
2018-12-04,MY1,25.14,71.94,25.7,-0.3,2,116,2018,12,Tue,FALSE,Winter,FALSE,Unhealthy
2018-12-05,MY1,22.16,67.27,20,5,3.5,327,2018,12,Wed,FALSE,Winter,FALSE,Unhealthy (sensitive)
2018-12-06,MY1,29.03,68.6,28.46,2.9,7.2,332,2018,12,Thu,FALSE,Winter,FALSE,Unhealthy
2018-12-07,MY1,25.46,83.19,32,4.5,4.5,180,2018,12,Fri,FALSE,Winter,FALSE,Unhealthy
2018-12-08,MY1,20.78,55.55,34.48,3.5,4,95,2018,12,Sat,TRUE,Winter,FALSE,Unhealthy (sensitive)
2018-12-09,MY1,18.26,57.77,24.82,1.4,4.5,330,2018,12,Sun,TRUE,Winter,FALSE,Moderate
2018-12-10,MY1,18.77,61.39,39.21,0.7,1.8,347,2018,12,Mon,FALSE,Winter,FALSE,Moderate
2018-12-11,MY1,20,62.64,28.4,1.1,4.6,35,2018,12,Tue,FALSE,Winter,FALSE,Moderate
2018-12-12,MY1,23.1,66.68,27.05,1.9,4.7,20,2018,12,Wed,FALSE,Winter,FALSE,Unhealthy (sensitive)
2018-12-13,MY1,25.11,73.46,28.51,-1.1,4.5,174,2018,12,Thu,FALSE,Winter,FALSE,Unhealthy
2018-12-14,MY1,21.72,60.89,22.18,-0.2,1.8,225,2018,12,Fri,FALSE,Winter,FALSE,Unhealthy (sensitive)
2018-12-15,MY1,21.16,44.63,44.32,1.6,3.7,180,2018,12,Sat,TRUE,Winter,FALSE,Unhealthy (sensitive)
2018-12-16,MY1,21.46,67.94,21.28,2.9,2.6,116,2018,12,Sun,TRUE,Winter,FALSE,Unhealthy (sensitive)
2018-12-17,MY1,25.76,70.93,33.96,0.9,2.3,308,2018,12,Mon,FALSE,Winter,FALSE,Unhealthy
2018-12-18,MY1,21,49.36,33.52,2.4,3.5,328,2018,12,Tue,FALSE,Winter,FALSE,Unhealthy (sensitive)
2018-12-19,MY1,23.79,56.72,42.44,1.2,5.7,253,2018,12,Wed,FALSE,Winter,FALSE,Unhealthy (sensitive)
2018-12-20,MY1,20.41,53.23,29.34,2.5,3.1,49,2018,12,Thu,FALSE,Winter,FALSE,Unhealthy (sensitive)
2018-12-21,MY1,21.08,68.48,16.64,5.8,4.8,52,2018,12,Fri,FALSE,Winter,FALSE,Unhealthy (sensitive)
2018-12-22,MY1,20.56,61.33,29.59,4.3,2.2,141,2018,12,Sat,TRUE,Winter,FALSE,Unhealthy (sensitive)
2018-12-23,MY1,17.1,41.57,27.46,-1.7,2.7,155,2018,12,Sun,TRUE,Winter,FALSE,Moderate
2018-12-24,MY1,19.16,50.22,34.04,3.9,7.1,200,2018,12,Mon,FALSE,Winter,FALSE,Moderate
2018-12-25,MY1,19.35,58.24,23.19,3.7,1.7,319,2018,12,Tue,FALSE,Winter,FALSE,Moderate
2018-12-26,MY1,18.23,54.31,33.74,3.2,3.6,207,2018,12,Wed,FALSE,Winter,FALSE,Moderate
2018-12-27,MY1,17.97,38.57,40.26,4.3,3.4,101,2018,12,Thu,FALSE,Winter,FALSE,Moderate
2018-12-28,MY1,24.94,67.72,33.59,2.2,3.1,175,2018,12,Fri,FALSE,Winter,FALSE,Unhealthy (sensitive)
2018-12-29,MY1,20.39,63.34,21.4,3.1,3.8,311,2018,12,Sat,TRUE,Winter,FALSE,Unhealthy (sensitive)
2018-12-30,MY1,18.86,37.05,36.09,2.2,3.3,42,2018,12,Sun,TRUE,Winter,FALSE,Moderate
2018-12-31,MY1,18.33,54.12,33.51,1.4,8.3,167,2018,12,Mon,FALSE,Winter,FALSE,Moderate
2019-01-01,MY1,19.94,45.22,30.74,-2.5,3.1,237,2019,1,Tue,FALSE,Winter,FALSE,Moderate
2019-01-02,MY1,30.18,96.5,8.22,5.4,2.6,116,2019,1,Wed,FALSE,Winter,FALSE,Unhealthy
2019-01-03,MY1,20.82,53.99,34.42,0.8,2.4,81,2019,1,Thu,FALSE,Winter,FALSE,Unhealthy (sensitive)
2019-01-04,MY1,22.16,73.75,24.2,3.2,3.5,130,2019,1,Fri,FALSE,Winter,FALSE,Unhealthy (sensitive)
2019-01-05,MY1,19.56,56.68,31.06,-0.4,3.1,92,2019,1,Sat,TRUE,Winter,FALSE,Moderate
2019-01-06,MY1,20.86,56.53,32.55,1.9,8.7,77,2019,1,Sun,TRUE,Winter,FALSE,Unhealthy (sensitive)
2019-01-07,MY1,21.13,47.27,35.77,0.6,3.5,29,2019,1,Mon,FALSE,Winter,FALSE,Unhealthy (sensitive)
2019-01-08,MY1,22.42,56.61,13.31,2.5,5.5,211,2019,1,Tue,FALSE,Winter,FALSE,Unhealthy (sensitive)
2019-01-09,MY1,26.46,97.06,27.04,3.6,12.3,6,2019,1,Wed,FALSE,Winter,FALSE,Unhealthy
2019-01-10,MY1,23.2,69.92,27.27,3,2.9,333,2019,1,Thu,FALSE,Winter,FALSE,Unhealthy (sensitive)
2019-01-11,MY1,21.54,63.76,10.84,1.6,4.3,287,2019,1,Fri,FALSE,Winter,FALSE,Unhealthy (sensitive)
2019-01-12,MY1,22.22,66.41,24.18,2.4,3.6,0,2019,1,Sat,TRUE,Winter,FALSE,Unhealthy (sensitive)
2019-01-13,MY1,16.98,34.93,42.97,0.1,2.7,239,2019,1,Sun,TRUE,Winter,FALSE,Moderate
2019-01-14,MY1,18.87,62.8,36.41,7.5,5.9,32,2019,1,Mon,FALSE,Winter,FALSE,Moderate
2019-01-15,MY1,24.21,69.92,23.61,1.5,4.9,69,2019,1,Tue,FALSE,Winter,FALSE,Unhealthy (sensitive)
2019-01-16,MY1,18.74,49.93,36.66,5.8,7.8,359,2019,1,Wed,FALSE,Winter,FALSE,Moderate
2019-01-17,MY1,21.43,62.2,39.7,6.2,2,39,2019,1,Thu,FALSE,Winter,FALSE,Unhealthy (sensitive)
2019-01-18,MY1,24.62,64.24,22.73,1.2,2.1,278,2019,1,Fri,FALSE,Winter,FALSE,Unhealthy (sensitive)
2019-01-19,MY1,19.45,36.96,37.29,1.1,1.9,88,2019,1,Sat,TRUE,Winter,FALSE,Moderate
2019-01-20,MY1,20.09,59.09,24.4,4,4.4,10,2019,1,Sun,TRUE,Winter,FALSE,Unhealthy (sensitive)
2019-01-21,MY1,19.63,61.41,31.93,2.3,4.1,308,2019,1,Mon,FALSE,Winter,FALSE,Moderate
2019-01-22,MY1,22.68,58.04,25.09,7.6,4,273,2019,1,Tue,FALSE,Winter,FALSE,Unhealthy (sensitive)
2019-01-23,MY1,27.8,71.88,18.44,3.4,4.4,202,2019,1,Wed,FALSE,Winter,FALSE,Unhealthy
2019-01-24,MY1,21.88,55.63,26.25,5,5.5,265,2019,1,Thu,FALSE,Winter,FALSE,Unhealthy (sensitive)
2019-01-25,MY1,23.55,54.12,23.3,2.4,3.3,348,2019,1,Fri,FALSE,Winter,FALSE,Unhealthy (sensitive)
2019-01-26,MY1,19.49,54.51,22.39,6,3.3,47,2019,1,Sat,TRUE,Winter,FALSE,Moderate
2019-01-27,MY1,19.99,60.11,14.68,7.5,4.1,76,2019,1,Sun,TRUE,Winter,FALSE,Moderate
2019-01-28,MY1,24.52,64.94,28.14,2.1,7.3,119,2019,1,Mon,FALSE,Winter,FALSE,Unhealthy (sensitive)
2019-01-29,MY1,20.69,51.26,27.84,6,6.2,324,2019,1,Tue,FALSE,Winter,FALSE,Unhealthy (sensitive)
2019-01-30,MY1,18.88,56.42,24.33,2,4.6,276,2019,1,Wed,FALSE,Winter,FALSE,Moderate
2019-01-31,MY1,22.06,65.38,19.42,4.9,4.1,160,2019,1,Thu,FALSE,Winter,FALSE,Unhealthy (sensitive)
2019-02-01,MY1,24.44,85.55,5.51,3.8,5.2,186,2019,2,Fri,FALSE,Winter,FALSE,Unhealthy (sensitive)
2019-02-02,MY1,24.02,60.14,26.19,1.7,5.3,3,2019,2,Sat,TRUE,Winter,FALSE,Unhealthy (sensitive)
2019-02-03,MY1,15.69,52.64,34.99,4.9,1.9,158,2019,2,Sun,TRUE,Winter,FALSE,Moderate
2019-02-04,MY1,18.29,43.75,39.75,6.4,4.9,133,2019,2,Mon,FALSE,Winter,FALSE,Moderate
2019-02-05,MY1,25.15,75.82,20.24,6.2,6.2,128,2019,2,Tue,FALSE,Winter,FALSE,Unhealthy
2019-02-06,MY1,21.72,55.65,25.98,7.8,1.8,279,2019,2,Wed,FALSE,Winter,FALSE,Unhealthy (sensitive)
2019-02-07,MY1,18.69,55.54,28.06,3.7,3.1,8,2019,2,Thu,FALSE,Winter,FALSE,Moderate
2019-02-08,MY1,26.29,92.62,10.78,5.9,4.7,71,2019,2,Fri,FALSE,Winter,FALSE,Unhealthy
2019-02-09,MY1,17.94,56,23.66,4.4,2.2,256,2019,2,Sat,TRUE,Winter,FALSE,Moderate
2019-02-10,MY1,21.95,74.37,10.62,4.9,4.6,86,2019,2,Sun,TRUE,Winter,FALSE,Unhealthy (sensitive)
2019-02-11,MY1,20.16,72.15,21.3,4.7,6.9,329,2019,2,Mon,FALSE,Winter,FALSE,Unhealthy (sensitive)
2019-02-12,MY1,27.39,87.64,10.5,10.5,6.3,189,2019,2,Tue,FALSE,Winter,FALSE,Unhealthy
2019-02-13,MY1,19,56.45,21.56,3.6,2.6,234,2019,2,Wed,FALSE,Winter,FALSE,Moderate
2019-02-14,MY1,19.53,57.63,34.71,4.8,4.7,147,2019,2,Thu,FALSE,Winter,FALSE,Moderate
2019-02-15,MY1,17.25,39.83,39.86,8.6,2.5,77,2019,2,Fri,FALSE,Winter,FALSE,Moderate
2019-02-16,MY1,17.22,46,43.92,6.5,9.8,241,2019,2,Sat,TRUE,Winter,FALSE,Moderate
2019-02-17,MY1,21.6,53.06,37.56,5.3,4.5,338,2019,2,Sun,TRUE,Winter,FALSE,Unhealthy (sensitive)
2019-02-18,MY1,20.17,60.3,44.18,8,3.2,229,2019,2,Mon,FALSE,Winter,FALSE,Unhealthy (sensitive)
2019-02-19,MY1,19.82,47.86,30.9,6.8,4.4,211,2019,2,Tue,FALSE,Winter,FALSE,Moderate
2019-02-20,MY1,24.8,60.4,21.93,6.4,3.5,307,2019,2,Wed,FALSE,Winter,FALSE,Unhealthy (sensitive)
2019-02-21,MY1,19.23,49.41,30,5.7,2.4,135,2019,2,Thu,FALSE,Winter,FALSE,Moderate
2019-02-22,MY1,22.95,54.36,22.36,7,3.3,48,2019,2,Fri,FALSE,Winter,FALSE,Unhealthy (sensitive)
2019-02-23,MY1,19.72,43.72,34.72,4.7,3.3,287,2019,2,Sat,TRUE,Winter,FALSE,Moderate
2019-02-24,MY1,18.9,40.91,24.4,6.1,2.4,271,2019,2,Sun,TRUE,Winter,FALSE,Moderate
2019-02-25,MY1,18.58,54.17,30.25,10.1,6.2,12,2019,2,Mon,FALSE,Winter,FALSE,Moderate
2019-02-26,MY1,24.23,69.8,34.2,5,9.2,336,2019,2,Tue,FALSE,Winter,FALSE,Unhealthy (sensitive)
2019-02-27,MY1,20.18,58.6,30.82,8.6,6.8,167,2019,2,Wed,FALSE,Winter,FALSE,Unhealthy (sensitive)
2019-02-28,MY1,25.41,59.93,22.6,6.4,1.8,105,2019,2,Thu,FALSE,Winter,FALSE,Unhealthy
2019-03-01,MY1,17.72,40.3,34.05,4.3,8.2,169,2019,3,Fri,FALSE,Spring,FALSE,Moderate
2019-03-02,MY1,12.23,40.45,29.34,6.1,3.9,308,2019,3,Sat,TRUE,Spring,FALSE,Moderate
2019-03-03,MY1,17.06,57.63,23.84,9.5,1.9,286,2019,3,Sun,TRUE,Spring,FALSE,Moderate
2019-03-04,MY1,15.36,49.28,36.02,7.3,16.8,131,2019,3,Mon,FALSE,Spring,FALSE,Moderate
2019-03-05,MY1,25.75,77.77,22.42,8.2,1.9,104,2019,3,Tue,FALSE,Spring,FALSE,Unhealthy
2019-03-06,MY1,16.83,53.83,28,7.8,2.6,162,2019,3,Wed,FALSE,Spring,FALSE,Moderate
2019-03-07,MY1,22.76,72.18,21.71,7,6.6,237,2019,3,Thu,FALSE,Spring,FALSE,Unhealthy (sensitive)
2019-03-08,MY1,17.27,46.11,29.98,9.7,2.7,47,2019,3,Fri,FALSE,Spring,FALSE,Moderate
2019-03-09,MY1,17.97,46.59,34.86,10.3,4.7,124,2019,3,Sat,TRUE,Spring,FALSE,Moderate
2019-03-10,MY1,18.21,49.27,25.44,11.4,8.1,62,2019,3,Sun,TRUE,Spring,FALSE,Moderate
2019-03-11,MY1,22.38,66.6,32.42,7.8,3,56,2019,3,Mon,FALSE,Spring,FALSE,Unhealthy (sensitive)
2019-03-12,MY1,20.88,62.1,25.49,8.7,3.7,315,2019,3,Tue,FALSE,Spring,FALSE,Unhealthy (sensitive)
2019-03-13,MY1,19.53,68.8,15.81,8.1,2.3,178,2019,3,Wed,FALSE,Spring,FALSE,Moderate
2019-03-14,MY1,23.05,67.57,29.03,5.2,5.5,98,2019,3,Thu,FALSE,Spring,FALSE,Unhealthy (sensitive)
2019-03-15,MY1,15.29,33.88,39.77,9.9,4.5,225,2019,3,Fri,FALSE,Spring,FALSE,Moderate
2019-03-16,MY1,15.56,53.35,24.19,5.7,2.2,231,2019,3,Sat,TRUE,Spring,FALSE,Moderate
2019-03-17,MY1,17.77,65.16,32.51,12.7,3.1,248,2019,3,Sun,TRUE,Spring,FALSE,Moderate
2019-03-18,MY1,14.91,35.99,41.96,8.6,3.6,44,2019,3,Mon,FALSE,Spring,FALSE,Moderate
2019-03-19,MY1,18.5,44.73,38.13,8.4,2.5,314,2019,3,Tue,FALSE,Spring,FALSE,Moderate
2019-03-20,MY1,21.86,64.64,21.66,10.3,4.8,198,2019,3,Wed,FALSE,Spring,FALSE,Unhealthy (sensitive)
2019-03-21,MY1,19.72,55.45,29.44,12.2,7.7,29,2019,3,Thu,FALSE,Spring,FALSE,Moderate
2019-03-22,MY1,18.57,51.23,34.6,9.8,4.7,299,2019,3,Fri,FALSE,Spring,FALSE,Moderate
2019-03-23,MY1,19.21,53.55,32.07,9.8,3.6,143,2019,3,Sat,TRUE,Spring,FALSE,Moderate
2019-03-24,MY1,17.1,48.67,23.04,8.7,8.3,78,2019,3,Sun,TRUE,Spring,FALSE,Moderate
2019-03-25,MY1,17.73,43.97,36.17,10.7,6.6,271,2019,3,Mon,FALSE,Spring,FALSE,Moderate
2019-03-26,MY1,19.54,65.41,30.56,12.2,4.1,275,2019,3,Tue,FALSE,Spring,FALSE,Moderate
2019-03-27,MY1,25.3,61.94,21.6,14.5,2.1,313,2019,3,Wed,FALSE,Spring,FALSE,Unhealthy
2019-03-28,MY1,18.35,53.43,18.13,14,4.2,108,2019,3,Thu,FALSE,Spring,FALSE,Moderate
2019-03-29,MY1,19.6,54.17,25.45,9.8,1.3,326,2019,3,Fri,FALSE,Spring,FALSE,Moderate
2019-03-30,MY1,13.56,34.92,34.4,6.3,2.7,307,2019,3,Sat,TRUE,Spring,FALSE,Moderate
2019-03-31,MY1,13.25,39.32,32.04,12.8,4.6,229,2019,3,Sun,TRUE,Spring,FALSE,Moderate
2019-04-01,MY1,17.51,41.86,16.75,13.8,9.7,115,2019,4,Mon,FALSE,Spring,FALSE,Moderate
2019-04-02,MY1,16.25,42.3,34.5,10,4.5,98,2019,4,Tue,FALSE,Spring,FALSE,Moderate
2019-04-03,MY1,19.99,59.39,26.72,12,2.4,49,2019,4,Wed,FALSE,Spring,FALSE,Moderate
2019-04-04,MY1,16.71,38.66,30.08,11.3,4.7,260,2019,4,Thu,FALSE,Spring,FALSE,Moderate
2019-04-05,MY1,17.9,57.52,33.63,11,4.2,251,2019,4,Fri,FALSE,Spring,FALSE,Moderate
2019-04-06,MY1,13.92,41.32,23.15,12.8,7.4,328,2019,4,Sat,TRUE,Spring,FALSE,Moderate
2019-04-07,MY1,16.97,41.3,35,15,3.3,80,2019,4,Sun,TRUE,Spring,FALSE,Moderate
2019-04-08,MY1,17.66,57.83,15.29,10.9,4.1,17,2019,4,Mon,FALSE,Spring,FALSE,Moderate
2019-04-09,MY1,20.46,53.49,27.93,10.7,4.3,277,2019,4,Tue,FALSE,Spring,FALSE,Unhealthy (sensitive)
2019-04-10,MY1,22.1,58.45,34.27,7.4,5.5,16,2019,4,Wed,FALSE,Spring,FALSE,Unhealthy (sensitive)
2019-04-11,MY1,19.96,51.62,35.67,14.5,6.6,147,2019,4,Thu,FALSE,Spring,FALSE,Moderate
2019-04-12,MY1,16.79,32.3,43.21,13.4,4,79,2019,4,Fri,FALSE,Spring,FALSE,Moderate
2019-04-13,MY1,15.66,42.7,26.31,12,8.8,101,2019,4,Sat,TRUE,Spring,FALSE,Moderate
2019-04-14,MY1,15.97,42.14,30.13,14.5,3.6,265,2019,4,Sun,TRUE,Spring,FALSE,Moderate
2019-04-15,MY1,20.6,56.71,26.37,13,3.9,78,2019,4,Mon,FALSE,Spring,FALSE,Unhealthy (sensitive)
2019-04-16,MY1,21.01,62.65,34.72,12.6,4.3,61,2019,4,Tue,FALSE,Spring,FALSE,Unhealthy (sensitive)
2019-04-17,MY1,12.91,44.5,36.73,16.6,5.2,73,2019,4,Wed,FALSE,Spring,FALSE,Moderate
2019-04-18,MY1,17.91,43.44,31.24,14.9,1.8,195,2019,4,Thu,FALSE,Spring,FALSE,Moderate
2019-04-19,MY1,15.34,38.36,38.48,13.1,3.1,95,2019,4,Fri,FALSE,Spring,FALSE,Moderate
2019-04-20,MY1,12.66,37.39,26.65,12.1,1.2,57,2019,4,Sat,TRUE,Spring,FALSE,Moderate
2019-04-21,MY1,13.1,41.45,41.43,11.2,3.5,122,2019,4,Sun,TRUE,Spring,FALSE,Moderate
2019-04-22,MY1,15.97,53.57,36.46,19.4,3.3,260,2019,4,Mon,FALSE,Spring,FALSE,Moderate
2019-04-23,MY1,18.9,55.31,32.95,12.7,8.4,67,2019,4,Tue,FALSE,Spring,FALSE,Moderate
2019-04-24,MY1,18.9,52.78,26.65,15.8,3.5,348,2019,4,Wed,FALSE,Spring,FALSE,Moderate
2019-04-25,MY1,12.86,44.37,35.6,12.2,8.9,29,2019,4,Thu,FALSE,Spring,FALSE,Moderate
2019-04-26,MY1,15.88,41.62,55.16,13.5,2.6,43,2019,4,Fri,FALSE,Spring,FALSE,Moderate
2019-04-27,MY1,18.54,46.4,37.15,17.8,1.6,114,2019,4,Sat,TRUE,Spring,FALSE,Moderate
2019-04-28,MY1,14.49,30.16,38.42,16.3,3.8,336,2019,4,Sun,TRUE,Spring,FALSE,Moderate
2019-04-29,MY1,16.21,60.73,39.7,12.5,2.8,195,2019,4,Mon,FALSE,Spring,FALSE,Moderate
2019-04-30,MY1,16.92,48.56,22.68,16.1,4.4,86,2019,4,Tue,FALSE,Spring,FALSE,Moderate
2019-05-01,MY1,15.65,38,32.33,14.6,3.2,231,2019,5,Wed,FALSE,Spring,FALSE,Moderate
2019-05-02,MY1,14.73,39.53,43.44,14.8,8.4,51,2019,5,Thu,FALSE,Spring,FALSE,Moderate
2019-05-03,MY1,13.86,43.52,23.92,14.5,1.9,30,2019,5,Fri,FALSE,Spring,FALSE,Moderate
2019-05-04,MY1,17.18,46.07,34.03,18.2,4.4,149,2019,5,Sat,TRUE,Spring,FALSE,Moderate
2019-05-05,MY1,19.92,63.32,17.14,17.2,16,157,2019,5,Sun,TRUE,Spring,FALSE,Moderate
2019-05-06,MY1,15.93,35.28,36.32,13.5,4.1,171,2019,5,Mon,FALSE,Spring,FALSE,Moderate
2019-05-07,MY1,20,57.67,32.18,15.4,3.5,198,2019,5,Tue,FALSE,Spring,FALSE,Moderate
2019-05-08,MY1,16.88,39.49,26.54,11.9,3.7,312,2019,5,Wed,FALSE,Spring,FALSE,Moderate
2019-05-09,MY1,9.81,27.25,33.37,17.7,5,276,2019,5,Thu,FALSE,Spring,FALSE,Good
2019-05-10,MY1,18.67,57.74,24.91,18.8,1.4,324,2019,5,Fri,FALSE,Spring,FALSE,Moderate
2019-05-11,MY1,14.2,32.07,34.85,14.6,2.9,93,2019,5,Sat,TRUE,Spring,FALSE,Moderate
2019-05-12,MY1,11.36,16.76,43.4,18.1,4,80,2019,5,Sun,TRUE,Spring,FALSE,Moderate
2019-05-13,MY1,16.7,53.19,29.82,18.4,7.2,19,2019,5,Mon,FALSE,Spring,FALSE,Moderate
2019-05-14,MY1,13.08,38.25,31.08,19.8,3.6,348,2019,5,Tue,FALSE,Spring,FALSE,Moderate
2019-05-15,MY1,15.62,49.87,32.09,13.6,4.1,143,2019,5,Wed,FALSE,Spring,FALSE,Moderate
2019-05-16,MY1,15.44,38.53,43.65,13.7,2.7,270,2019,5,Thu,FALSE,Spring,FALSE,Moderate
2019-05-17,MY1,15.96,46.9,42.76,14.1,2.2,323,2019,5,Fri,FALSE,Spring,FALSE,Moderate
2019-05-18,MY1,14.4,31.88,41.71,14.1,9.1,275,2019,5,Sat,TRUE,Spring,FALSE,Moderate
2019-05-19,MY1,15.52,33.29,33.14,20.3,2.8,346,2019,5,Sun,TRUE,Spring,FALSE,Moderate
2019-05-20,MY1,14.51,46.4,30.82,20,2.6,190,2019,5,Mon,FALSE,Spring,FALSE,Moderate
2019-05-21,MY1,13.22,52.07,32.81,16.4,2.5,192,2019,5,Tue,FALSE,Spring,FALSE,Moderate
2019-05-22,MY1,12.9,38.02,38.17,14.7,5,52,2019,5,Wed,FALSE,Spring,FALSE,Moderate
2019-05-23,MY1,12.93,44.9,29.49,15,6.5,74,2019,5,Thu,FALSE,Spring,FALSE,Moderate
2019-05-24,MY1,17.68,54.42,27.2,19.7,2.9,332,2019,5,Fri,FALSE,Spring,FALSE,Moderate
2019-05-25,MY1,16.26,47.6,29.14,16.2,5,198,2019,5,Sat,TRUE,Spring,FALSE,Moderate
2019-05-26,MY1,6.76,25.04,41.88,15.8,7.7,59,2019,5,Sun,TRUE,Spring,FALSE,Good
2019-05-27,MY1,13.33,39.16,33.31,19.7,5.4,134,2019,5,Mon,FALSE,Spring,FALSE,Moderate
2019-05-28,MY1,10.99,35.63,36.76,18.6,3.6,148,2019,5,Tue,FALSE,Spring,FALSE,Moderate
2019-05-29,MY1,10.47,26.93,30.39,18.5,2,107,2019,5,Wed,FALSE,Spring,FALSE,Moderate
2019-05-30,MY1,16.61,56.68,31.15,15.4,6.4,301,2019,5,Thu,FALSE,Spring,FALSE,Moderate
2019-05-31,MY1,15.42,39.36,31.75,19.9,3.5,208,2019,5,Fri,FALSE,Spring,FALSE,Moderate
2019-06-01,MY1,14.45,43.92,34.14,16.7,1.7,168,2019,6,Sat,TRUE,Summer,FALSE,Moderate
2019-06-02,MY1,12.82,24.62,35.37,17.1,3,164,2019,6,Sun,TRUE,Summer,FALSE,Moderate
2019-06-03,MY1,10.83,34.66,29.63,17.1,5,176,2019,6,Mon,FALSE,Summer,FALSE,Moderate
2019-06-04,MY1,15.11,61.1,29.26,16.1,4.3,189,2019,6,Tue,FALSE,Summer,FALSE,Moderate
2019-06-05,MY1,13.66,46.58,31.3,19.7,5.9,297,2019,6,Wed,FALSE,Summer,FALSE,Moderate
2019-06-06,MY1,8.34,28.66,32.41,17,5.7,224,2019,6,Thu,FALSE,Summer,FALSE,Good
2019-06-07,MY1,19.42,46.7,25.39,15.6,5.6,213,2019,6,Fri,FALSE,Summer,FALSE,Moderate
2019-06-08,MY1,7.13,17.34,36.65,13.4,3,322,2019,6,Sat,TRUE,Summer,FALSE,Good
2019-06-09,MY1,16.69,54.19,26.43,17.3,6.9,110,2019,6,Sun,TRUE,Summer,FALSE,Moderate
2019-06-10,MY1,14.47,47.75,35.08,19.3,3.1,175,2019,6,Mon,FALSE,Summer,FALSE,Moderate
2019-06-11,MY1,7.5,12.56,34.93,13.8,6.5,16,2019,6,Tue,FALSE,Summer,FALSE,Good
2019-06-12,MY1,17.35,55.9,23.31,16,4.1,64,2019,6,Wed,FALSE,Summer,FALSE,Moderate
2019-06-13,MY1,10.32,27.01,34.49,18.5,7.3,218,2019,6,Thu,FALSE,Summer,FALSE,Moderate
2019-06-14,MY1,12.81,45.02,25.19,18.8,5.6,133,2019,6,Fri,FALSE,Summer,FALSE,Moderate
2019-06-15,MY1,12.7,37.81,30.27,17.7,4.2,265,2019,6,Sat,TRUE,Summer,FALSE,Moderate
2019-06-16,MY1,9.67,33.92,34.99,18.3,5.4,114,2019,6,Sun,TRUE,Summer,FALSE,Good
2019-06-17,MY1,12.43,31.93,36.71,19,8.2,294,2019,6,Mon,FALSE,Summer,FALSE,Moderate
2019-06-18,MY1,12.28,36.65,36.1,15.6,4.4,354,2019,6,Tue,FALSE,Summer,FALSE,Moderate
2019-06-19,MY1,9.49,26.09,37.09,16.2,4.9,308,2019,6,Wed,FALSE,Summer,FALSE,Good
2019-06-20,MY1,15.24,44.57,26.85,14.9,4.4,42,2019,6,Thu,FALSE,Summer,FALSE,Moderate
2019-06-21,MY1,13.28,48.12,24.84,21.9,1.7,57,2019,6,Fri,FALSE,Summer,FALSE,Moderate
2019-06-22,MY1,14.07,51.28,39.04,17,3.5,84,2019,6,Sat,TRUE,Summer,FALSE,Moderate
2019-06-23,MY1,12.85,39.9,36.4,18.3,6.8,198,2019,6,Sun,TRUE,Summer,FALSE,Moderate
2019-06-24,MY1,15.97,44.28,28.54,17.3,2.8,323,2019,6,Mon,FALSE,Summer,FALSE,Moderate
2019-06-25,MY1,9.41,29.13,33.83,21.6,7.7,119,2019,6,Tue,FALSE,Summer,FALSE,Good
2019-06-26,MY1,9.01,26.32,35.77,19.3,2.9,304,2019,6,Wed,FALSE,Summer,FALSE,Good
2019-06-27,MY1,16.44,53.57,26.18,21,7.4,246,2019,6,Thu,FALSE,Summer,FALSE,Moderate
2019-06-28,MY1,15.09,32.32,34.9,20.8,4,163,2019,6,Fri,FALSE,Summer,FALSE,Moderate
2019-06-29,MY1,10.59,35.23,36.66,17.1,2.8,282,2019,6,Sat,TRUE,Summer,FALSE,Moderate
2019-06-30,MY1,10.28,17.56,46.24,17.1,6,101,2019,6,Sun,TRUE,Summer,FALSE,Moderate
2019-07-01,MY1,13,37.07,43.38,18.3,2.1,320,2019,7,Mon,FALSE,Summer,FALSE,Moderate
2019-07-02,MY1,15.11,36.4,22.29,20.7,17.7,147,2019,7,Tue,FALSE,Summer,FALSE,Moderate
2019-07-03,MY1,13.38,27.74,37.35,19.7,6.7,322,2019,7,Wed,FALSE,Summer,FALSE,Moderate
2019-07-04,MY1,16.85,37.97,37.24,21.6,4.4,326,2019,7,Thu,FALSE,Summer,FALSE,Moderate
2019-07-05,MY1,19.51,50.01,28.1,17.9,5.6,180,2019,7,Fri,FALSE,Summer,FALSE,Moderate
2019-07-06,MY1,12.09,49.87,38.02,16.3,4.5,217,2019,7,Sat,TRUE,Summer,FALSE,Moderate
2019-07-07,MY1,7.78,25.46,33.44,19.4,4.8,319,2019,7,Sun,TRUE,Summer,FALSE,Good
2019-07-08,MY1,12.67,41.54,43.47,20.6,2.6,186,2019,7,Mon,FALSE,Summer,FALSE,Moderate
2019-07-09,MY1,9.4,24.75,29.83,19.3,2.1,8,2019,7,Tue,FALSE,Summer,FALSE,Good
2019-07-10,MY1,9.86,36.01,34.4,16.6,2.8,64,2019,7,Wed,FALSE,Summer,FALSE,Good
2019-07-11,MY1,16.09,46.52,36.08,16.3,4.7,266,2019,7,Thu,FALSE,Summer,FALSE,Moderate
2019-07-12,MY1,16.12,59.14,36.81,17.8,1.9,112,2019,7,Fri,FALSE,Summer,FALSE,Moderate
2019-07-13,MY1,13.18,39.8,22.37,18.8,2.1,236,2019,7,Sat,TRUE,Summer,FALSE,Moderate
2019-07-14,MY1,6.77,19.98,29.76,16,3.2,141,2019,7,Sun,TRUE,Summer,FALSE,Good
2019-07-15,MY1,12.64,37.7,37.39,15.5,1.2,91,2019,7,Mon,FALSE,Summer,FALSE,Moderate
2019-07-16,MY1,13.55,21.32,30.04,16.3,3.9,204,2019,7,Tue,FALSE,Summer,FALSE,Moderate
2019-07-17,MY1,17.72,48.21,22.7,16.6,2.9,85,2019,7,Wed,FALSE,Summer,FALSE,Moderate
2019-07-18,MY1,11.44,35.2,32.4,15.8,8.2,242,2019,7,Thu,FALSE,Summer,FALSE,Moderate
2019-07-19,MY1,8.08,24.83,38.5,18.1,4.2,343,2019,7,Fri,FALSE,Summer,FALSE,Good
2019-07-20,MY1,14.92,35.25,40.95,17.9,3.4,232,2019,7,Sat,TRUE,Summer,FALSE,Moderate
2019-07-21,MY1,12.43,23.56,37.28,16.8,1.8,115,2019,7,Sun,TRUE,Summer,FALSE,Moderate
2019-07-22,MY1,14.93,33.55,28.27,16.5,1.7,121,2019,7,Mon,FALSE,Summer,FALSE,Moderate
2019-07-23,MY1,12.36,28.79,30.33,19.3,9,319,2019,7,Tue,FALSE,Summer,FALSE,Moderate
2019-07-24,MY1,8.53,29.14,28.55,15.5,1.8,205,2019,7,Wed,FALSE,Summer,FALSE,Good
2019-07-25,MY1,8.44,33.44,34.01,20.7,2.5,58,2019,7,Thu,FALSE,Summer,FALSE,Good
2019-07-26,MY1,14.32,35.59,32.17,17.7,7.9,201,2019,7,Fri,FALSE,Summer,FALSE,Moderate
2019-07-27,MY1,12.59,38.59,24.93,15.7,7.3,163,2019,7,Sat,TRUE,Summer,FALSE,Moderate
2019-07-28,MY1,8.91,25.47,38.99,19.5,2.6,13,2019,7,Sun,TRUE,Summer,FALSE,Good
2019-07-29,MY1,16.69,35.02,32.21,16.4,3.3,334,2019,7,Mon,FALSE,Summer,FALSE,Moderate
2019-07-30,MY1,16.64,43.55,27.36,15.4,5.7,312,2019,7,Tue,FALSE,Summer,FALSE,Moderate
2019-07-31,MY1,12.97,44.45,35.69,17.2,6.2,337,2019,7,Wed,FALSE,Summer,FALSE,Moderate
2019-08-01,MY1,12.7,44.23,17.45,15.5,3.5,49,2019,8,Thu,FALSE,Summer,FALSE,Moderate
2019-08-02,MY1,9.35,18.17,45.93,15.1,5.3,28,2019,8,Fri,FALSE,Summer,FALSE,Good
2019-08-03,MY1,7.24,10.26,48.48,17.1,4.1,321,2019,8,Sat,TRUE,Summer,FALSE,Good
2019-08-04,MY1,12.42,30.14,35.35,16.9,8.5,246,2019,8,Sun,TRUE,Summer,FALSE,Moderate
2019-08-05,MY1,15.29,34.92,33.69,11.4,2.8,293,2019,8,Mon,FALSE,Summer,FALSE,Moderate
2019-08-06,MY1,11.84,45.5,31.11,14.9,7.5,44,2019,8,Tue,FALSE,Summer,FALSE,Moderate
2019-08-07,MY1,15.28,60.48,33.73,16,5.1,65,2019,8,Wed,FALSE,Summer,FALSE,Moderate
2019-08-08,MY1,11.65,30.28,25.17,17.5,3.4,126,2019,8,Thu,FALSE,Summer,FALSE,Moderate
2019-08-09,MY1,19.76,39.25,21.82,12.2,4.7,269,2019,8,Fri,FALSE,Summer,FALSE,Moderate
2019-08-10,MY1,13.18,41.09,32.49,12.3,4.3,353,2019,8,Sat,TRUE,Summer,FALSE,Moderate
2019-08-11,MY1,7.24,16.07,36.8,16.7,9.4,260,2019,8,Sun,TRUE,Summer,FALSE,Good
2019-08-12,MY1,10.44,31.52,28.83,15.9,4.5,116,2019,8,Mon,FALSE,Summer,FALSE,Moderate
2019-08-13,MY1,13.48,30.36,39.47,17.9,3.5,62,2019,8,Tue,FALSE,Summer,FALSE,Moderate
2019-08-14,MY1,9.48,21.52,40.8,15,7.7,26,2019,8,Wed,FALSE,Summer,FALSE,Good
2019-08-15,MY1,14.24,38.4,33.14,19.4,4.3,211,2019,8,Thu,FALSE,Summer,FALSE,Moderate
2019-08-16,MY1,13.91,42.57,29.09,14.2,6.7,228,2019,8,Fri,FALSE,Summer,FALSE,Moderate
2019-08-17,MY1,9.01,27.2,40.96,11,3.8,281,2019,8,Sat,TRUE,Summer,FALSE,Good
2019-08-18,MY1,14.54,31.05,35.76,14.5,6.9,95,2019,8,Sun,TRUE,Summer,FALSE,Moderate
2019-08-19,MY1,12.23,31.08,26.2,11.4,2.9,335,2019,8,Mon,FALSE,Summer,FALSE,Moderate
2019-08-20,MY1,7.94,48.35,30.58,10.6,4.1,86,2019,8,Tue,FALSE,Summer,FALSE,Good
2019-08-21,MY1,12.43,21.4,49.24,13.2,3.3,229,2019,8,Wed,FALSE,Summer,FALSE,Moderate
2019-08-22,MY1,14.44,22.6,33.27,19.5,3.3,349,2019,8,Thu,FALSE,Summer,FALSE,Moderate
2019-08-23,MY1,17.09,44.15,31.39,12,3.6,83,2019,8,Fri,FALSE,Summer,FALSE,Moderate
2019-08-24,MY1,11.35,31.31,49.5,11.4,4.4,145,2019,8,Sat,TRUE,Summer,FALSE,Moderate
2019-08-25,MY1,14.1,46.51,25.12,16.5,5.3,60,2019,8,Sun,TRUE,Summer,FALSE,Moderate
2019-08-26,MY1,12.37,30.73,29.02,12.2,1.8,59,2019,8,Mon,FALSE,Summer,FALSE,Moderate
2019-08-27,MY1,12.57,31.62,37.14,14.8,5.9,196,2019,8,Tue,FALSE,Summer,FALSE,Moderate
2019-08-28,MY1,13.5,29.86,33.07,15.9,3.1,88,2019,8,Wed,FALSE,Summer,FALSE,Moderate
2019-08-29,MY1,15.01,46.08,43.47,13.4,5.3,35,2019,8,Thu,FALSE,Summer,FALSE,Moderate
2019-08-30,MY1,10.67,25.29,35.82,14.1,5.9,341,2019,8,Fri,FALSE,Summer,FALSE,Moderate
2019-08-31,MY1,12.94,38.94,38.21,11.9,7,187,2019,8,Sat,TRUE,Summer,FALSE,Moderate
2019-09-01,MY1,14.87,41.01,33.57,16.2,4.5,139,2019,9,Sun,TRUE,Autumn,FALSE,Moderate
2019-09-02,MY1,11.16,31.31,33.86,15,4.3,253,2019,9,Mon,FALSE,Autumn,FALSE,Moderate
2019-09-03,MY1,13.45,39.71,26.78,12.7,6.1,350,2019,9,Tue,FALSE,Autumn,FALSE,Moderate
2019-09-04,MY1,12.9,39.36,32.26,16.6,2,348,2019,9,Wed,FALSE,Autumn,FALSE,Moderate
2019-09-05,MY1,13.82,35.74,35.89,11.2,14.2,324,2019,9,Thu,FALSE,Autumn,FALSE,Moderate
2019-09-06,MY1,19.29,63.05,23.3,12.2,4.1,215,2019,9,Fri,FALSE,Autumn,FALSE,Moderate
2019-09-07,MY1,16.69,30.7,33.1,10.3,2.8,338,2019,9,Sat,TRUE,Autumn,FALSE,Moderate
2019-09-08,MY1,15.91,36.53,32.47,17.7,3.6,142,2019,9,Sun,TRUE,Autumn,FALSE,Moderate
2019-09-09,MY1,15.81,47.86,26.68,11.6,3.2,107,2019,9,Mon,FALSE,Autumn,FALSE,Moderate
2019-09-10,MY1,8.73,29.58,45.25,9.6,6.7,106,2019,9,Tue,FALSE,Autumn,FALSE,Good
2019-09-11,MY1,14.98,41.98,30.64,10,8.3,219,2019,9,Wed,FALSE,Autumn,FALSE,Moderate
2019-09-12,MY1,18.61,51.57,28.51,12.3,2.9,282,2019,9,Thu,FALSE,Autumn,FALSE,Moderate
2019-09-13,MY1,19.49,62.31,28.07,8.8,12.6,165,2019,9,Fri,FALSE,Autumn,FALSE,Moderate
2019-09-14,MY1,10.87,16.95,44.37,13,1.8,118,2019,9,Sat,TRUE,Autumn,FALSE,Moderate
2019-09-15,MY1,13.79,39.61,22.89,9.3,10.4,68,2019,9,Sun,TRUE,Autumn,FALSE,Moderate
2019-09-16,MY1,15.51,53.15,28.13,10.9,3.3,303,2019,9,Mon,FALSE,Autumn,FALSE,Moderate
2019-09-17,MY1,17.27,41.98,33.97,8.7,3.5,124,2019,9,Tue,FALSE,Autumn,FALSE,Moderate
2019-09-18,MY1,11.99,36.93,40.01,11.7,9.5,165,2019,9,Wed,FALSE,Autumn,FALSE,Moderate
2019-09-19,MY1,15.39,55.52,26.12,10.9,6,84,2019,9,Thu,FALSE,Autumn,FALSE,Moderate
2019-09-20,MY1,11.41,22.17,38.55,12.2,2.6,174,2019,9,Fri,FALSE,Autumn,FALSE,Moderate
2019-09-21,MY1,8.62,22.57,39.01,9.6,4.9,108,2019,9,Sat,TRUE,Autumn,FALSE,Good
2019-09-22,MY1,11.09,49.56,32.49,12.2,6.8,292,2019,9,Sun,TRUE,Autumn,FALSE,Moderate
2019-09-23,MY1,16.72,50.56,36.99,12.8,5.2,122,2019,9,Mon,FALSE,Autumn,FALSE,Moderate
2019-09-24,MY1,12.31,31.67,35.18,7,3.6,38,2019,9,Tue,FALSE,Autumn,FALSE,Moderate
2019-09-25,MY1,15.16,43.61,40.76,11.1,5.1,250,2019,9,Wed,FALSE,Autumn,FALSE,Moderate
2019-09-26,MY1,14.27,41.75,21.94,8.6,3.4,116,2019,9,Thu,FALSE,Autumn,FALSE,Moderate
2019-09-27,MY1,15.83,49.69,35.16,7.2,3.6,315,2019,9,Fri,FALSE,Autumn,FALSE,Moderate
2019-09-28,MY1,15.18,40.15,34.42,6.6,4.1,106,2019,9,Sat,TRUE,Autumn,FALSE,Moderate
2019-09-29,MY1,14.73,36.34,29.98,5.6,2.6,333,2019,9,Sun,TRUE,Autumn,FALSE,Moderate
2019-09-30,MY1,17.02,49.46,25.32,8.3,3.2,356,2019,9,Mon,FALSE,Autumn,FALSE,Moderate
2019-10-01,MY1,17.58,51.36,23.88,12.4,2.4,95,2019,10,Tue,FALSE,Autumn,FALSE,Moderate
2019-10-02,MY1,13.28,36.22,32.54,6.6,3.7,13,2019,10,Wed,FALSE,Autumn,FALSE,Moderate
2019-10-03,MY1,20.11,50.5,28.21,9.7,4.3,322,2019,10,Thu,FALSE,Autumn,FALSE,Unhealthy (sensitive)
2019-10-04,MY1,17.92,49.83,36.75,7.7,3.4,321,2019,10,Fri,FALSE,Autumn,FALSE,Moderate
2019-10-05,MY1,11.55,20.25,29.06,7.2,3.3,59,2019,10,Sat,TRUE,Autumn,FALSE,Moderate
2019-10-06,MY1,14.27,37.78,44.34,6.2,7,163,2019,10,Sun,TRUE,Autumn,FALSE,Moderate
2019-10-07,MY1,19.29,60.87,36.01,8.1,9.2,79,2019,10,Mon,FALSE,Autumn,FALSE,Moderate
2019-10-08,MY1,18.42,47.81,27.09,6.8,2.9,127,2019,10,Tue,FALSE,Autumn,FALSE,Moderate
2019-10-09,MY1,21.73,63.63,29.71,8.3,7.8,336,2019,10,Wed,FALSE,Autumn,FALSE,Unhealthy (sensitive)
2019-10-10,MY1,15.82,43.53,28.01,7.2,4.1,283,2019,10,Thu,FALSE,Autumn,FALSE,Moderate
2019-10-11,MY1,18.08,66.15,24.13,10.1,3.5,354,2019,10,Fri,FALSE,Autumn,FALSE,Moderate
2019-10-12,MY1,17.81,46.15,36.7,8.6,1.9,335,2019,10,Sat,TRUE,Autumn,FALSE,Moderate
2019-10-13,MY1,16.02,53.27,27.44,6,2.5,164,2019,10,Sun,TRUE,Autumn,FALSE,Moderate
2019-10-14,MY1,22.14,75.86,22.57,11.5,4.3,101,2019,10,Mon,FALSE,Autumn,FALSE,Unhealthy (sensitive)
2019-10-15,MY1,22.54,73.84,23.01,6.3,4,88,2019,10,Tue,FALSE,Autumn,FALSE,Unhealthy (sensitive)
2019-10-16,MY1,18.79,37.36,24.56,6.2,3.9,344,2019,10,Wed,FALSE,Autumn,FALSE,Moderate
2019-10-17,MY1,17.99,51.26,32.33,3.8,2.9,85,2019,10,Thu,FALSE,Autumn,FALSE,Moderate
2019-10-18,MY1,20.14,71.18,19.91,2.2,8.4,326,2019,10,Fri,FALSE,Autumn,FALSE,Unhealthy (sensitive)
2019-10-19,MY1,14.94,38.43,44.59,6.7,7.7,294,2019,10,Sat,TRUE,Autumn,FALSE,Moderate
2019-10-20,MY1,16.09,49.76,33.57,3.4,8.4,239,2019,10,Sun,TRUE,Autumn,FALSE,Moderate
2019-10-21,MY1,16.3,51.62,33.12,4.6,3.7,12,2019,10,Mon,FALSE,Autumn,FALSE,Moderate
2019-10-22,MY1,16.85,49.51,17.39,4,2.3,144,2019,10,Tue,FALSE,Autumn,FALSE,Moderate
2019-10-23,MY1,19.89,59.27,23.69,5.2,4,190,2019,10,Wed,FALSE,Autumn,FALSE,Moderate
2019-10-24,MY1,22.99,74.46,22.32,4.8,3.5,93,2019,10,Thu,FALSE,Autumn,FALSE,Unhealthy (sensitive)
2019-10-25,MY1,22.61,52.78,23.52,8.7,4,314,2019,10,Fri,FALSE,Autumn,FALSE,Unhealthy (sensitive)
2019-10-26,MY1,19.89,45.4,24.22,7.4,4.4,13,2019,10,Sat,TRUE,Autumn,FALSE,Moderate
2019-10-27,MY1,15.69,50.23,30.57,4.9,6.7,191,2019,10,Sun,TRUE,Autumn,FALSE,Moderate
2019-10-28,MY1,20.26,50.42,41.71,5.4,4.6,322,2019,10,Mon,FALSE,Autumn,FALSE,Unhealthy (sensitive)
2019-10-29,MY1,22.04,60.41,18.94,3,7.8,115,2019,10,Tue,FALSE,Autumn,FALSE,Unhealthy (sensitive)
2019-10-30,MY1,20.49,57.18,17.37,2.3,2.2,358,2019,10,Wed,FALSE,Autumn,FALSE,Unhealthy (sensitive)
2019-10-31,MY1,16.6,48.78,29.95,4.9,5.3,181,2019,10,Thu,FALSE,Autumn,FALSE,Moderate
2019-11-01,MY1,16.67,40.95,30.89,7,3.5,116,2019,11,Fri,FALSE,Autumn,FALSE,Moderate
2019-11-02,MY1,13.78,49.08,27.32,5,2.7,120,2019,11,Sat,TRUE,Autumn,FALSE,Moderate
2019-11-03,MY1,13.94,46.71,29.63,4.9,6,82,2019,11,Sun,TRUE,Autumn,FALSE,Moderate
2019-11-04,MY1,20.96,65.96,25.73,2.9,3.2,166,2019,11,Mon,FALSE,Autumn,FALSE,Unhealthy (sensitive)
2019-11-05,MY1,16.29,48.62,31.72,7.2,4.3,160,2019,11,Tue,FALSE,Autumn,FALSE,Moderate
2019-11-06,MY1,23.32,73.77,21.73,2.9,8.6,80,2019,11,Wed,FALSE,Autumn,FALSE,Unhealthy (sensitive)
2019-11-07,MY1,19.25,42.92,32.36,5.4,4.1,286,2019,11,Thu,FALSE,Autumn,FALSE,Moderate
2019-11-08,MY1,15.41,27.26,27.82,-0.7,4,317,2019,11,Fri,FALSE,Autumn,FALSE,Moderate
2019-11-09,MY1,17.63,51.04,26.04,2.2,4.2,306,2019,11,Sat,TRUE,Autumn,FALSE,Moderate
2019-11-10,MY1,19.81,56.94,27.07,6.2,6.6,120,2019,11,Sun,TRUE,Autumn,FALSE,Moderate
2019-11-11,MY1,19.56,47.91,26.09,5.6,9,35,2019,11,Mon,FALSE,Autumn,FALSE,Moderate
2019-11-12,MY1,19.94,57.34,26.11,2.2,4.3,316,2019,11,Tue,FALSE,Autumn,FALSE,Moderate
2019-11-13,MY1,23.05,68,27.81,2.3,1.6,268,2019,11,Wed,FALSE,Autumn,FALSE,Unhealthy (sensitive)
2019-11-14,MY1,22.61,63.67,28.06,5.4,4.1,59,2019,11,Thu,FALSE,Autumn,FALSE,Unhealthy (sensitive)
2019-11-15,MY1,18.92,56,35.37,1,5.2,159,2019,11,Fri,FALSE,Autumn,FALSE,Moderate
2019-11-16,MY1,12.49,47,38.91,5.7,3.7,259,2019,11,Sat,TRUE,Autumn,FALSE,Moderate
2019-11-17,MY1,20.65,71.4,26.8,-2.5,3.3,245,2019,11,Sun,TRUE,Autumn,FALSE,Unhealthy (sensitive)
2019-11-18,MY1,22.44,81.78,25.71,3,4.6,107,2019,11,Mon,FALSE,Autumn,FALSE,Unhealthy (sensitive)
2019-11-19,MY1,19.06,38.81,33.95,3,2.8,242,2019,11,Tue,FALSE,Autumn,FALSE,Moderate
2019-11-20,MY1,21.37,58.31,19.22,3.7,10.2,123,2019,11,Wed,FALSE,Autumn,FALSE,Unhealthy (sensitive)
2019-11-21,MY1,18.34,60.82,20.93,1.1,7.5,122,2019,11,Thu,FALSE,Autumn,FALSE,Moderate
2019-11-22,MY1,19.84,62.09,34.04,4,3.6,328,2019,11,Fri,FALSE,Autumn,FALSE,Moderate
2019-11-23,MY1,18.9,56.07,39.4,3.5,2.1,20,2019,11,Sat,TRUE,Autumn,FALSE,Moderate
2019-11-24,MY1,22.04,61.59,25.72,0.5,3.4,244,2019,11,Sun,TRUE,Autumn,FALSE,Unhealthy (sensitive)
2019-11-25,MY1,22.4,48.23,25.85,5.4,7.2,278,2019,11,Mon,FALSE,Autumn,FALSE,Unhealthy (sensitive)
2019-11-26,MY1,21.6,62.08,27.07,1.2,7.9,21,2019,11,Tue,FALSE,Autumn,FALSE,Unhealthy (sensitive)
2019-11-27,MY1,21.93,62.94,24.28,4.2,4.1,282,2019,11,Wed,FALSE,Autumn,FALSE,Unhealthy (sensitive)
2019-11-28,MY1,26.03,73.23,21.87,1.6,1.7,142,2019,11,Thu,FALSE,Autumn,FALSE,Unhealthy
2019-11-29,MY1,20.01,68.34,27.67,2.4,2.8,327,2019,11,Fri,FALSE,Autumn,FALSE,Unhealthy (sensitive)
2019-11-30,MY1,26.25,71.66,13.94,0.4,1.7,11,2019,11,Sat,TRUE,Autumn,FALSE,Unhealthy
2019-12-01,MY1,20.46,54.97,30.71,5.9,7.2,276,2019,12,Sun,TRUE,Winter,FALSE,Unhealthy (sensitive)
2019-12-02,MY1,18.23,44.65,29.44,3.9,2.1,323,2019,12,Mon,FALSE,Winter,FALSE,Moderate
2019-12-03,MY1,25.01,67.45,30.4,1.2,3.1,33,2019,12,Tue,FALSE,Winter,FALSE,Unhealthy
2019-12-04,MY1,25.8,81.96,20.57,0.4,2.2,173,2019,12,Wed,FALSE,Winter,FALSE,Unhealthy
2019-12-05,MY1,23.68,68.28,32.3,2.3,3.5,144,2019,12,Thu,FALSE,Winter,FALSE,Unhealthy (sensitive)
2019-12-06,MY1,29.52,77.27,20.52,1.6,1.4,6,2019,12,Fri,FALSE,Winter,FALSE,Unhealthy
2019-12-07,MY1,20.42,47.01,38.63,2.5,3.1,336,2019,12,Sat,TRUE,Winter,FALSE,Unhealthy (sensitive)
2019-12-08,MY1,19.67,44.77,32.57,0.7,5.6,17,2019,12,Sun,TRUE,Winter,FALSE,Moderate
2019-12-09,MY1,21.66,62.37,29.34,3.7,2.6,172,2019,12,Mon,FALSE,Winter,FALSE,Unhealthy (sensitive)
2019-12-10,MY1,22.56,66.9,17.75,2.1,2.2,354,2019,12,Tue,FALSE,Winter,FALSE,Unhealthy (sensitive)
2019-12-11,MY1,28.46,84.17,15.25,2.5,4.3,118,2019,12,Wed,FALSE,Winter,FALSE,Unhealthy
2019-12-12,MY1,25.31,68.43,21.46,4.2,4.8,134,2019,12,Thu,FALSE,Winter,FALSE,Unhealthy
2019-12-13,MY1,28.12,69.47,22.05,1.2,4.3,82,2019,12,Fri,FALSE,Winter,FALSE,Unhealthy
2019-12-14,MY1,21.81,73.62,23.74,5.2,2.3,156,2019,12,Sat,TRUE,Winter,FALSE,Unhealthy (sensitive)
2019-12-15,MY1,20.32,40.73,40.44,5.1,4.1,193,2019,12,Sun,TRUE,Winter,FALSE,Unhealthy (sensitive)
2019-12-16,MY1,22.56,71.55,14.63,7,8.4,340,2019,12,Mon,FALSE,Winter,FALSE,Unhealthy (sensitive)
2019-12-17,MY1,24.6,76.79,26.51,1.2,4.9,337,2019,12,Tue,FALSE,Winter,FALSE,Unhealthy (sensitive)
2019-12-18,MY1,17.96,56.2,30.31,4.5,5.1,299,2019,12,Wed,FALSE,Winter,FALSE,Moderate
2019-12-19,MY1,22.4,64.75,24.47,7.9,3.2,56,2019,12,Thu,FALSE,Winter,FALSE,Unhealthy (sensitive)
2019-12-20,MY1,23.99,59.37,21.06,3.6,3,266,2019,12,Fri,FALSE,Winter,FALSE,Unhealthy (sensitive)
2019-12-21,MY1,25.72,70.52,33.22,-0.1,1.8,82,2019,12,Sat,TRUE,Winter,FALSE,Unhealthy
2019-12-22,MY1,20.61,55.85,18.38,0.7,3.5,293,2019,12,Sun,TRUE,Winter,FALSE,Unhealthy (sensitive)
2019-12-23,MY1,20.56,59.6,20.86,4.7,7.8,134,2019,12,Mon,FALSE,Winter,FALSE,Unhealthy (sensitive)
2019-12-24,MY1,19.02,56.92,28.19,2.8,3.4,157,2019,12,Tue,FALSE,Winter,FALSE,Moderate
2019-12-25,MY1,24.35,76.23,28.11,0.5,4.1,310,2019,12,Wed,FALSE,Winter,FALSE,Unhealthy (sensitive)
2019-12-26,MY1,21.16,68.98,14.89,3.7,7.5,252,2019,12,Thu,FALSE,Winter,FALSE,Unhealthy (sensitive)
2019-12-27,MY1,16.81,42.55,30.06,0.6,6.3,288,2019,12,Fri,FALSE,Winter,FALSE,Moderate
2019-12-28,MY1,17.5,50.67,26.85,4.9,5.4,307,2019,12,Sat,TRUE,Winter,FALSE,Moderate
2019-12-29,MY1,18.86,42.6,32.26,2.4,1.2,329,2019,12,Sun,TRUE,Winter,FALSE,Moderate
2019-12-30,MY1,20.42,43.07,35.3,-0.9,2.3,127,2019,12,Mon,FALSE,Winter,FALSE,Unhealthy (sensitive)
2019-12-31,MY1,20.14,60.48,24.26,1.1,4,20,2019,12,Tue,FALSE,Winter,FALSE,Unhealthy (sensitive)
2020-01-01,MY1,20.59,67.2,24.87,4.1,3.4,344,2020,1,Wed,FALSE,Winter,FALSE,Unhealthy (sensitive)
2020-01-02,MY1,17.48,34.64,35.84,1.5,2.4,63,2020,1,Thu,FALSE,Winter,FALSE,Moderate
2020-01-03,MY1,19.66,58,28.63,-1.2,8.7,318,2020,1,Fri,FALSE,Winter,FALSE,Moderate
2020-01-04,MY1,18.39,54.79,36.43,1.5,6.2,265,2020,1,Sat,TRUE,Winter,FALSE,Moderate
2020-01-05,MY1,23.26,53.1,33.65,3.9,2.4,81,2020,1,Sun,TRUE,Winter,FALSE,Unhealthy (sensitive)
2020-01-06,MY1,21.08,64.44,32.02,4.4,7.6,294,2020,1,Mon,FALSE,Winter,FALSE,Unhealthy (sensitive)
2020-01-07,MY1,18.02,58.2,16.06,2.3,8.4,106,2020,1,Tue,FALSE,Winter,FALSE,Moderate
2020-01-08,MY1,24.55,67.58,29.07,2.6,3.4,112,2020,1,Wed,FALSE,Winter,FALSE,Unhealthy (sensitive)
2020-01-09,MY1,17.63,43.54,41.4,-1.3,7.8,41,2020,1,Thu,FALSE,Winter,FALSE,Moderate
2020-01-10,MY1,19.45,49.58,30.12,3.6,3.4,58,2020,1,Fri,FALSE,Winter,FALSE,Moderate
2020-01-11,MY1,14.64,48.68,33.23,6.6,4.6,319,2020,1,Sat,TRUE,Winter,FALSE,Moderate
2020-01-12,MY1,22.53,66.81,25.75,3.7,2.8,240,2020,1,Sun,TRUE,Winter,FALSE,Unhealthy (sensitive)
2020-01-13,MY1,20.88,59.97,25.72,1.8,4,163,2020,1,Mon,FALSE,Winter,FALSE,Unhealthy (sensitive)
2020-01-14,MY1,17.06,43.07,18.66,1,3.4,93,2020,1,Tue,FALSE,Winter,FALSE,Moderate
2020-01-15,MY1,22.05,84.11,15.94,3.5,3.9,48,2020,1,Wed,FALSE,Winter,FALSE,Unhealthy (sensitive)
2020-01-16,MY1,19.26,40.82,37.06,4.2,6.2,20,2020,1,Thu,FALSE,Winter,FALSE,Moderate
2020-01-17,MY1,24.65,68.31,31.15,1,1.3,338,2020,1,Fri,FALSE,Winter,FALSE,Unhealthy (sensitive)
2020-01-18,MY1,23.62,74.75,19.17,2.4,2.7,192,2020,1,Sat,TRUE,Winter,FALSE,Unhealthy (sensitive)
2020-01-19,MY1,18.61,55.26,23.54,1.7,4.3,158,2020,1,Sun,TRUE,Winter,FALSE,Moderate
2020-01-20,MY1,17.82,50.95,33.29,3.1,4.7,355,2020,1,Mon,FALSE,Winter,FALSE,Moderate
2020-01-21,MY1,23.92,69.75,24.4,2.4,6.1,163,2020,1,Tue,FALSE,Winter,FALSE,Unhealthy (sensitive)
2020-01-22,MY1,15.83,50.43,43.92,2.6,10.9,345,2020,1,Wed,FALSE,Winter,FALSE,Moderate
2020-01-23,MY1,21.85,77.64,19.28,1.4,3.7,201,2020,1,Thu,FALSE,Winter,FALSE,Unhealthy (sensitive)
2020-01-24,MY1,24.29,70.39,25.84,5.2,4.9,323,2020,1,Fri,FALSE,Winter,FALSE,Unhealthy (sensitive)
2020-01-25,MY1,14.97,52.26,22.44,4.5,4.6,196,2020,1,Sat,TRUE,Winter,FALSE,Moderate
2020-01-26,MY1,24.23,79.9,24.81,6.9,3,354,2020,1,Sun,TRUE,Winter,FALSE,Unhealthy (sensitive)
2020-01-27,MY1,21.48,58.07,25.67,6.3,6,115,2020,1,Mon,FALSE,Winter,FALSE,Unhealthy (sensitive)
2020-01-28,MY1,22.64,63.86,29.16,3.1,2,185,2020,1,Tue,FALSE,Winter,FALSE,Unhealthy (sensitive)
2020-01-29,MY1,22.08,65.22,26.63,5.9,1.7,24,2020,1,Wed,FALSE,Winter,FALSE,Unhealthy (sensitive)
2020-01-30,MY1,23.01,47.36,36.18,6.2,3.2,326,2020,1,Thu,FALSE,Winter,FALSE,Unhealthy (sensitive)
2020-01-31,MY1,18.41,51.12,36.19,6.1,5.7,90,2020,1,Fri,FALSE,Winter,FALSE,Moderate
2020-02-01,MY1,16.12,46.32,31.41,3.7,2.7,75,2020,2,Sat,TRUE,Winter,FALSE,Moderate
2020-02-02,MY1,28.86,95.25,9.88,-0.4,8.3,319,2020,2,Sun,TRUE,Winter,FALSE,Unhealthy
2020-02-03,MY1,29.31,79.52,18.27,4.5,2.5,112,2020,2,Mon,FALSE,Winter,FALSE,Unhealthy
2020-02-04,MY1,24.53,85.46,13.58,4.9,5.2,212,2020,2,Tue,FALSE,Winter,FALSE,Unhealthy (sensitive)
2020-02-05,MY1,19.45,66.4,29.52,6.8,2.2,318,2020,2,Wed,FALSE,Winter,FALSE,Moderate
2020-02-06,MY1,23.37,74.44,40.95,5.1,11,89,2020,2,Thu,FALSE,Winter,FALSE,Unhealthy (sensitive)
2020-02-07,MY1,19.81,53.53,25.81,3.3,3.1,100,2020,2,Fri,FALSE,Winter,FALSE,Moderate
2020-02-08,MY1,24.06,73.18,18.4,5.1,6.3,250,2020,2,Sat,TRUE,Winter,FALSE,Unhealthy (sensitive)
2020-02-09,MY1,23.62,70.19,32.75,2.7,3.2,80,2020,2,Sun,TRUE,Winter,FALSE,Unhealthy (sensitive)
2020-02-10,MY1,19.42,60.3,23.56,3.7,2.8,40,2020,2,Mon,FALSE,Winter,FALSE,Moderate
2020-02-11,MY1,22.2,70.79,25.98,5.3,2.1,127,2020,2,Tue,FALSE,Winter,FALSE,Unhealthy (sensitive)
2020-02-12,MY1,18.25,30.95,26.23,8.7,8.2,178,2020,2,Wed,FALSE,Winter,FALSE,Moderate
2020-02-13,MY1,17.31,36.3,28.41,5.7,2.5,250,2020,2,Thu,FALSE,Winter,FALSE,Moderate
2020-02-14,MY1,24.15,65.66,25.7,3.9,4.5,230,2020,2,Fri,FALSE,Winter,FALSE,Unhealthy (sensitive)
2020-02-15,MY1,21.4,56.55,19.42,4.8,1.9,235,2020,2,Sat,TRUE,Winter,FALSE,Unhealthy (sensitive)
2020-02-16,MY1,15.77,39.74,29.19,5.5,10.5,162,2020,2,Sun,TRUE,Winter,FALSE,Moderate
2020-02-17,MY1,27.69,74.41,35.37,5.6,2.8,255,2020,2,Mon,FALSE,Winter,FALSE,Unhealthy
2020-02-18,MY1,20.17,53.84,23.87,6.5,9,306,2020,2,Tue,FALSE,Winter,FALSE,Unhealthy (sensitive)
2020-02-19,MY1,20.69,63.27,27.43,8.2,3.7,223,2020,2,Wed,FALSE,Winter,FALSE,Unhealthy (sensitive)
2020-02-20,MY1,17.87,58.47,23.38,8.1,4.6,77,2020,2,Thu,FALSE,Winter,FALSE,Moderate
2020-02-21,MY1,25.01,70.74,23.87,9.9,3.4,116,2020,2,Fri,FALSE,Winter,FALSE,Unhealthy
2020-02-22,MY1,20.84,58.86,37.18,7.2,3.8,338,2020,2,Sat,TRUE,Winter,FALSE,Unhealthy (sensitive)
2020-02-23,MY1,13.33,43.92,33.21,7.5,3.5,34,2020,2,Sun,TRUE,Winter,FALSE,Moderate
2020-02-24,MY1,17.54,47.59,33.37,7.5,6.6,103,2020,2,Mon,FALSE,Winter,FALSE,Moderate
2020-02-25,MY1,19.78,60.49,19.02,4.1,4.4,318,2020,2,Tue,FALSE,Winter,FALSE,Moderate
2020-02-26,MY1,17.36,33.13,38.55,6.5,3.2,120,2020,2,Wed,FALSE,Winter,FALSE,Moderate
2020-02-27,MY1,18.17,57.44,29.95,8.8,4.3,75,2020,2,Thu,FALSE,Winter,FALSE,Moderate
2020-02-28,MY1,19.74,56.65,31.41,8.9,3.7,89,2020,2,Fri,FALSE,Winter,FALSE,Moderate
2020-02-29,MY1,13.36,39.1,30.34,6.8,2.7,261,2020,2,Sat,TRUE,Winter,FALSE,Moderate
2020-03-01,MY1,15.11,45.06,34.27,6.6,4.6,268,2020,3,Sun,TRUE,Spring,FALSE,Moderate
2020-03-02,MY1,16.67,41.17,44.5,7.6,3.2,73,2020,3,Mon,FALSE,Spring,FALSE,Moderate
2020-03-03,MY1,21.73,68.31,36.23,6.5,7.6,73,2020,3,Tue,FALSE,Spring,FALSE,Unhealthy (sensitive)
2020-03-04,MY1,19.26,62.45,22.07,5.6,6,5,2020,3,Wed,FALSE,Spring,FALSE,Moderate
2020-03-05,MY1,19.42,45.03,35.64,7.4,2.2,226,2020,3,Thu,FALSE,Spring,FALSE,Moderate
2020-03-06,MY1,23.47,56.63,22.9,6.4,2.6,267,2020,3,Fri,FALSE,Spring,FALSE,Unhealthy (sensitive)
2020-03-07,MY1,12.1,31.58,40.58,10.4,6.4,80,2020,3,Sat,TRUE,Spring,FALSE,Moderate
2020-03-08,MY1,18.22,50.92,26.6,8.1,3.8,100,2020,3,Sun,TRUE,Spring,FALSE,Moderate
2020-03-09,MY1,19.37,58.74,32.01,7.3,6,57,2020,3,Mon,FALSE,Spring,FALSE,Moderate
2020-03-10,MY1,17.98,53.31,31.52,12.1,3.5,178,2020,3,Tue,FALSE,Spring,FALSE,Moderate
2020-03-11,MY1,16.17,41.32,31.13,8.1,2.4,288,2020,3,Wed,FALSE,Spring,FALSE,Moderate
2020-03-12,MY1,20,60.05,30.02,11.9,6.5,0,2020,3,Thu,FALSE,Spring,FALSE,Moderate
2020-03-13,MY1,20.13,45.69,27.69,5.5,5,327,2020,3,Fri,FALSE,Spring,FALSE,Unhealthy (sensitive)
2020-03-14,MY1,18.64,58.95,25.53,9.4,6.4,322,2020,3,Sat,TRUE,Spring,FALSE,Moderate
2020-03-15,MY1,19.6,58.71,25.37,7.8,4,75,2020,3,Sun,TRUE,Spring,FALSE,Moderate
2020-03-16,MY1,7.95,12.56,38.56,8.7,4.4,336,2020,3,Mon,FALSE,Spring,FALSE,Good
2020-03-17,MY1,21.17,75.28,26.31,11.5,2.2,13,2020,3,Tue,FALSE,Spring,FALSE,Unhealthy (sensitive)
2020-03-18,MY1,19.63,62.81,24.92,10.2,10,265,2020,3,Wed,FALSE,Spring,FALSE,Moderate
2020-03-19,MY1,18.75,47.32,30.31,11.2,6.9,244,2020,3,Thu,FALSE,Spring,FALSE,Moderate
2020-03-20,MY1,17.49,53.2,28.98,10.9,3.2,123,2020,3,Fri,FALSE,Spring,FALSE,Moderate
2020-03-21,MY1,17.79,57.86,21.94,11.5,4.8,252,2020,3,Sat,TRUE,Spring,FALSE,Moderate
2020-03-22,MY1,19.34,60.53,23.5,8.8,10.2,35,2020,3,Sun,TRUE,Spring,FALSE,Moderate
2020-03-23,MY1,16.84,48.84,29.63,10.9,1.8,96,2020,3,Mon,FALSE,Spring,FALSE,Moderate
2020-03-24,MY1,20,51.15,29.9,11.1,2.3,291,2020,3,Tue,FALSE,Spring,FALSE,Moderate
2020-03-25,MY1,16.41,65.12,36.32,12.2,2.7,301,2020,3,Wed,FALSE,Spring,FALSE,Moderate
2020-03-26,MY1,18.93,47.99,41.38,11.2,8,223,2020,3,Thu,FALSE,Spring,FALSE,Moderate
2020-03-27,MY1,18.19,47.26,30.89,14.3,3.8,329,2020,3,Fri,FALSE,Spring,FALSE,Moderate
2020-03-28,MY1,23.4,67.83,31.61,7.4,8.4,327,2020,3,Sat,TRUE,Spring,FALSE,Unhealthy (sensitive)
2020-03-29,MY1,13.55,32.09,33.68,10.9,4.5,159,2020,3,Sun,TRUE,Spring,FALSE,Moderate
2020-03-30,MY1,17.44,65.6,25.75,12,2.3,192,2020,3,Mon,FALSE,Spring,FALSE,Moderate
2020-03-31,MY1,12.93,43.47,33.02,7.9,3.7,283,2020,3,Tue,FALSE,Spring,FALSE,Moderate
2020-04-01,MY1,20.23,50.13,33.63,12.7,2.4,296,2020,4,Wed,FALSE,Spring,FALSE,Unhealthy (sensitive)
2020-04-02,MY1,18.32,48.7,40.21,10.2,9.3,59,2020,4,Thu,FALSE,Spring,FALSE,Moderate
2020-04-03,MY1,13.26,31.42,47.28,13,4.1,196,2020,4,Fri,FALSE,Spring,FALSE,Moderate
2020-04-04,MY1,15.51,47.51,21.35,13.3,2.9,311,2020,4,Sat,TRUE,Spring,FALSE,Moderate
2020-04-05,MY1,14.88,43.57,30.43,9.3,3.4,96,2020,4,Sun,TRUE,Spring,FALSE,Moderate
2020-04-06,MY1,15.71,42.25,21.11,17.3,10.9,210,2020,4,Mon,FALSE,Spring,FALSE,Moderate
2020-04-07,MY1,16.67,55.1,33.76,12.2,4.1,37,2020,4,Tue,FALSE,Spring,FALSE,Moderate
2020-04-08,MY1,21.89,66.72,23.46,9.6,6.2,291,2020,4,Wed,FALSE,Spring,FALSE,Unhealthy (sensitive)
2020-04-09,MY1,12.78,37.5,36.24,14.7,6,340,2020,4,Thu,FALSE,Spring,FALSE,Moderate
2020-04-10,MY1,16.97,46.81,22.08,14,6.7,299,2020,4,Fri,FALSE,Spring,FALSE,Moderate
2020-04-11,MY1,9.79,23.25,36.54,15.9,3.8,58,2020,4,Sat,TRUE,Spring,FALSE,Good
2020-04-12,MY1,21.28,60.19,21.37,13.3,3.1,292,2020,4,Sun,TRUE,Spring,FALSE,Unhealthy (sensitive)
2020-04-13,MY1,16.39,45.79,31.66,13.7,3.1,77,2020,4,Mon,FALSE,Spring,FALSE,Moderate
2020-04-14,MY1,13.9,31.66,34.76,14.2,2.7,72,2020,4,Tue,FALSE,Spring,FALSE,Moderate
2020-04-15,MY1,19.18,50.6,25.31,14.4,5.3,145,2020,4,Wed,FALSE,Spring,FALSE,Moderate
2020-04-16,MY1,21.47,65.19,14.81,16.2,10,155,2020,4,Thu,FALSE,Spring,FALSE,Unhealthy (sensitive)
2020-04-17,MY1,13.52,39.09,44.72,12.4,6.9,208,2020,4,Fri,FALSE,Spring,FALSE,Moderate
2020-04-18,MY1,12.11,36.77,26.54,11.5,3.4,184,2020,4,Sat,TRUE,Spring,FALSE,Moderate
2020-04-19,MY1,15.46,37.34,24.37,9.2,3.9,126,2020,4,Sun,TRUE,Spring,FALSE,Moderate
2020-04-20,MY1,16.43,38.46,34.69,16.8,4.8,47,2020,4,Mon,FALSE,Spring,FALSE,Moderate
2020-04-21,MY1,20.01,37.74,28.65,12.4,2,200,2020,4,Tue,FALSE,Spring,FALSE,Unhealthy (sensitive)
2020-04-22,MY1,23.1,62.1,22.52,18.2,3,14,2020,4,Wed,FALSE,Spring,FALSE,Unhealthy (sensitive)
2020-04-23,MY1,18.36,44.12,30.77,14,9.6,82,2020,4,Thu,FALSE,Spring,FALSE,Moderate
2020-04-24,MY1,16.33,47.04,34.62,14,5.9,21,2020,4,Fri,FALSE,Spring,FALSE,Moderate
2020-04-25,MY1,13.5,35.84,35.55,18.6,5.4,73,2020,4,Sat,TRUE,Spring,FALSE,Moderate
2020-04-26,MY1,12.44,32.43,39.07,14.1,7.5,55,2020,4,Sun,TRUE,Spring,FALSE,Moderate
2020-04-27,MY1,14,39.72,36.92,14.3,3.9,175,2020,4,Mon,FALSE,Spring,FALSE,Moderate
2020-04-28,MY1,18.31,56.15,27.24,11.3,2.7,29,2020,4,Tue,FALSE,Spring,FALSE,Moderate
2020-04-29,MY1,13.78,50.59,28.77,14.2,4.7,58,2020,4,Wed,FALSE,Spring,FALSE,Moderate
2020-04-30,MY1,19.36,42.1,23.09,14.2,4,356,2020,4,Thu,FALSE,Spring,FALSE,Moderate
2020-05-01,MY1,22.28,50.55,21.05,14.5,2.2,254,2020,5,Fri,FALSE,Spring,FALSE,Unhealthy (sensitive)
2020-05-02,MY1,11.12,36.12,48.09,15.7,4.7,11,2020,5,Sat,TRUE,Spring,FALSE,Moderate
2020-05-03,MY1,8.32,27.46,31.46,18.2,2,207,2020,5,Sun,TRUE,Spring,FALSE,Good
2020-05-04,MY1,10.59,25.78,40.69,15.3,4.3,266,2020,5,Mon,FALSE,Spring,FALSE,Moderate
2020-05-05,MY1,16.99,42.95,27.43,14.9,4.2,257,2020,5,Tue,FALSE,Spring,FALSE,Moderate
2020-05-06,MY1,11.54,48.41,24.29,15.8,3.3,293,2020,5,Wed,FALSE,Spring,FALSE,Moderate
2020-05-07,MY1,12.36,33.39,37.1,18.4,2.5,42,2020,5,Thu,FALSE,Spring,FALSE,Moderate
2020-05-08,MY1,17.77,58.26,27.78,19,5.6,56,2020,5,Fri,FALSE,Spring,FALSE,Moderate
2020-05-09,MY1,11.34,27.93,24.73,16.4,3,150,2020,5,Sat,TRUE,Spring,FALSE,Moderate
2020-05-10,MY1,13.62,30.68,37.65,14.5,7.2,88,2020,5,Sun,TRUE,Spring,FALSE,Moderate
2020-05-11,MY1,16.86,49.73,28.22,20.2,2.5,213,2020,5,Mon,FALSE,Spring,FALSE,Moderate
2020-05-12,MY1,18.75,43.71,38.04,18.8,2.7,53,2020,5,Tue,FALSE,Spring,FALSE,Moderate
2020-05-13,MY1,14.44,32.24,39.14,14.2,1.8,333,2020,5,Wed,FALSE,Spring,FALSE,Moderate
2020-05-14,MY1,21.13,45.38,34.58,18.7,2.3,290,2020,5,Thu,FALSE,Spring,FALSE,Unhealthy (sensitive)
2020-05-15,MY1,13.08,40.07,34.32,17.8,3.6,77,2020,5,Fri,FALSE,Spring,FALSE,Moderate
2020-05-16,MY1,11.55,32.54,45.24,14.9,2,200,2020,5,Sat,TRUE,Spring,FALSE,Moderate
2020-05-17,MY1,14.17,30.67,29.29,19.7,3.1,280,2020,5,Sun,TRUE,Spring,FALSE,Moderate
2020-05-18,MY1,12.15,40.89,36.53,14.3,2.9,98,2020,5,Mon,FALSE,Spring,FALSE,Moderate
2020-05-19,MY1,11.99,40.46,34.17,15.4,1.5,257,2020,5,Tue,FALSE,Spring,FALSE,Moderate
2020-05-20,MY1,12.4,43.5,33.97,14.6,3.7,291,2020,5,Wed,FALSE,Spring,FALSE,Moderate
2020-05-21,MY1,13.62,36.38,32.85,18.4,4.8,279,2020,5,Thu,FALSE,Spring,FALSE,Moderate
2020-05-22,MY1,16.99,50.11,21.09,16.3,7.7,324,2020,5,Fri,FALSE,Spring,FALSE,Moderate
2020-05-23,MY1,12.7,28.85,26.62,12.9,4.3,334,2020,5,Sat,TRUE,Spring,FALSE,Moderate
2020-05-24,MY1,12.99,35.16,37.09,19.2,4.3,17,2020,5,Sun,TRUE,Spring,FALSE,Moderate
2020-05-25,MY1,12.75,21.29,43.17,19.3,3.6,180,2020,5,Mon,FALSE,Spring,FALSE,Moderate
2020-05-26,MY1,15.39,42.65,43.09,18.4,7.8,272,2020,5,Tue,FALSE,Spring,FALSE,Moderate
2020-05-27,MY1,9.85,24.52,37.64,16.6,2.4,184,2020,5,Wed,FALSE,Spring,FALSE,Good
2020-05-28,MY1,15.41,43.26,31.62,16.7,1.8,29,2020,5,Thu,FALSE,Spring,FALSE,Moderate
2020-05-29,MY1,12.25,36.29,28.57,20.2,4.2,79,2020,5,Fri,FALSE,Spring,FALSE,Moderate
2020-05-30,MY1,11.75,38.67,39.41,19.4,9.6,222,2020,5,Sat,TRUE,Spring,FALSE,Moderate
2020-05-31,MY1,11.43,35.03,36.67,17.5,6.1,164,2020,5,Sun,TRUE,Spring,FALSE,Moderate
2020-06-01,MY1,17.1,30.93,31.47,12.4,4.4,55,2020,6,Mon,FALSE,Summer,FALSE,Moderate
2020-06-02,MY1,20.96,63.38,35.18,15.7,4.8,62,2020,6,Tue,FALSE,Summer,FALSE,Unhealthy (sensitive)
2020-06-03,MY1,11.82,31.78,35.54,17.6,4.6,221,2020,6,Wed,FALSE,Summer,FALSE,Moderate
2020-06-04,MY1,11.04,35.12,21.35,16,4.2,86,2020,6,Thu,FALSE,Summer,FALSE,Moderate
2020-06-05,MY1,18.38,59.72,26.62,20.4,4.1,102,2020,6,Fri,FALSE,Summer,FALSE,Moderate
2020-06-06,MY1,12.79,29.3,42.75,19.6,3.2,169,2020,6,Sat,TRUE,Summer,FALSE,Moderate
2020-06-07,MY1,7.86,32.36,46.21,20.5,6.3,112,2020,6,Sun,TRUE,Summer,FALSE,Good
2020-06-08,MY1,14.89,42.4,25.42,19.4,1.2,75,2020,6,Mon,FALSE,Summer,FALSE,Moderate
2020-06-09,MY1,12.81,48.36,41.64,18.9,4.3,216,2020,6,Tue,FALSE,Summer,FALSE,Moderate
2020-06-10,MY1,10.3,35.25,16.74,22.3,4.1,206,2020,6,Wed,FALSE,Summer,FALSE,Moderate
2020-06-11,MY1,7.16,26.37,24.11,16.8,4.4,165,2020,6,Thu,FALSE,Summer,FALSE,Good
2020-06-12,MY1,9.8,25.76,34.95,14.8,6.3,356,2020,6,Fri,FALSE,Summer,FALSE,Good
2020-06-13,MY1,3.41,7.96,42.1,19.3,3.7,235,2020,6,Sat,TRUE,Summer,FALSE,Good
2020-06-14,MY1,10.02,11.23,42.66,15.8,5.4,30,2020,6,Sun,TRUE,Summer,FALSE,Moderate
2020-06-15,MY1,12.92,47.24,39.75,20.6,3.1,339,2020,6,Mon,FALSE,Summer,FALSE,Moderate
2020-06-16,MY1,9.49,33.37,28.28,19.2,2.7,300,2020,6,Tue,FALSE,Summer,FALSE,Good
2020-06-17,MY1,11.22,24.23,41.27,17.5,1,200,2020,6,Wed,FALSE,Summer,FALSE,Moderate
2020-06-18,MY1,12.86,37.83,39.05,17.5,2.9,84,2020,6,Thu,FALSE,Summer,FALSE,Moderate
2020-06-19,MY1,12.67,30.63,34.68,17.5,5.3,277,2020,6,Fri,FALSE,Summer,FALSE,Moderate
2020-06-20,MY1,7.09,14.62,48.76,16,4.2,109,2020,6,Sat,TRUE,Summer,FALSE,Good
2020-06-21,MY1,9.88,28.84,35.3,18.9,3.8,203,2020,6,Sun,TRUE,Summer,FALSE,Good
2020-06-22,MY1,15.98,42.2,46.25,17.8,3.1,186,2020,6,Mon,FALSE,Summer,FALSE,Moderate
2020-06-23,MY1,13.8,56.23,31.13,17,1.5,229,2020,6,Tue,FALSE,Summer,FALSE,Moderate
2020-06-24,MY1,17.06,46.23,30.49,17.6,7.5,111,2020,6,Wed,FALSE,Summer,FALSE,Moderate
2020-06-25,MY1,13.85,46.86,20.77,20.6,6.8,316,2020,6,Thu,FALSE,Summer,FALSE,Moderate
2020-06-26,MY1,10.59,37.27,39.31,19.4,3.3,176,2020,6,Fri,FALSE,Summer,FALSE,Moderate
2020-06-27,MY1,10.07,34.13,36.68,17.5,5.7,189,2020,6,Sat,TRUE,Summer,FALSE,Moderate
2020-06-28,MY1,9.69,18.49,41.78,16.2,4.8,273,2020,6,Sun,TRUE,Summer,FALSE,Good
2020-06-29,MY1,16.48,39.39,35.65,15.4,2.4,2,2020,6,Mon,FALSE,Summer,FALSE,Moderate
2020-06-30,MY1,11.52,17.81,35.38,17.5,3.2,239,2020,6,Tue,FALSE,Summer,FALSE,Moderate
2020-07-01,MY1,15.21,44.81,32.78,18.2,13.4,134,2020,7,Wed,FALSE,Summer,FALSE,Moderate
2020-07-02,MY1,13.34,27.76,29.63,18.9,6,110,2020,7,Thu,FALSE,Summer,FALSE,Moderate
2020-07-03,MY1,12.98,33.26,39.97,15.9,2.8,289,2020,7,Fri,FALSE,Summer,FALSE,Moderate
2020-07-04,MY1,9.72,25.68,25.76,19.9,3.5,275,2020,7,Sat,TRUE,Summer,FALSE,Good
2020-07-05,MY1,12.25,29.37,34.78,15.7,8.1,157,2020,7,Sun,TRUE,Summer,FALSE,Moderate
2020-07-06,MY1,10.29,30.88,33.83,17.4,1.6,11,2020,7,Mon,FALSE,Summer,FALSE,Moderate
2020-07-07,MY1,11,29.26,43.08,19.7,4.5,109,2020,7,Tue,FALSE,Summer,FALSE,Moderate
2020-07-08,MY1,14.02,35.12,43.19,18.2,2.8,302,2020,7,Wed,FALSE,Summer,FALSE,Moderate
2020-07-09,MY1,6.57,28.72,30.9,16.1,7.9,10,2020,7,Thu,FALSE,Summer,FALSE,Good
2020-07-10,MY1,13.01,23.95,38.96,19.1,3.4,286,2020,7,Fri,FALSE,Summer,FALSE,Moderate
2020-07-11,MY1,11.7,37.41,32.68,22.2,3.4,325,2020,7,Sat,TRUE,Summer,FALSE,Moderate
2020-07-12,MY1,9.26,29.15,38.77,18.5,3.8,124,2020,7,Sun,TRUE,Summer,FALSE,Good
2020-07-13,MY1,14.05,40.11,25.42,18.3,5,251,2020,7,Mon,FALSE,Summer,FALSE,Moderate
2020-07-14,MY1,12.42,34.04,29.19,12.8,6.5,351,2020,7,Tue,FALSE,Summer,FALSE,Moderate
2020-07-15,MY1,10.5,30.09,43.09,19.6,8.2,163,2020,7,Wed,FALSE,Summer,FALSE,Moderate
2020-07-16,MY1,16.97,47.47,16.55,17.3,6.4,128,2020,7,Thu,FALSE,Summer,FALSE,Moderate
2020-07-17,MY1,16.01,40.12,45.04,19,3.2,106,2020,7,Fri,FALSE,Summer,FALSE,Moderate
2020-07-18,MY1,6.91,11.13,26,17.3,8.1,359,2020,7,Sat,TRUE,Summer,FALSE,Good
2020-07-19,MY1,7.58,13.31,44.8,15.3,2.9,216,2020,7,Sun,TRUE,Summer,FALSE,Good
2020-07-20,MY1,12.51,38.6,35.69,14.7,14.3,55,2020,7,Mon,FALSE,Summer,FALSE,Moderate
2020-07-21,MY1,15.12,45.39,31.22,17.9,2.2,313,2020,7,Tue,FALSE,Summer,FALSE,Moderate
2020-07-22,MY1,9.59,27.49,34.02,21.6,5.1,314,2020,7,Wed,FALSE,Summer,FALSE,Good
2020-07-23,MY1,13.65,53.14,23.98,18.7,1.4,72,2020,7,Thu,FALSE,Summer,FALSE,Moderate
2020-07-24,MY1,13.48,38.4,26.03,16.3,5.7,116,2020,7,Fri,FALSE,Summer,FALSE,Moderate
2020-07-25,MY1,14.41,42.39,35.8,17.1,13.8,150,2020,7,Sat,TRUE,Summer,FALSE,Moderate
2020-07-26,MY1,13.79,34.37,31.56,18.4,3.7,282,2020,7,Sun,TRUE,Summer,FALSE,Moderate
2020-07-27,MY1,11.69,31.64,30.74,17.2,5.8,221,2020,7,Mon,FALSE,Summer,FALSE,Moderate
2020-07-28,MY1,18.77,47.59,37.11,19.6,2.3,99,2020,7,Tue,FALSE,Summer,FALSE,Moderate
2020-07-29,MY1,13.29,41.59,24.73,18.3,4.1,355,2020,7,Wed,FALSE,Summer,FALSE,Moderate
2020-07-30,MY1,11.19,44.67,36.81,15.5,1.6,303,2020,7,Thu,FALSE,Summer,FALSE,Moderate
2020-07-31,MY1,11.3,33.52,37.28,16.2,4.4,268,2020,7,Fri,FALSE,Summer,FALSE,Moderate
2020-08-01,MY1,10.17,16.09,35.99,15.2,4.6,47,2020,8,Sat,TRUE,Summer,FALSE,Moderate
2020-08-02,MY1,13.52,33.92,38.45,13.3,2.2,188,2020,8,Sun,TRUE,Summer,FALSE,Moderate
2020-08-03,MY1,14.15,50.34,27.72,17.9,1.9,143,2020,8,Mon,FALSE,Summer,FALSE,Moderate
2020-08-04,MY1,13.68,47.12,37.74,14.2,2.2,80,2020,8,Tue,FALSE,Summer,FALSE,Moderate
2020-08-05,MY1,16.2,62.01,29.71,17.2,4.3,335,2020,8,Wed,FALSE,Summer,FALSE,Moderate
2020-08-06,MY1,12.12,36.05,32.4,17,6.2,129,2020,8,Thu,FALSE,Summer,FALSE,Moderate
2020-08-07,MY1,13.82,49.66,35.84,19.2,3,291,2020,8,Fri,FALSE,Summer,FALSE,Moderate
2020-08-08,MY1,5.78,8.44,50.56,13.5,3.5,82,2020,8,Sat,TRUE,Summer,FALSE,Good
2020-08-09,MY1,8.85,25.27,29.21,12.4,7.6,341,2020,8,Sun,TRUE,Summer,FALSE,Good
2020-08-10,MY1,13.69,38.43,42.93,17.2,4.1,309,2020,8,Mon,FALSE,Summer,FALSE,Moderate
2020-08-11,MY1,11.3,25.37,29.57,12.5,4.6,250,2020,8,Tue,FALSE,Summer,FALSE,Moderate
2020-08-12,MY1,12.19,40.38,39.08,12.1,12.7,250,2020,8,Wed,FALSE,Summer,FALSE,Moderate
2020-08-13,MY1,13.76,30.59,37.47,10.2,2.1,194,2020,8,Thu,FALSE,Summer,FALSE,Moderate
2020-08-14,MY1,6.86,12.86,44.23,14.4,5.3,320,2020,8,Fri,FALSE,Summer,FALSE,Good
2020-08-15,MY1,9.24,21.45,35.38,11.4,3.7,311,2020,8,Sat,TRUE,Summer,FALSE,Good
2020-08-16,MY1,9.28,11.53,34.5,15.1,2.5,132,2020,8,Sun,TRUE,Summer,FALSE,Good
2020-08-17,MY1,10.39,32.22,39.97,13.3,2.6,353,2020,8,Mon,FALSE,Summer,FALSE,Moderate
2020-08-18,MY1,15.84,40.41,32.4,11.1,4.7,326,2020,8,Tue,FALSE,Summer,FALSE,Moderate
2020-08-19,MY1,12.58,23.42,37.76,11.1,2,139,2020,8,Wed,FALSE,Summer,FALSE,Moderate
2020-08-20,MY1,19.52,59.54,35.92,11.5,2.1,12,2020,8,Thu,FALSE,Summer,FALSE,Moderate
2020-08-21,MY1,10.39,41.72,43.63,13.2,4.1,183,2020,8,Fri,FALSE,Summer,FALSE,Moderate
2020-08-22,MY1,15.14,56.05,32.48,18.9,2.4,234,2020,8,Sat,TRUE,Summer,FALSE,Moderate
2020-08-23,MY1,10.31,30.06,32.84,14.1,1.3,159,2020,8,Sun,TRUE,Summer,FALSE,Moderate
2020-08-24,MY1,8.18,19.2,43.05,13.6,5.1,336,2020,8,Mon,FALSE,Summer,FALSE,Good
2020-08-25,MY1,14.01,45.28,25.35,15.6,4.5,280,2020,8,Tue,FALSE,Summer,FALSE,Moderate
2020-08-26,MY1,11.6,58.61,33.25,13.1,1.7,104,2020,8,Wed,FALSE,Summer,FALSE,Moderate
2020-08-27,MY1,15.03,53.43,24.25,13.8,4,24,2020,8,Thu,FALSE,Summer,FALSE,Moderate
2020-08-28,MY1,11.47,33.6,34.11,11.3,3.4,18,2020,8,Fri,FALSE,Summer,FALSE,Moderate
2020-08-29,MY1,6.83,13.18,38.65,9.6,2.2,139,2020,8,Sat,TRUE,Summer,FALSE,Good
2020-08-30,MY1,9.94,43.09,36.28,8.3,3.3,96,2020,8,Sun,TRUE,Summer,FALSE,Good
2020-08-31,MY1,19.98,46.66,44.53,12.1,10.9,49,2020,8,Mon,FALSE,Summer,FALSE,Moderate
2020-09-01,MY1,16.37,57.79,20.66,13.1,1.8,229,2020,9,Tue,FALSE,Autumn,FALSE,Moderate
2020-09-02,MY1,12.88,35.18,38.39,13,1.9,120,2020,9,Wed,FALSE,Autumn,FALSE,Moderate
2020-09-03,MY1,13.63,24.2,32.04,11.2,2.1,172,2020,9,Thu,FALSE,Autumn,FALSE,Moderate
2020-09-04,MY1,13.5,31.47,30.89,10.9,5.7,137,2020,9,Fri,FALSE,Autumn,FALSE,Moderate
2020-09-05,MY1,10.89,23.89,47.58,9.9,4,180,2020,9,Sat,TRUE,Autumn,FALSE,Moderate
2020-09-06,MY1,15.38,28.58,32.48,11.2,1.5,184,2020,9,Sun,TRUE,Autumn,FALSE,Moderate
2020-09-07,MY1,14.82,36.86,28.15,9.9,5.7,65,2020,9,Mon,FALSE,Autumn,FALSE,Moderate
2020-09-08,MY1,14.68,43.33,36.67,10.7,3.9,41,2020,9,Tue,FALSE,Autumn,FALSE,Moderate
2020-09-09,MY1,11.37,29.13,32.81,11.4,3.6,118,2020,9,Wed,FALSE,Autumn,FALSE,Moderate
2020-09-10,MY1,13.37,35.54,43.8,10.8,5.2,13,2020,9,Thu,FALSE,Autumn,FALSE,Moderate
2020-09-11,MY1,14.34,41.19,26.86,12.7,4.1,162,2020,9,Fri,FALSE,Autumn,FALSE,Moderate
2020-09-12,MY1,8.84,23.32,31.6,7.8,2.7,168,2020,9,Sat,TRUE,Autumn,FALSE,Good
2020-09-13,MY1,15.37,41.13,24.55,12.3,1.9,116,2020,9,Sun,TRUE,Autumn,FALSE,Moderate
2020-09-14,MY1,11.76,20.91,49.34,13.4,2.3,305,2020,9,Mon,FALSE,Autumn,FALSE,Moderate
2020-09-15,MY1,15.91,29.03,31.9,11.4,6.5,70,2020,9,Tue,FALSE,Autumn,FALSE,Moderate
2020-09-16,MY1,14.58,45.86,34.74,7.9,3.7,351,2020,9,Wed,FALSE,Autumn,FALSE,Moderate
2020-09-17,MY1,18.61,44.95,29.62,14,7.4,344,2020,9,Thu,FALSE,Autumn,FALSE,Moderate
2020-09-18,MY1,14.51,41.22,28.06,11.8,4,313,2020,9,Fri,FALSE,Autumn,FALSE,Moderate
2020-09-19,MY1,9.94,29.07,40.4,10.1,3.6,31,2020,9,Sat,TRUE,Autumn,FALSE,Good
2020-09-20,MY1,13.51,21.15,42.27,11.8,3.9,140,2020,9,Sun,TRUE,Autumn,FALSE,Moderate
2020-09-21,MY1,9.79,9.43,56.55,9.1,6,45,2020,9,Mon,FALSE,Autumn,FALSE,Good
2020-09-22,MY1,17.2,47.5,32.83,8.4,2.1,38,2020,9,Tue,FALSE,Autumn,FALSE,Moderate
2020-09-23,MY1,14.28,35.1,34.54,7.7,8.8,170,2020,9,Wed,FALSE,Autumn,FALSE,Moderate
2020-09-24,MY1,13.8,34.67,34.8,6.6,2.4,55,2020,9,Thu,FALSE,Autumn,FALSE,Moderate
2020-09-25,MY1,14.85,27.53,36.38,5.6,4.4,152,2020,9,Fri,FALSE,Autumn,FALSE,Moderate
2020-09-26,MY1,14.9,40.68,23.73,9,1.6,289,2020,9,Sat,TRUE,Autumn,FALSE,Moderate
2020-09-27,MY1,13.72,38.66,35.21,8.5,8.5,333,2020,9,Sun,TRUE,Autumn,FALSE,Moderate
2020-09-28,MY1,12.64,35.79,40.26,12,2.7,121,2020,9,Mon,FALSE,Autumn,FALSE,Moderate
2020-09-29,MY1,13.87,30.39,45.16,9.3,2.4,152,2020,9,Tue,FALSE,Autumn,FALSE,Moderate
2020-09-30,MY1,15.1,39.42,35.61,4.6,3,334,2020,9,Wed,FALSE,Autumn,FALSE,Moderate
2020-10-01,MY1,11.72,31.96,36.62,10.3,5.4,225,2020,10,Thu,FALSE,Autumn,FALSE,Moderate
2020-10-02,MY1,19.59,54.79,29.97,5.4,12.5,290,2020,10,Fri,FALSE,Autumn,FALSE,Moderate
2020-10-03,MY1,18.64,47.73,26.43,7.7,2.9,74,2020,10,Sat,TRUE,Autumn,FALSE,Moderate
2020-10-04,MY1,14.43,32.73,30.22,3.4,2.6,251,2020,10,Sun,TRUE,Autumn,FALSE,Moderate
2020-10-05,MY1,17.3,51.71,23.23,6.3,6.1,309,2020,10,Mon,FALSE,Autumn,FALSE,Moderate
2020-10-06,MY1,12.93,30.95,39.19,7.6,2.1,21,2020,10,Tue,FALSE,Autumn,FALSE,Moderate
2020-10-07,MY1,16.77,42.58,33.12,3.3,6.8,335,2020,10,Wed,FALSE,Autumn,FALSE,Moderate
2020-10-08,MY1,16.45,33.89,30.3,10.3,2.4,91,2020,10,Thu,FALSE,Autumn,FALSE,Moderate
2020-10-09,MY1,18.62,47.43,32.47,6.3,3.5,127,2020,10,Fri,FALSE,Autumn,FALSE,Moderate
2020-10-10,MY1,14.89,46.77,38.25,3.9,2.5,43,2020,10,Sat,TRUE,Autumn,FALSE,Moderate
2020-10-11,MY1,15.89,58.7,33.74,7.7,1.6,11,2020,10,Sun,TRUE,Autumn,FALSE,Moderate
2020-10-12,MY1,20.84,49.69,37.13,6,3.9,251,2020,10,Mon,FALSE,Autumn,FALSE,Unhealthy (sensitive)
2020-10-13,MY1,13.18,34.65,37.58,5.5,3.9,285,2020,10,Tue,FALSE,Autumn,FALSE,Moderate
2020-10-14,MY1,17.56,63.5,27.34,5.6,5.3,100,2020,10,Wed,FALSE,Autumn,FALSE,Moderate
2020-10-15,MY1,15.56,28.19,34.82,5,4,356,2020,10,Thu,FALSE,Autumn,FALSE,Moderate
2020-10-16,MY1,19.19,50.36,35.09,9,3,281,2020,10,Fri,FALSE,Autumn,FALSE,Moderate
2020-10-17,MY1,16.01,34.89,40.77,4.4,2,194,2020,10,Sat,TRUE,Autumn,FALSE,Moderate
2020-10-18,MY1,13.93,46.09,33.66,5.6,4.2,134,2020,10,Sun,TRUE,Autumn,FALSE,Moderate
2020-10-19,MY1,10.7,29.4,43.54,5.1,8.1,168,2020,10,Mon,FALSE,Autumn,FALSE,Moderate
2020-10-20,MY1,22.45,65.94,29.01,3.9,9.4,122,2020,10,Tue,FALSE,Autumn,FALSE,Unhealthy (sensitive)
2020-10-21,MY1,18.39,44.26,38.17,4.9,3.1,266,2020,10,Wed,FALSE,Autumn,FALSE,Moderate
2020-10-22,MY1,15.79,46.09,37.71,5.3,4.3,153,2020,10,Thu,FALSE,Autumn,FALSE,Moderate
2020-10-23,MY1,15.3,60.52,12.8,3.7,5.1,214,2020,10,Fri,FALSE,Autumn,FALSE,Moderate
2020-10-24,MY1,11.05,21.1,35.67,2.5,7.3,273,2020,10,Sat,TRUE,Autumn,FALSE,Moderate
2020-10-25,MY1,17.65,49.27,35.14,6.5,5.6,157,2020,10,Sun,TRUE,Autumn,FALSE,Moderate
2020-10-26,MY1,15.58,41.05,30.13,6,6.2,269,2020,10,Mon,FALSE,Autumn,FALSE,Moderate
2020-10-27,MY1,15.02,40.93,38.44,3.3,5,139,2020,10,Tue,FALSE,Autumn,FALSE,Moderate
2020-10-28,MY1,17.53,64.61,31.23,4.2,13,305,2020,10,Wed,FALSE,Autumn,FALSE,Moderate
2020-10-29,MY1,18.94,61.98,27.59,4.7,5.7,107,2020,10,Thu,FALSE,Autumn,FALSE,Moderate
2020-10-30,MY1,16.96,48.56,30.06,7,3.3,82,2020,10,Fri,FALSE,Autumn,FALSE,Moderate
2020-10-31,MY1,18.94,58.51,24.87,4.2,3.9,35,2020,10,Sat,TRUE,Autumn,FALSE,Moderate
2020-11-01,MY1,13.85,40.01,20.74,6.3,8.2,202,2020,11,Sun,TRUE,Autumn,FALSE,Moderate
2020-11-02,MY1,17.5,51.94,31.79,1.2,3.7,310,2020,11,Mon,FALSE,Autumn,FALSE,Moderate
2020-11-03,MY1,18.2,54.22,36.59,2.9,2.9,24,2020,11,Tue,FALSE,Autumn,FALSE,Moderate
2020-11-04,MY1,19.8,52.16,32.93,9,2.7,258,2020,11,Wed,FALSE,Autumn,FALSE,Moderate
2020-11-05,MY1,18.7,55.11,26.85,2,7,187,2020,11,Thu,FALSE,Autumn,FALSE,Moderate
2020-11-06,MY1,16.69,49.12,35.46,3.2,6.3,95,2020,11,Fri,FALSE,Autumn,FALSE,Moderate
2020-11-07,MY1,15.75,50.81,22.69,6.4,3.6,20,2020,11,Sat,TRUE,Autumn,FALSE,Moderate
2020-11-08,MY1,15.97,47.77,33.18,2.7,4.4,289,2020,11,Sun,TRUE,Autumn,FALSE,Moderate
2020-11-09,MY1,17.79,50.94,35.05,1.5,4,289,2020,11,Mon,FALSE,Autumn,FALSE,Moderate
2020-11-10,MY1,17.98,60.26,35.93,1.7,2.5,181,2020,11,Tue,FALSE,Autumn,FALSE,Moderate
2020-11-11,MY1,17.9,58.39,11.73,0.9,3.4,165,2020,11,Wed,FALSE,Autumn,FALSE,Moderate
2020-11-12,MY1,14.37,36.34,37.62,2.9,4.5,87,2020,11,Thu,FALSE,Autumn,FALSE,Moderate
2020-11-13,MY1,19.54,58.07,24.7,0.6,8,180,2020,11,Fri,FALSE,Autumn,FALSE,Moderate
2020-11-14,MY1,14.75,41.35,48.29,2.6,5.8,96,2020,11,Sat,TRUE,Autumn,FALSE,Moderate
2020-11-15,MY1,11.64,34.69,29.45,8,3.4,117,2020,11,Sun,TRUE,Autumn,FALSE,Moderate
2020-11-16,MY1,20.41,60.58,18.71,4.9,6.9,213,2020,11,Mon,FALSE,Autumn,FALSE,Unhealthy (sensitive)
2020-11-17,MY1,19.92,65.64,23.98,4.9,5.2,133,2020,11,Tue,FALSE,Autumn,FALSE,Moderate
2020-11-18,MY1,25.55,74.48,23.77,3.9,10.6,170,2020,11,Wed,FALSE,Autumn,FALSE,Unhealthy
2020-11-19,MY1,16.12,61.24,23.02,7.9,3.4,184,2020,11,Thu,FALSE,Autumn,FALSE,Moderate
2020-11-20,MY1,20.69,50.56,26.8,2.6,3,225,2020,11,Fri,FALSE,Autumn,FALSE,Unhealthy (sensitive)
2020-11-21,MY1,16.13,45.64,33.64,2.1,5.6,3,2020,11,Sat,TRUE,Autumn,FALSE,Moderate
2020-11-22,MY1,12.02,43.19,30.95,4.4,5,134,2020,11,Sun,TRUE,Autumn,FALSE,Moderate
2020-11-23,MY1,24.94,82.03,14.66,4.1,5.1,236,2020,11,Mon,FALSE,Autumn,FALSE,Unhealthy (sensitive)
2020-11-24,MY1,19.61,48.4,32.09,6.1,6.2,268,2020,11,Tue,FALSE,Autumn,FALSE,Moderate
2020-11-25,MY1,23.59,56.84,26.26,6.4,4.5,83,2020,11,Wed,FALSE,Autumn,FALSE,Unhealthy (sensitive)
2020-11-26,MY1,20.49,51.48,28.95,2.8,1.6,160,2020,11,Thu,FALSE,Autumn,FALSE,Unhealthy (sensitive)
2020-11-27,MY1,15.77,32.35,27.37,-1.2,5.9,142,2020,11,Fri,FALSE,Autumn,FALSE,Moderate
2020-11-28,MY1,19.9,62.56,22.3,2.8,3.8,67,2020,11,Sat,TRUE,Autumn,FALSE,Moderate
2020-11-29,MY1,14.23,38.32,40.82,3.7,1,174,2020,11,Sun,TRUE,Autumn,FALSE,Moderate
2020-11-30,MY1,18.23,35.99,19.96,2,5.7,272,2020,11,Mon,FALSE,Autumn,FALSE,Moderate
2020-12-01,MY1,28.27,75.37,12.01,-0.3,3.8,158,2020,12,Tue,FALSE,Winter,FALSE,Unhealthy
2020-12-02,MY1,22.27,58.58,25.97,4.3,1.9,307,2020,12,Wed,FALSE,Winter,FALSE,Unhealthy (sensitive)
2020-12-03,MY1,22.6,67.86,27.24,5.8,2.4,286,2020,12,Thu,FALSE,Winter,FALSE,Unhealthy (sensitive)
2020-12-04,MY1,20.14,48.75,23.28,-0.1,2.4,178,2020,12,Fri,FALSE,Winter,FALSE,Unhealthy (sensitive)
2020-12-05,MY1,21.13,64.45,17.42,1.4,6.1,321,2020,12,Sat,TRUE,Winter,FALSE,Unhealthy (sensitive)
2020-12-06,MY1,21.05,50.94,16.5,3,2.8,194,2020,12,Sun,TRUE,Winter,FALSE,Unhealthy (sensitive)
2020-12-07,MY1,24.83,73.5,12.63,2.6,7.9,163,2020,12,Mon,FALSE,Winter,FALSE,Unhealthy (sensitive)
2020-12-08,MY1,23.74,51.42,23.54,2.7,2,234,2020,12,Tue,FALSE,Winter,FALSE,Unhealthy (sensitive)
2020-12-09,MY1,19.81,51.15,28.19,6.3,4.7,334,2020,12,Wed,FALSE,Winter,FALSE,Moderate
2020-12-10,MY1,18.9,69.63,28.15,1.7,3.8,62,2020,12,Thu,FALSE,Winter,FALSE,Moderate
2020-12-11,MY1,15.75,36.07,28.51,1.2,1.7,327,2020,12,Fri,FALSE,Winter,FALSE,Moderate
2020-12-12,MY1,21.88,53.52,24.65,5.6,3.3,184,2020,12,Sat,TRUE,Winter,FALSE,Unhealthy (sensitive)
2020-12-13,MY1,16.84,44.93,29.91,3.4,4.2,318,2020,12,Sun,TRUE,Winter,FALSE,Moderate
2020-12-14,MY1,19.83,43.68,34.62,0.9,3.8,326,2020,12,Mon,FALSE,Winter,FALSE,Moderate
2020-12-15,MY1,18.8,40.33,32.87,0.8,1.4,207,2020,12,Tue,FALSE,Winter,FALSE,Moderate
2020-12-16,MY1,25.98,57.3,33.14,0.3,3.8,153,2020,12,Wed,FALSE,Winter,FALSE,Unhealthy
2020-12-17,MY1,26.63,78.53,22.66,2.3,9.1,233,2020,12,Thu,FALSE,Winter,FALSE,Unhealthy
2020-12-18,MY1,19.75,49.31,24.6,2.8,4.8,74,2020,12,Fri,FALSE,Winter,FALSE,Moderate
2020-12-19,MY1,22.21,52.74,31.72,1.3,4,234,2020,12,Sat,TRUE,Winter,FALSE,Unhealthy (sensitive)
2020-12-20,MY1,17.49,52.94,20.35,0.7,6.8,80,2020,12,Sun,TRUE,Winter,FALSE,Moderate
2020-12-21,MY1,20.92,53.02,34.1,2.8,2.9,107,2020,12,Mon,FALSE,Winter,FALSE,Unhealthy (sensitive)
2020-12-22,MY1,23.49,68.04,20.66,4.6,3.5,279,2020,12,Tue,FALSE,Winter,FALSE,Unhealthy (sensitive)
2020-12-23,MY1,23.24,66.54,19.18,-0.7,2.7,318,2020,12,Wed,FALSE,Winter,FALSE,Unhealthy (sensitive)
2020-12-24,MY1,24.1,63.28,24.57,4.3,3.9,201,2020,12,Thu,FALSE,Winter,FALSE,Unhealthy (sensitive)
2020-12-25,MY1,20.14,57.26,27.48,4.4,2.3,273,2020,12,Fri,FALSE,Winter,FALSE,Unhealthy (sensitive)
2020-12-26,MY1,23.27,58.88,22.89,4.6,1.8,220,2020,12,Sat,TRUE,Winter,FALSE,Unhealthy (sensitive)
2020-12-27,MY1,17.43,61.07,41.52,1.7,2.9,159,2020,12,Sun,TRUE,Winter,FALSE,Moderate
2020-12-28,MY1,17.96,51.45,25.05,4.3,3.6,70,2020,12,Mon,FALSE,Winter,FALSE,Moderate
2020-12-29,MY1,28.91,75.3,23.19,3,7.3,43,2020,12,Tue,FALSE,Winter,FALSE,Unhealthy
2020-12-30,MY1,19.49,45.35,35.94,-1.6,5.9,71,2020,12,Wed,FALSE,Winter,FALSE,Moderate
2020-12-31,MY1,19.8,50.33,31.37,6.4,2.6,242,2020,12,Thu,FALSE,Winter,FALSE,Moderate
2021-01-01,MY1,22.87,61.76,25,2.8,4,178,2021,1,Fri,FALSE,Winter,FALSE,Unhealthy (sensitive)
2021-01-02,MY1,17.97,65.67,33.4,2,2,299,2021,1,Sat,TRUE,Winter,FALSE,Moderate
2021-01-03,MY1,20.46,60.35,22.44,4.5,4.9,255,2021,1,Sun,TRUE,Winter,FALSE,Unhealthy (sensitive)
2021-01-04,MY1,23.12,57.45,23.59,2.9,2.1,168,2021,1,Mon,FALSE,Winter,FALSE,Unhealthy (sensitive)
2021-01-05,MY1,17.79,53.02,19.26,2.6,3,127,2021,1,Tue,FALSE,Winter,FALSE,Moderate
2021-01-06,MY1,23,65.97,18.93,6.2,3.7,194,2021,1,Wed,FALSE,Winter,FALSE,Unhealthy (sensitive)
2021-01-07,MY1,20.78,73.9,9.49,-0.7,7.3,86,2021,1,Thu,FALSE,Winter,FALSE,Unhealthy (sensitive)
2021-01-08,MY1,19.33,61.42,23.92,2.7,4.1,188,2021,1,Fri,FALSE,Winter,FALSE,Moderate
2021-01-09,MY1,20.53,59.07,31.1,1.6,2.9,242,2021,1,Sat,TRUE,Winter,FALSE,Unhealthy (sensitive)
2021-01-10,MY1,20.58,47.86,28.74,0.9,3.1,83,2021,1,Sun,TRUE,Winter,FALSE,Unhealthy (sensitive)
2021-01-11,MY1,20.93,65.18,25.07,0.8,3.4,148,2021,1,Mon,FALSE,Winter,FALSE,Unhealthy (sensitive)
2021-01-12,MY1,25.16,68.68,32.1,7.2,1.9,200,2021,1,Tue,FALSE,Winter,FALSE,Unhealthy
2021-01-13,MY1,18.12,55.5,19.17,4.4,5.7,120,2021,1,Wed,FALSE,Winter,FALSE,Moderate
2021-01-14,MY1,21.79,54.97,25.07,6,2.1,257,2021,1,Thu,FALSE,Winter,FALSE,Unhealthy (sensitive)
2021-01-15,MY1,18.81,50.49,24.63,0.2,5.3,225,2021,1,Fri,FALSE,Winter,FALSE,Moderate
2021-01-16,MY1,18.91,68.7,25.58,-0.7,7.6,234,2021,1,Sat,TRUE,Winter,FALSE,Moderate
2021-01-17,MY1,19.12,58.28,22.91,1.7,6.2,149,2021,1,Sun,TRUE,Winter,FALSE,Moderate
2021-01-18,MY1,20.54,56.34,35.56,3.2,4.3,96,2021,1,Mon,FALSE,Winter,FALSE,Unhealthy (sensitive)
2021-01-19,MY1,19.54,71.33,24.43,0.1,2.9,274,2021,1,Tue,FALSE,Winter,FALSE,Moderate
2021-01-20,MY1,19.76,77.02,21.22,4.2,2.5,346,2021,1,Wed,FALSE,Winter,FALSE,Moderate
2021-01-21,MY1,20.08,54.73,37.65,1.5,4.1,219,2021,1,Thu,FALSE,Winter,FALSE,Unhealthy (sensitive)
2021-01-22,MY1,18.11,62.62,22.09,1.7,2.3,276,2021,1,Fri,FALSE,Winter,FALSE,Moderate
2021-01-23,MY1,12.84,42.78,20.43,5.8,2.1,302,2021,1,Sat,TRUE,Winter,FALSE,Moderate
2021-01-24,MY1,15.73,47.34,29.13,2.5,3.5,41,2021,1,Sun,TRUE,Winter,FALSE,Moderate
2021-01-25,MY1,19.66,55.24,27.09,1.7,2.9,54,2021,1,Mon,FALSE,Winter,FALSE,Moderate
2021-01-26,MY1,20.34,60.37,22.2,2.8,4.6,304,2021,1,Tue,FALSE,Winter,FALSE,Unhealthy (sensitive)
2021-01-27,MY1,23.51,76.46,35.41,4.3,3.8,98,2021,1,Wed,FALSE,Winter,FALSE,Unhealthy (sensitive)
2021-01-28,MY1,19.36,44.45,19.69,3.3,9.8,40,2021,1,Thu,FALSE,Winter,FALSE,Moderate
2021-01-29,MY1,17.53,54.37,27.83,5.1,2.6,210,2021,1,Fri,FALSE,Winter,FALSE,Moderate
2021-01-30,MY1,22.66,77.72,29.63,1.9,1.9,18,2021,1,Sat,TRUE,Winter,FALSE,Unhealthy (sensitive)
2021-01-31,MY1,24.03,57.74,28.13,2.8,5.5,80,2021,1,Sun,TRUE,Winter,FALSE,Unhealthy (sensitive)
2021-02-01,MY1,21.58,45.38,32.62,3.3,3.1,81,2021,2,Mon,FALSE,Winter,FALSE,Unhealthy (sensitive)
2021-02-02,MY1,25.65,67.72,36.29,6.2,9.1,345,2021,2,Tue,FALSE,Winter,FALSE,Unhealthy
2021-02-03,MY1,19.45,63.97,20.25,3.4,4.1,68,2021,2,Wed,FALSE,Winter,FALSE,Moderate
2021-02-04,MY1,21.64,58.1,25.23,4.6,3.7,280,2021,2,Thu,FALSE,Winter,FALSE,Unhealthy (sensitive)
2021-02-05,MY1,22.15,57.07,17.75,8,10.4,74,2021,2,Fri,FALSE,Winter,FALSE,Unhealthy (sensitive)
2021-02-06,MY1,19.91,67.11,29.95,5.4,0.7,183,2021,2,Sat,TRUE,Winter,FALSE,Moderate
2021-02-07,MY1,16.29,43.54,22.39,0.8,11.7,269,2021,2,Sun,TRUE,Winter,FALSE,Moderate
2021-02-08,MY1,20.1,62.72,28.66,3.4,5.1,72,2021,2,Mon,FALSE,Winter,FALSE,Unhealthy (sensitive)
2021-02-09,MY1,23.8,64.92,29.65,10.8,2.7,218,2021,2,Tue,FALSE,Winter,FALSE,Unhealthy (sensitive)
2021-02-10,MY1,20.09,59.32,22.88,3.7,3.1,66,2021,2,Wed,FALSE,Winter,FALSE,Unhealthy (sensitive)
2021-02-11,MY1,20.84,59,26.17,-0.5,3.4,145,2021,2,Thu,FALSE,Winter,FALSE,Unhealthy (sensitive)
2021-02-12,MY1,25.62,69.72,22.01,6.6,5.2,342,2021,2,Fri,FALSE,Winter,FALSE,Unhealthy
2021-02-13,MY1,18.45,60.28,22.1,7.2,8.8,27,2021,2,Sat,TRUE,Winter,FALSE,Moderate
2021-02-14,MY1,13.91,36.3,34.75,3.4,7.8,43,2021,2,Sun,TRUE,Winter,FALSE,Moderate
2021-02-15,MY1,19.56,53.9,24.87,6.1,2.4,147,2021,2,Mon,FALSE,Winter,FALSE,Moderate
2021-02-16,MY1,16.84,39.45,40.07,3.8,6.7,349,2021,2,Tue,FALSE,Winter,FALSE,Moderate
2021-02-17,MY1,18.13,46.87,27.78,7.3,4.5,128,2021,2,Wed,FALSE,Winter,FALSE,Moderate
2021-02-18,MY1,25.03,81.97,12.66,7.6,7.9,148,2021,2,Thu,FALSE,Winter,FALSE,Unhealthy
2021-02-19,MY1,19.88,47.67,31.3,7.2,10.2,318,2021,2,Fri,FALSE,Winter,FALSE,Moderate
2021-02-20,MY1,18.64,57.09,30.68,6.6,3.4,188,2021,2,Sat,TRUE,Winter,FALSE,Moderate
2021-02-21,MY1,19.99,47.39,33.43,6.1,6.1,166,2021,2,Sun,TRUE,Winter,FALSE,Moderate
2021-02-22,MY1,18.26,52.4,28.78,4.6,1.8,134,2021,2,Mon,FALSE,Winter,FALSE,Moderate
2021-02-23,MY1,19.56,49.33,32.33,7.4,4.2,263,2021,2,Tue,FALSE,Winter,FALSE,Moderate
2021-02-24,MY1,20.41,52.29,33.8,9.7,3.5,32,2021,2,Wed,FALSE,Winter,FALSE,Unhealthy (sensitive)
2021-02-25,MY1,19.03,51.79,23.12,10,2.2,256,2021,2,Thu,FALSE,Winter,FALSE,Moderate
2021-02-26,MY1,17.6,44.63,27.46,9.6,7,77,2021,2,Fri,FALSE,Winter,FALSE,Moderate
2021-02-27,MY1,15.33,48.18,40.96,5.7,2.4,192,2021,2,Sat,TRUE,Winter,FALSE,Moderate
2021-02-28,MY1,15.44,42.03,37.97,11.1,7.3,335,2021,2,Sun,TRUE,Winter,FALSE,Moderate
2021-03-01,MY1,22.82,61.39,28.57,9.7,12.2,152,2021,3,Mon,FALSE,Spring,FALSE,Unhealthy (sensitive)
2021-03-02,MY1,21.76,73.42,18.61,8.2,6.7,25,2021,3,Tue,FALSE,Spring,FALSE,Unhealthy (sensitive)
2021-03-03,MY1,18.75,54.12,35.79,7.2,2.4,186,2021,3,Wed,FALSE,Spring,FALSE,Moderate
2021-03-04,MY1,19.87,56.52,32.83,10.1,4.6,41,2021,3,Thu,FALSE,Spring,FALSE,Moderate
2021-03-05,MY1,22.57,61.15,22.27,7.6,10.1,261,2021,3,Fri,FALSE,Spring,FALSE,Unhealthy (sensitive)
2021-03-06,MY1,13.54,30.58,32.84,7.4,2.2,123,2021,3,Sat,TRUE,Spring,FALSE,Moderate
2021-03-07,MY1,15.96,48.54,24.5,6.4,3.2,118,2021,3,Sun,TRUE,Spring,FALSE,Moderate
2021-03-08,MY1,16.31,35.89,29.51,7.3,2.6,206,2021,3,Mon,FALSE,Spring,FALSE,Moderate
2021-03-09,MY1,19.24,47.38,18.04,10,5.9,143,2021,3,Tue,FALSE,Spring,FALSE,Moderate
2021-03-10,MY1,22.06,51.91,24.92,8.8,9.7,96,2021,3,Wed,FALSE,Spring,FALSE,Unhealthy (sensitive)
2021-03-11,MY1,19.65,60.92,34.56,10.4,2.9,170,2021,3,Thu,FALSE,Spring,FALSE,Moderate
2021-03-12,MY1,25,61.95,42.94,10.8,8.3,43,2021,3,Fri,FALSE,Spring,FALSE,Unhealthy (sensitive)
2021-03-13,MY1,21.19,48.19,30.34,10.2,2.5,128,2021,3,Sat,TRUE,Spring,FALSE,Unhealthy (sensitive)
2021-03-14,MY1,21,57.62,22.3,8.7,2.6,98,2021,3,Sun,TRUE,Spring,FALSE,Unhealthy (sensitive)
2021-03-15,MY1,17.92,65.1,23.08,10.8,5.1,35,2021,3,Mon,FALSE,Spring,FALSE,Moderate
2021-03-16,MY1,17.11,45.77,39.94,9.1,5,220,2021,3,Tue,FALSE,Spring,FALSE,Moderate
2021-03-17,MY1,20.86,59.6,23.87,7.7,2.6,133,2021,3,Wed,FALSE,Spring,FALSE,Unhealthy (sensitive)
2021-03-18,MY1,17.45,34.03,40,12,3.2,295,2021,3,Thu,FALSE,Spring,FALSE,Moderate
2021-03-19,MY1,21.58,75.56,11.56,12.6,5.2,310,2021,3,Fri,FALSE,Spring,FALSE,Unhealthy (sensitive)
2021-03-20,MY1,15.08,38.94,26.66,12.5,4.3,50,2021,3,Sat,TRUE,Spring,FALSE,Moderate
2021-03-21,MY1,15.46,40.57,24.23,9.7,8.8,205,2021,3,Sun,TRUE,Spring,FALSE,Moderate
2021-03-22,MY1,21.39,51.57,23.81,9,9.2,260,2021,3,Mon,FALSE,Spring,FALSE,Unhealthy (sensitive)
2021-03-23,MY1,18.56,61.96,36.78,11.9,3.9,261,2021,3,Tue,FALSE,Spring,FALSE,Moderate
2021-03-24,MY1,18.72,63.31,34.64,7.3,2.3,294,2021,3,Wed,FALSE,Spring,FALSE,Moderate
2021-03-25,MY1,15.88,42.88,26.4,7.5,2.9,73,2021,3,Thu,FALSE,Spring,FALSE,Moderate
2021-03-26,MY1,16.83,39.06,30.51,9.5,3.9,122,2021,3,Fri,FALSE,Spring,FALSE,Moderate
2021-03-27,MY1,14.45,40.89,22.58,11.2,7.6,332,2021,3,Sat,TRUE,Spring,FALSE,Moderate
2021-03-28,MY1,23.47,74.01,26.18,10.5,4.5,1,2021,3,Sun,TRUE,Spring,FALSE,Unhealthy (sensitive)
2021-03-29,MY1,20.21,44.56,31.5,14.5,4.7,231,2021,3,Mon,FALSE,Spring,FALSE,Unhealthy (sensitive)
2021-03-30,MY1,17.64,43.91,33.59,11.5,2,15,2021,3,Tue,FALSE,Spring,FALSE,Moderate
2021-03-31,MY1,17.01,47.19,30.16,12.1,4.9,314,2021,3,Wed,FALSE,Spring,FALSE,Moderate
2021-04-01,MY1,17.19,47.18,32.24,11.1,3.4,98,2021,4,Thu,FALSE,Spring,FALSE,Moderate
2021-04-02,MY1,15.43,38.31,36.29,12.4,3.9,259,2021,4,Fri,FALSE,Spring,FALSE,Moderate
2021-04-03,MY1,13.32,39.81,38.9,14.4,3.2,348,2021,4,Sat,TRUE,Spring,FALSE,Moderate
2021-04-04,MY1,17.2,69.77,33.9,14,4.8,199,2021,4,Sun,TRUE,Spring,FALSE,Moderate
2021-04-05,MY1,19.61,44.24,28.76,11.4,8.4,213,2021,4,Mon,FALSE,Spring,FALSE,Moderate
2021-04-06,MY1,19.92,48.49,35.44,12.2,4.9,18,2021,4,Tue,FALSE,Spring,FALSE,Moderate
2021-04-07,MY1,12.51,35.55,36.11,16.9,3.3,228,2021,4,Wed,FALSE,Spring,FALSE,Moderate
2021-04-08,MY1,13.98,35.55,40.89,15.4,3.4,183,2021,4,Thu,FALSE,Spring,FALSE,Moderate
2021-04-09,MY1,16.58,50.53,36.62,11.1,5.9,277,2021,4,Fri,FALSE,Spring,FALSE,Moderate
2021-04-10,MY1,15.72,48.59,30.82,11.3,4.7,213,2021,4,Sat,TRUE,Spring,FALSE,Moderate
2021-04-11,MY1,14.89,47.78,32.19,12.2,5.5,85,2021,4,Sun,TRUE,Spring,FALSE,Moderate
2021-04-12,MY1,13.89,44.8,27.94,13.7,1.7,88,2021,4,Mon,FALSE,Spring,FALSE,Moderate
2021-04-13,MY1,12.59,41.33,42.14,11.7,2.3,127,2021,4,Tue,FALSE,Spring,FALSE,Moderate
2021-04-14,MY1,12.56,36.09,31.49,10.2,2.5,25,2021,4,Wed,FALSE,Spring,FALSE,Moderate
2021-04-15,MY1,18.75,35.54,33.46,15.3,2.1,196,2021,4,Thu,FALSE,Spring,FALSE,Moderate
2021-04-16,MY1,15.04,51.81,28.6,13.2,1.5,314,2021,4,Fri,FALSE,Spring,FALSE,Moderate
2021-04-17,MY1,15.79,34.09,28.11,13.8,11.9,246,2021,4,Sat,TRUE,Spring,FALSE,Moderate
2021-04-18,MY1,16.08,36.92,33.58,12.5,7.8,295,2021,4,Sun,TRUE,Spring,FALSE,Moderate
2021-04-19,MY1,16.32,34.14,27.51,9.9,3,252,2021,4,Mon,FALSE,Spring,FALSE,Moderate
2021-04-20,MY1,13.99,41.01,35.78,12.8,3.7,314,2021,4,Tue,FALSE,Spring,FALSE,Moderate
2021-04-21,MY1,13.53,38.69,31.97,12.1,5.8,254,2021,4,Wed,FALSE,Spring,FALSE,Moderate
2021-04-22,MY1,10.37,36.33,36.9,13.1,3.3,170,2021,4,Thu,FALSE,Spring,FALSE,Moderate
2021-04-23,MY1,9.64,27.95,45.35,11.7,3.8,333,2021,4,Fri,FALSE,Spring,FALSE,Good
2021-04-24,MY1,15.56,43.44,28.23,13.3,4.3,164,2021,4,Sat,TRUE,Spring,FALSE,Moderate
2021-04-25,MY1,11.94,46.8,40.54,11.5,2.9,74,2021,4,Sun,TRUE,Spring,FALSE,Moderate
2021-04-26,MY1,19.58,51.79,34.05,12.1,8.6,224,2021,4,Mon,FALSE,Spring,FALSE,Moderate
2021-04-27,MY1,15.74,41.51,31.6,12.5,6.3,269,2021,4,Tue,FALSE,Spring,FALSE,Moderate
2021-04-28,MY1,21.48,54.61,35.18,15.3,4,73,2021,4,Wed,FALSE,Spring,FALSE,Unhealthy (sensitive)
2021-04-29,MY1,14.36,39.87,33.67,14.6,3.6,43,2021,4,Thu,FALSE,Spring,FALSE,Moderate
2021-04-30,MY1,11.15,33.99,32.78,16.1,10.9,59,2021,4,Fri,FALSE,Spring,FALSE,Moderate
2021-05-01,MY1,13.7,37.53,40.91,15.5,4.5,297,2021,5,Sat,TRUE,Spring,FALSE,Moderate
2021-05-02,MY1,16.55,36.31,34.31,13.3,2.1,77,2021,5,Sun,TRUE,Spring,FALSE,Moderate
2021-05-03,MY1,14.74,50.81,28.11,16.7,2,120,2021,5,Mon,FALSE,Spring,FALSE,Moderate
2021-05-04,MY1,13.13,39.81,35.69,15.6,4.9,164,2021,5,Tue,FALSE,Spring,FALSE,Moderate
2021-05-05,MY1,17.74,42.39,24.34,15,2.6,304,2021,5,Wed,FALSE,Spring,FALSE,Moderate
2021-05-06,MY1,18.87,58.93,31.06,13.8,1.7,191,2021,5,Thu,FALSE,Spring,FALSE,Moderate
2021-05-07,MY1,18.37,52.27,30.99,17.1,3.8,90,2021,5,Fri,FALSE,Spring,FALSE,Moderate
2021-05-08,MY1,13.3,46.06,34.32,18.2,5.5,178,2021,5,Sat,TRUE,Spring,FALSE,Moderate
2021-05-09,MY1,17.89,58.73,28.26,11.5,6.3,15,2021,5,Sun,TRUE,Spring,FALSE,Moderate
2021-05-10,MY1,12.96,38.75,32.11,16.2,5.7,278,2021,5,Mon,FALSE,Spring,FALSE,Moderate
2021-05-11,MY1,6.78,14.85,40.77,16.2,3.3,87,2021,5,Tue,FALSE,Spring,FALSE,Good
2021-05-12,MY1,18.73,48.68,31.98,19.8,5.7,144,2021,5,Wed,FALSE,Spring,FALSE,Moderate
2021-05-13,MY1,13.63,29.8,35.92,13.8,3.7,114,2021,5,Thu,FALSE,Spring,FALSE,Moderate
2021-05-14,MY1,12.7,31.29,37.91,13.1,6.9,84,2021,5,Fri,FALSE,Spring,FALSE,Moderate
2021-05-15,MY1,9.89,10.86,45.63,15.8,4.5,25,2021,5,Sat,TRUE,Spring,FALSE,Good
2021-05-16,MY1,9.39,31.25,36.26,15.7,3,182,2021,5,Sun,TRUE,Spring,FALSE,Good
2021-05-17,MY1,19.11,55.4,32.35,20,3.7,99,2021,5,Mon,FALSE,Spring,FALSE,Moderate
2021-05-18,MY1,19.03,52.23,26.17,15.9,5.8,207,2021,5,Tue,FALSE,Spring,FALSE,Moderate
2021-05-19,MY1,16.4,42.1,26.25,20.2,5.4,131,2021,5,Wed,FALSE,Spring,FALSE,Moderate
2021-05-20,MY1,11.33,25.9,26.65,16.8,7.2,64,2021,5,Thu,FALSE,Spring,FALSE,Moderate
2021-05-21,MY1,12.51,37.69,36.34,20.6,2,142,2021,5,Fri,FALSE,Spring,FALSE,Moderate
2021-05-22,MY1,9.66,37,30.45,15.9,9.2,81,2021,5,Sat,TRUE,Spring,FALSE,Good
2021-05-23,MY1,14.34,44.07,34.38,16.8,4.6,210,2021,5,Sun,TRUE,Spring,FALSE,Moderate
2021-05-24,MY1,12.95,47.97,26.47,15.2,2.2,276,2021,5,Mon,FALSE,Spring,FALSE,Moderate
2021-05-25,MY1,11.3,32.86,39.21,15.6,3.3,249,2021,5,Tue,FALSE,Spring,FALSE,Moderate
2021-05-26,MY1,14.02,38.8,25.84,18.6,3.9,146,2021,5,Wed,FALSE,Spring,FALSE,Moderate
2021-05-27,MY1,15.7,35.65,26.66,16.8,1.9,245,2021,5,Thu,FALSE,Spring,FALSE,Moderate
2021-05-28,MY1,17.22,56.11,29.29,21.7,8.9,38,2021,5,Fri,FALSE,Spring,FALSE,Moderate
2021-05-29,MY1,12.81,21.59,44.96,20.7,3.3,80,2021,5,Sat,TRUE,Spring,FALSE,Moderate
2021-05-30,MY1,8.95,20.22,32.22,13.9,4,105,2021,5,Sun,TRUE,Spring,FALSE,Good
2021-05-31,MY1,18.72,61.79,28.14,16.5,5.6,268,2021,5,Mon,FALSE,Spring,FALSE,Moderate
2021-06-01,MY1,14.21,43.85,34.36,16.9,7.3,58,2021,6,Tue,FALSE,Summer,FALSE,Moderate
2021-06-02,MY1,14.88,46.38,24.16,15.2,5.3,302,2021,6,Wed,FALSE,Summer,FALSE,Moderate
2021-06-03,MY1,11.13,42.19,20.83,19.4,4.4,310,2021,6,Thu,FALSE,Summer,FALSE,Moderate
2021-06-04,MY1,11.5,30.42,28.02,15.8,2.4,316,2021,6,Fri,FALSE,Summer,FALSE,Moderate
2021-06-05,MY1,16.22,54.53,37.2,17.9,2.1,288,2021,6,Sat,TRUE,Summer,FALSE,Moderate
2021-06-06,MY1,11.43,28.15,25.02,13,1.2,325,2021,6,Sun,TRUE,Summer,FALSE,Moderate
2021-06-07,MY1,9.62,22.31,43.16,20.4,5.6,68,2021,6,Mon,FALSE,Summer,FALSE,Good
2021-06-08,MY1,6.92,30.54,38.78,16.2,4.2,93,2021,6,Tue,FALSE,Summer,FALSE,Good
2021-06-09,MY1,14.27,45.22,23.52,16.2,4.7,52,2021,6,Wed,FALSE,Summer,FALSE,Moderate
2021-06-10,MY1,7.85,16.44,44.95,18.6,3,92,2021,6,Thu,FALSE,Summer,FALSE,Good
2021-06-11,MY1,13.07,34.44,23.88,18.6,4,84,2021,6,Fri,FALSE,Summer,FALSE,Moderate
2021-06-12,MY1,10.98,29.16,47.03,13.9,2.9,199,2021,6,Sat,TRUE,Summer,FALSE,Moderate
2021-06-13,MY1,13.66,43.41,34.89,17.1,2.6,320,2021,6,Sun,TRUE,Summer,FALSE,Moderate
2021-06-14,MY1,17.41,46.5,34.99,21.4,4.7,16,2021,6,Mon,FALSE,Summer,FALSE,Moderate
2021-06-15,MY1,9.79,27.05,31.22,18.9,1.8,328,2021,6,Tue,FALSE,Summer,FALSE,Good
2021-06-16,MY1,13.74,42.03,37.3,18.5,1.3,248,2021,6,Wed,FALSE,Summer,FALSE,Moderate
2021-06-17,MY1,12.42,8.37,47.67,19.1,3.6,326,2021,6,Thu,FALSE,Summer,FALSE,Moderate
2021-06-18,MY1,9.9,20.97,44.25,14,5.9,188,2021,6,Fri,FALSE,Summer,FALSE,Good
2021-06-19,MY1,7.99,31.86,46.28,16.6,2.3,336,2021,6,Sat,TRUE,Summer,FALSE,Good
2021-06-20,MY1,6.86,19.22,33.63,16.6,2.1,251,2021,6,Sun,TRUE,Summer,FALSE,Good
2021-06-21,MY1,13.1,28.8,35.04,17.2,6.1,236,2021,6,Mon,FALSE,Summer,FALSE,Moderate
2021-06-22,MY1,15.85,44.09,31.85,20.8,5.4,26,2021,6,Tue,FALSE,Summer,FALSE,Moderate
2021-06-23,MY1,8.05,26.08,36.81,14.2,2.1,22,2021,6,Wed,FALSE,Summer,FALSE,Good
2021-06-24,MY1,15.09,52.88,27.84,21.6,4.1,232,2021,6,Thu,FALSE,Summer,FALSE,Moderate
2021-06-25,MY1,14.01,43.61,31.39,19.4,3,138,2021,6,Fri,FALSE,Summer,FALSE,Moderate
2021-06-26,MY1,13.59,31.72,39.63,16.7,3.3,116,2021,6,Sat,TRUE,Summer,FALSE,Moderate
2021-06-27,MY1,12.07,42.69,27.78,14.6,4.4,323,2021,6,Sun,TRUE,Summer,FALSE,Moderate
2021-06-28,MY1,14.36,47.5,36.54,17.5,7.9,26,2021,6,Mon,FALSE,Summer,FALSE,Moderate
2021-06-29,MY1,11.1,43.98,29.31,18.6,2.8,47,2021,6,Tue,FALSE,Summer,FALSE,Moderate
2021-06-30,MY1,13.52,30.79,45.75,19.9,3.3,345,2021,6,Wed,FALSE,Summer,FALSE,Moderate
2021-07-01,MY1,7.35,24.36,38.43,18.9,6.4,218,2021,7,Thu,FALSE,Summer,FALSE,Good
2021-07-02,MY1,9.01,25.58,31.26,13.1,2.8,336,2021,7,Fri,FALSE,Summer,FALSE,Good
2021-07-03,MY1,16.37,58.38,40.37,21.3,2.1,105,2021,7,Sat,TRUE,Summer,FALSE,Moderate
2021-07-04,MY1,11.89,23.32,45.21,18.8,5.3,37,2021,7,Sun,TRUE,Summer,FALSE,Moderate
2021-07-05,MY1,14.12,30.43,43.32,18.1,3.5,289,2021,7,Mon,FALSE,Summer,FALSE,Moderate
2021-07-06,MY1,12.05,35.31,30.15,18.1,3.8,233,2021,7,Tue,FALSE,Summer,FALSE,Moderate
2021-07-07,MY1,14.45,35,40.4,20,1.7,281,2021,7,Wed,FALSE,Summer,FALSE,Moderate
2021-07-08,MY1,15.78,39.17,37.21,15.1,2.5,176,2021,7,Thu,FALSE,Summer,FALSE,Moderate
2021-07-09,MY1,8.36,21.06,44.18,13,2.6,160,2021,7,Fri,FALSE,Summer,FALSE,Good
2021-07-10,MY1,3.12,7.4,38.16,20.6,2.9,74,2021,7,Sat,TRUE,Summer,FALSE,Good
2021-07-11,MY1,6.62,15.87,33.39,18.7,3.1,95,2021,7,Sun,TRUE,Summer,FALSE,Good
2021-07-12,MY1,11.34,28.58,45.12,16.9,2.6,259,2021,7,Mon,FALSE,Summer,FALSE,Moderate
2021-07-13,MY1,9.41,41.96,26.82,17.6,7.3,67,2021,7,Tue,FALSE,Summer,FALSE,Good
2021-07-14,MY1,12.74,39.37,25.03,15.6,1.5,306,2021,7,Wed,FALSE,Summer,FALSE,Moderate
2021-07-15,MY1,12.07,36.74,39.44,17.3,5.3,113,2021,7,Thu,FALSE,Summer,FALSE,Moderate
2021-07-16,MY1,13.68,35.16,39.11,15.6,4.3,155,2021,7,Fri,FALSE,Summer,FALSE,Moderate
2021-07-17,MY1,5.46,16.06,29.89,17.1,5.1,135,2021,7,Sat,TRUE,Summer,FALSE,Good
2021-07-18,MY1,10.72,48.29,32.45,17.7,2.8,92,2021,7,Sun,TRUE,Summer,FALSE,Moderate
2021-07-19,MY1,7.68,17.34,47.22,18.7,5.8,337,2021,7,Mon,FALSE,Summer,FALSE,Good
2021-07-20,MY1,9.25,38.06,24.33,13.8,3.8,246,2021,7,Tue,FALSE,Summer,FALSE,Good
2021-07-21,MY1,8.85,14.07,40.95,20.8,5.7,236,2021,7,Wed,FALSE,Summer,FALSE,Good
2021-07-22,MY1,17.01,45.85,29.62,18,2.8,96,2021,7,Thu,FALSE,Summer,FALSE,Moderate
2021-07-23,MY1,6.69,23.2,39.76,15.3,4.4,46,2021,7,Fri,FALSE,Summer,FALSE,Good
2021-07-24,MY1,5.52,12.09,45.65,17.9,4,355,2021,7,Sat,TRUE,Summer,FALSE,Good
2021-07-25,MY1,12.3,35.46,36.88,14.5,3.1,143,2021,7,Sun,TRUE,Summer,FALSE,Moderate
2021-07-26,MY1,4.08,17.91,38.89,20.4,4.4,151,2021,7,Mon,FALSE,Summer,FALSE,Good
2021-07-27,MY1,8.63,27.85,35.59,16.2,2.9,70,2021,7,Tue,FALSE,Summer,FALSE,Good
2021-07-28,MY1,11,21.61,36.07,14.3,1.5,127,2021,7,Wed,FALSE,Summer,FALSE,Moderate
2021-07-29,MY1,14.53,46.2,35.29,14.1,1.8,127,2021,7,Thu,FALSE,Summer,FALSE,Moderate
2021-07-30,MY1,11.4,32.87,34.4,16.3,4.5,178,2021,7,Fri,FALSE,Summer,FALSE,Moderate
2021-07-31,MY1,14.27,47.83,33.73,10.8,4.1,284,2021,7,Sat,TRUE,Summer,FALSE,Moderate
2021-08-01,MY1,8.89,17.81,42.4,15.7,8.3,169,2021,8,Sun,TRUE,Summer,FALSE,Good
2021-08-02,MY1,9.28,26.85,39.09,16.2,4.2,201,2021,8,Mon,FALSE,Summer,FALSE,Good
2021-08-03,MY1,9.9,29.13,30.84,15.2,9.4,12,2021,8,Tue,FALSE,Summer,FALSE,Good
2021-08-04,MY1,8.57,11.88,43.14,17.2,7,199,2021,8,Wed,FALSE,Summer,FALSE,Good
2021-08-05,MY1,15.78,34.09,42.65,12,4,127,2021,8,Thu,FALSE,Summer,FALSE,Moderate
2021-08-06,MY1,11.4,10.87,42.79,19.5,3.8,339,2021,8,Fri,FALSE,Summer,FALSE,Moderate
2021-08-07,MY1,5.86,5,33.52,14.6,6.7,79,2021,8,Sat,TRUE,Summer,FALSE,Good
2021-08-08,MY1,9.19,23.63,37.96,16,5,122,2021,8,Sun,TRUE,Summer,FALSE,Good
2021-08-09,MY1,12.5,29.81,40.28,15.5,3.8,156,2021,8,Mon,FALSE,Summer,FALSE,Moderate
2021-08-10,MY1,13.86,19.07,39.21,13.1,3.8,286,2021,8,Tue,FALSE,Summer,FALSE,Moderate
2021-08-11,MY1,14.55,31.34,39.87,17.6,3.8,126,2021,8,Wed,FALSE,Summer,FALSE,Moderate
2021-08-12,MY1,6.35,12.9,37.74,14.2,1.5,224,2021,8,Thu,FALSE,Summer,FALSE,Good
2021-08-13,MY1,11.66,39.71,26.86,13.3,3,75,2021,8,Fri,FALSE,Summer,FALSE,Moderate
2021-08-14,MY1,8.34,18.83,34.88,17.9,3.4,302,2021,8,Sat,TRUE,Summer,FALSE,Good
2021-08-15,MY1,9.02,25.48,39.23,14.8,2.6,230,2021,8,Sun,TRUE,Summer,FALSE,Good
2021-08-16,MY1,11.43,39.22,49.71,14.3,3.3,161,2021,8,Mon,FALSE,Summer,FALSE,Moderate
2021-08-17,MY1,12.61,21.41,36.26,17,11.6,315,2021,8,Tue,FALSE,Summer,FALSE,Moderate
2021-08-18,MY1,11.72,45.65,33.42,11.9,4.1,54,2021,8,Wed,FALSE,Summer,FALSE,Moderate
2021-08-19,MY1,12.41,47.65,27.21,16,4,54,2021,8,Thu,FALSE,Summer,FALSE,Moderate
2021-08-20,MY1,14.01,40.99,42.57,15.4,3.9,48,2021,8,Fri,FALSE,Summer,FALSE,Moderate
2021-08-21,MY1,6.58,21.09,41.06,11.9,5,241,2021,8,Sat,TRUE,Summer,FALSE,Good
2021-08-22,MY1,12.48,37.3,38.07,13.9,4.4,134,2021,8,Sun,TRUE,Summer,FALSE,Moderate
2021-08-23,MY1,17,31.07,29.01,12.8,4.8,320,2021,8,Mon,FALSE,Summer,FALSE,Moderate
2021-08-24,MY1,18.28,52.92,34.74,13.6,9,29,2021,8,Tue,FALSE,Summer,FALSE,Moderate
2021-08-25,MY1,10.52,39.75,25.82,15.7,2.1,68,2021,8,Wed,FALSE,Summer,FALSE,Moderate
2021-08-26,MY1,15.61,57.98,34.44,10.6,8.3,209,2021,8,Thu,FALSE,Summer,FALSE,Moderate
2021-08-27,MY1,13.53,23.95,40.91,12.1,2.5,316,2021,8,Fri,FALSE,Summer,FALSE,Moderate
2021-08-28,MY1,12.22,47.89,26.55,10.2,6.1,283,2021,8,Sat,TRUE,Summer,FALSE,Moderate
2021-08-29,MY1,8.69,23.85,39.84,14,3,204,2021,8,Sun,TRUE,Summer,FALSE,Good
2021-08-30,MY1,13.75,40.68,29.88,12.7,5.1,135,2021,8,Mon,FALSE,Summer,FALSE,Moderate
2021-08-31,MY1,14.46,43.91,23.93,15.1,13.3,106,2021,8,Tue,FALSE,Summer,FALSE,Moderate
2021-09-01,MY1,12.27,40,26.53,6.1,3.3,242,2021,9,Wed,FALSE,Autumn,FALSE,Moderate
2021-09-02,MY1,15.1,45.06,35.21,16.7,2.6,63,2021,9,Thu,FALSE,Autumn,FALSE,Moderate
2021-09-03,MY1,15.71,61,19.36,13.8,2.6,213,2021,9,Fri,FALSE,Autumn,FALSE,Moderate
2021-09-04,MY1,4.88,21.93,36.73,12.8,4.4,92,2021,9,Sat,TRUE,Autumn,FALSE,Good
2021-09-05,MY1,13.85,28.01,26.27,13.6,8.3,108,2021,9,Sun,TRUE,Autumn,FALSE,Moderate
2021-09-06,MY1,13.96,44.28,32.86,14.8,2.1,154,2021,9,Mon,FALSE,Autumn,FALSE,Moderate
2021-09-07,MY1,16.44,45.36,30.46,13.5,0.8,85,2021,9,Tue,FALSE,Autumn,FALSE,Moderate
2021-09-08,MY1,13.89,43.69,37.59,13.8,3.1,18,2021,9,Wed,FALSE,Autumn,FALSE,Moderate
2021-09-09,MY1,11.58,35.87,48.99,10.2,13.1,296,2021,9,Thu,FALSE,Autumn,FALSE,Moderate
2021-09-10,MY1,11.44,34.47,38.17,6.8,5.4,219,2021,9,Fri,FALSE,Autumn,FALSE,Moderate
2021-09-11,MY1,12.08,39,32.28,8.6,6.2,130,2021,9,Sat,TRUE,Autumn,FALSE,Moderate
2021-09-12,MY1,15.61,50.01,32.47,12.9,2.2,123,2021,9,Sun,TRUE,Autumn,FALSE,Moderate
2021-09-13,MY1,14.66,43.32,37.88,11.7,4.9,61,2021,9,Mon,FALSE,Autumn,FALSE,Moderate
2021-09-14,MY1,9.36,40.53,31.34,11.3,2.9,141,2021,9,Tue,FALSE,Autumn,FALSE,Good
2021-09-15,MY1,18.32,59.96,26.69,9.6,3.8,132,2021,9,Wed,FALSE,Autumn,FALSE,Moderate
2021-09-16,MY1,9.28,28.81,40.28,10.5,7.9,22,2021,9,Thu,FALSE,Autumn,FALSE,Good
2021-09-17,MY1,14.77,37.02,43.2,12,7.1,201,2021,9,Fri,FALSE,Autumn,FALSE,Moderate
2021-09-18,MY1,9.49,27.4,28.58,11.6,2.9,342,2021,9,Sat,TRUE,Autumn,FALSE,Good
2021-09-19,MY1,8.32,20.27,44.17,8.2,1.9,106,2021,9,Sun,TRUE,Autumn,FALSE,Good
2021-09-20,MY1,14.4,49.54,30.59,8.3,7.9,59,2021,9,Mon,FALSE,Autumn,FALSE,Moderate
2021-09-21,MY1,15.92,56.94,29.07,11.4,4.5,262,2021,9,Tue,FALSE,Autumn,FALSE,Moderate
2021-09-22,MY1,12.83,47.92,28.8,9.8,7.3,335,2021,9,Wed,FALSE,Autumn,FALSE,Moderate
2021-09-23,MY1,16.61,36.73,38.81,7.8,2.1,67,2021,9,Thu,FALSE,Autumn,FALSE,Moderate
2021-09-24,MY1,13.81,42.8,30.58,6.8,3.5,337,2021,9,Fri,FALSE,Autumn,FALSE,Moderate
2021-09-25,MY1,13.44,56.94,38.25,4.9,3.6,221,2021,9,Sat,TRUE,Autumn,FALSE,Moderate
2021-09-26,MY1,20.13,49.43,27.05,11.4,3.9,327,2021,9,Sun,TRUE,Autumn,FALSE,Unhealthy (sensitive)
2021-09-27,MY1,14.83,39.38,37.97,7,3.4,295,2021,9,Mon,FALSE,Autumn,FALSE,Moderate
2021-09-28,MY1,11.77,30.5,39.04,10.4,1.9,72,2021,9,Tue,FALSE,Autumn,FALSE,Moderate
2021-09-29,MY1,21.15,56.56,22.98,9.6,2.9,298,2021,9,Wed,FALSE,Autumn,FALSE,Unhealthy (sensitive)
2021-09-30,MY1,13.31,38.64,30.09,7.4,1.4,73,2021,9,Thu,FALSE,Autumn,FALSE,Moderate
2021-10-01,MY1,20.19,65.97,30.24,10,5.1,239,2021,10,Fri,FALSE,Autumn,FALSE,Unhealthy (sensitive)
2021-10-02,MY1,10.94,38.36,30.41,12.3,3.6,196,2021,10,Sat,TRUE,Autumn,FALSE,Moderate
2021-10-03,MY1,8.63,20.58,41.73,11.2,6,330,2021,10,Sun,TRUE,Autumn,FALSE,Good
2021-10-04,MY1,16.73,46.89,29.23,7.6,2.3,321,2021,10,Mon,FALSE,Autumn,FALSE,Moderate
2021-10-05,MY1,10.74,40.63,36,8.4,3.3,79,2021,10,Tue,FALSE,Autumn,FALSE,Moderate
2021-10-06,MY1,11.66,21.06,42.78,7.4,5.9,358,2021,10,Wed,FALSE,Autumn,FALSE,Moderate
2021-10-07,MY1,11.44,35.03,42.34,9.3,2.7,354,2021,10,Thu,FALSE,Autumn,FALSE,Moderate
2021-10-08,MY1,8.2,30.5,30.85,10.1,8.5,159,2021,10,Fri,FALSE,Autumn,FALSE,Good
2021-10-09,MY1,10.02,35.86,33.48,7.6,3.3,229,2021,10,Sat,TRUE,Autumn,FALSE,Moderate
2021-10-10,MY1,19.3,59,30.94,5.3,11.9,190,2021,10,Sun,TRUE,Autumn,FALSE,Moderate
2021-10-11,MY1,13.46,26.61,40.25,6,2.7,96,2021,10,Mon,FALSE,Autumn,FALSE,Moderate
2021-10-12,MY1,17.17,47.58,24.33,5.8,3.8,290,2021,10,Tue,FALSE,Autumn,FALSE,Moderate
2021-10-13,MY1,18,50.55,13.98,8.1,3.1,300,2021,10,Wed,FALSE,Autumn,FALSE,Moderate
2021-10-14,MY1,16.49,62.88,22.82,6.2,4.9,308,2021,10,Thu,FALSE,Autumn,FALSE,Moderate
2021-10-15,MY1,16.35,36.99,36.18,6.2,4.3,235,2021,10,Fri,FALSE,Autumn,FALSE,Moderate
2021-10-16,MY1,19.21,59.22,20.83,6.5,5.6,303,2021,10,Sat,TRUE,Autumn,FALSE,Moderate
2021-10-17,MY1,8.11,14.56,37.45,5.9,11,165,2021,10,Sun,TRUE,Autumn,FALSE,Good
2021-10-18,MY1,14.6,37.7,25.17,8.6,4.5,252,2021,10,Mon,FALSE,Autumn,FALSE,Moderate
2021-10-19,MY1,16.82,64.71,24.32,6.6,3.9,192,2021,10,Tue,FALSE,Autumn,FALSE,Moderate
2021-10-20,MY1,16.32,42.64,31.51,6.4,5.7,64,2021,10,Wed,FALSE,Autumn,FALSE,Moderate
2021-10-21,MY1,20.6,54.06,35.72,6.9,7.4,25,2021,10,Thu,FALSE,Autumn,FALSE,Unhealthy (sensitive)
2021-10-22,MY1,14.8,42.33,34.66,4.9,4.1,71,2021,10,Fri,FALSE,Autumn,FALSE,Moderate
2021-10-23,MY1,15.43,30.63,38.63,1.5,4.3,3,2021,10,Sat,TRUE,Autumn,FALSE,Moderate
2021-10-24,MY1,13.63,33.76,34.17,4.8,5.1,257,2021,10,Sun,TRUE,Autumn,FALSE,Moderate
2021-10-25,MY1,15.74,28.74,22.59,8.5,2.1,54,2021,10,Mon,FALSE,Autumn,TRUE,Moderate
2021-10-26,MY1,17.45,29.91,33.11,5.2,5.7,142,2021,10,Tue,FALSE,Autumn,TRUE,Moderate
2021-10-27,MY1,8.41,10.58,39.91,5.5,6.4,200,2021,10,Wed,FALSE,Autumn,TRUE,Good
2021-10-28,MY1,15.31,44.88,47.62,3.9,1.4,101,2021,10,Thu,FALSE,Autumn,TRUE,Moderate
2021-10-29,MY1,13.52,36.92,31.9,7.9,3.7,287,2021,10,Fri,FALSE,Autumn,TRUE,Moderate
2021-10-30,MY1,11.08,22.16,39.64,5.3,2.1,129,2021,10,Sat,TRUE,Autumn,TRUE,Moderate
2021-10-31,MY1,11.42,23.33,37.83,4.6,3,341,2021,10,Sun,TRUE,Autumn,TRUE,Moderate
2021-11-01,MY1,16.67,36.5,32.42,1.1,3.4,126,2021,11,Mon,FALSE,Autumn,TRUE,Moderate
2021-11-02,MY1,18.47,54.41,30.98,6.4,2.6,58,2021,11,Tue,FALSE,Autumn,TRUE,Moderate
2021-11-03,MY1,8.82,19.17,32.3,5.5,4.4,65,2021,11,Wed,FALSE,Autumn,TRUE,Good
2021-11-04,MY1,13.43,24.21,47.73,2.3,5.2,211,2021,11,Thu,FALSE,Autumn,TRUE,Moderate
2021-11-05,MY1,19.38,47.11,35.63,3.8,4.3,294,2021,11,Fri,FALSE,Autumn,TRUE,Moderate
2021-11-06,MY1,7.52,5.69,50.98,3,2.9,164,2021,11,Sat,TRUE,Autumn,TRUE,Good
2021-11-07,MY1,15.22,47.32,29.85,2.7,6.7,354,2021,11,Sun,TRUE,Autumn,TRUE,Moderate
2021-11-08,MY1,15.75,40.69,40.25,3.9,7.3,73,2021,11,Mon,FALSE,Autumn,TRUE,Moderate
2021-11-09,MY1,10.06,21.83,35.53,0.7,11,265,2021,11,Tue,FALSE,Autumn,TRUE,Moderate
2021-11-10,MY1,15.09,40.71,24.63,6.2,3.4,19,2021,11,Wed,FALSE,Autumn,TRUE,Moderate
2021-11-11,MY1,15.83,31.13,32.17,4.5,6.5,249,2021,11,Thu,FALSE,Autumn,TRUE,Moderate
2021-11-12,MY1,13.76,22.62,44.22,4.4,2.2,152,2021,11,Fri,FALSE,Autumn,TRUE,Moderate
2021-11-13,MY1,12.27,27.21,35.62,4.1,1.6,126,2021,11,Sat,TRUE,Autumn,TRUE,Moderate
2021-11-14,MY1,14.92,44.11,32.38,3.4,4,157,2021,11,Sun,TRUE,Autumn,TRUE,Moderate
2021-11-15,MY1,20.01,54.16,26.2,3.4,3.2,338,2021,11,Mon,FALSE,Autumn,TRUE,Unhealthy (sensitive)
2021-11-16,MY1,15.14,24.51,35.3,-0.4,3.1,107,2021,11,Tue,FALSE,Autumn,TRUE,Moderate
2021-11-17,MY1,13.71,38.83,35.85,3.5,9.2,189,2021,11,Wed,FALSE,Autumn,TRUE,Moderate
2021-11-18,MY1,16.04,33.31,31.87,6,7.5,339,2021,11,Thu,FALSE,Autumn,TRUE,Moderate
2021-11-19,MY1,14.88,29.16,34.85,0.6,5.7,268,2021,11,Fri,FALSE,Autumn,TRUE,Moderate
2021-11-20,MY1,11.57,23.73,41.43,7.8,1.6,346,2021,11,Sat,TRUE,Autumn,TRUE,Moderate
2021-11-21,MY1,15.33,30.21,34.23,1.9,7.1,67,2021,11,Sun,TRUE,Autumn,TRUE,Moderate
2021-11-22,MY1,14.5,41.04,44.95,5.9,2.7,154,2021,11,Mon,FALSE,Autumn,TRUE,Moderate
2021-11-23,MY1,19.91,48.74,36.08,3.3,3.5,20,2021,11,Tue,FALSE,Autumn,TRUE,Moderate
2021-11-24,MY1,16.29,26.81,30.22,2.4,4.2,125,2021,11,Wed,FALSE,Autumn,TRUE,Moderate
2021-11-25,MY1,19,56.22,23.75,1.1,6.1,114,2021,11,Thu,FALSE,Autumn,TRUE,Moderate
2021-11-26,MY1,13.79,29.2,38.79,4.2,4.7,183,2021,11,Fri,FALSE,Autumn,TRUE,Moderate
2021-11-27,MY1,15.72,45,25.93,4.6,3,71,2021,11,Sat,TRUE,Autumn,TRUE,Moderate
2021-11-28,MY1,7.93,11.62,40.32,3.1,4.1,354,2021,11,Sun,TRUE,Autumn,TRUE,Good
2021-11-29,MY1,19.2,44.19,33.92,2.8,2.1,345,2021,11,Mon,FALSE,Autumn,TRUE,Moderate
2021-11-30,MY1,21.01,60.52,19.49,-0.5,12.4,321,2021,11,Tue,FALSE,Autumn,TRUE,Unhealthy (sensitive)
2021-12-01,MY1,16.64,46.28,38.09,4.5,3.9,0,2021,12,Wed,FALSE,Winter,TRUE,Moderate
2021-12-02,MY1,17.78,38.42,35.23,2.9,4.1,350,2021,12,Thu,FALSE,Winter,TRUE,Moderate
2021-12-03,MY1,19.06,46.45,28.79,4.3,5.6,117,2021,12,Fri,FALSE,Winter,TRUE,Moderate
2021-12-04,MY1,17.74,45.88,17.93,1.7,3.1,85,2021,12,Sat,TRUE,Winter,TRUE,Moderate
2021-12-05,MY1,15.79,39.85,31.43,4,5.6,247,2021,12,Sun,TRUE,Winter,TRUE,Moderate
2021-12-06,MY1,15.79,36.94,35.38,0.7,2.5,7,2021,12,Mon,FALSE,Winter,TRUE,Moderate
2021-12-07,MY1,16.57,45.58,36.25,4.6,5.8,0,2021,12,Tue,FALSE,Winter,TRUE,Moderate
2021-12-08,MY1,22.09,51.17,35.48,3.1,3.3,235,2021,12,Wed,FALSE,Winter,TRUE,Unhealthy (sensitive)
2021-12-09,MY1,22.35,63.61,29.18,0.9,3.4,231,2021,12,Thu,FALSE,Winter,TRUE,Unhealthy (sensitive)
2021-12-10,MY1,23.95,67.3,19.85,4.5,4.2,137,2021,12,Fri,FALSE,Winter,TRUE,Unhealthy (sensitive)
2021-12-11,MY1,15.18,33.6,28.97,4.3,2.7,256,2021,12,Sat,TRUE,Winter,TRUE,Moderate
2021-12-12,MY1,17.85,44.05,37.3,0,2.6,316,2021,12,Sun,TRUE,Winter,TRUE,Moderate
2021-12-13,MY1,21.8,54.54,27.43,3.8,6.1,236,2021,12,Mon,FALSE,Winter,TRUE,Unhealthy (sensitive)
2021-12-14,MY1,22.69,67.13,28.31,0.2,1.7,142,2021,12,Tue,FALSE,Winter,TRUE,Unhealthy (sensitive)
2021-12-15,MY1,20.03,37.59,31.38,-1.3,3.8,25,2021,12,Wed,FALSE,Winter,TRUE,Unhealthy (sensitive)
2021-12-16,MY1,16.06,31.53,31.57,3.3,6.3,340,2021,12,Thu,FALSE,Winter,TRUE,Moderate
2021-12-17,MY1,20.55,55.97,20.98,1.8,3.6,246,2021,12,Fri,FALSE,Winter,TRUE,Unhealthy (sensitive)
2021-12-18,MY1,16.52,40.36,33.59,1.3,2.5,163,2021,12,Sat,TRUE,Winter,TRUE,Moderate
2021-12-19,MY1,17.4,38.58,42.25,3.2,2.7,179,2021,12,Sun,TRUE,Winter,TRUE,Moderate
2021-12-20,MY1,20.89,43.45,38.46,-0.2,3,342,2021,12,Mon,FALSE,Winter,TRUE,Unhealthy (sensitive)
2021-12-21,MY1,21.43,58.64,21.52,5.3,3.3,215,2021,12,Tue,FALSE,Winter,TRUE,Unhealthy (sensitive)
2021-12-22,MY1,20.72,51.52,46.1,1.2,5.8,355,2021,12,Wed,FALSE,Winter,TRUE,Unhealthy (sensitive)
2021-12-23,MY1,9.37,27.57,35.12,1,4.7,233,2021,12,Thu,FALSE,Winter,TRUE,Good
2021-12-24,MY1,18.9,47.25,38.71,2.7,2.5,319,2021,12,Fri,FALSE,Winter,TRUE,Moderate
2021-12-25,MY1,18,39.64,33.82,6,4,162,2021,12,Sat,TRUE,Winter,TRUE,Moderate
2021-12-26,MY1,16.97,45.51,28.96,0.1,2.9,297,2021,12,Sun,TRUE,Winter,TRUE,Moderate
2021-12-27,MY1,15.42,42.24,34.1,0.4,5.5,138,2021,12,Mon,FALSE,Winter,TRUE,Moderate
2021-12-28,MY1,24.75,49.94,32.55,4.1,3.5,324,2021,12,Tue,FALSE,Winter,TRUE,Unhealthy (sensitive)
2021-12-29,MY1,14.75,41.97,29.12,1.6,3,213,2021,12,Wed,FALSE,Winter,TRUE,Moderate
2021-12-30,MY1,19.54,42.18,22.1,0.7,3.8,132,2021,12,Thu,FALSE,Winter,TRUE,Moderate
2021-12-31,MY1,19.16,46.64,30.26,2,4.6,343,2021,12,Fri,FALSE,Winter,TRUE,Moderate
2022-01-01,MY1,16.7,36.94,40.19,2.7,7.2,243,2022,1,Sat,TRUE,Winter,TRUE,Moderate
2022-01-02,MY1,10.58,13.94,49.13,-0.4,6.1,319,2022,1,Sun,TRUE,Winter,TRUE,Moderate
2022-01-03,MY1,14.9,38.4,34.36,6,5,92,2022,1,Mon,FALSE,Winter,TRUE,Moderate
2022-01-04,MY1,19.33,50.59,30.9,5.9,2.8,112,2022,1,Tue,FALSE,Winter,TRUE,Moderate
2022-01-05,MY1,20.33,54.8,33.43,1.2,3.8,285,2022,1,Wed,FALSE,Winter,TRUE,Unhealthy (sensitive)
2022-01-06,MY1,22.3,53.36,27.86,0.4,3.5,279,2022,1,Thu,FALSE,Winter,TRUE,Unhealthy (sensitive)
2022-01-07,MY1,19.65,57.18,36.09,1.5,3,80,2022,1,Fri,FALSE,Winter,TRUE,Moderate
2022-01-08,MY1,14.5,32.11,45.04,-3.1,4.5,90,2022,1,Sat,TRUE,Winter,TRUE,Moderate
2022-01-09,MY1,19.24,41.6,30.33,3.2,4.1,151,2022,1,Sun,TRUE,Winter,TRUE,Moderate
2022-01-10,MY1,21.7,47.71,35.3,3.1,7.5,224,2022,1,Mon,FALSE,Winter,TRUE,Unhealthy (sensitive)
2022-01-11,MY1,18.1,45.9,31.85,3.3,9.1,100,2022,1,Tue,FALSE,Winter,TRUE,Moderate
2022-01-12,MY1,21.72,74.09,21.9,3.3,5.6,96,2022,1,Wed,FALSE,Winter,TRUE,Unhealthy (sensitive)
2022-01-13,MY1,16.07,53.52,32.12,-0.3,4.2,30,2022,1,Thu,FALSE,Winter,TRUE,Moderate
2022-01-14,MY1,19.73,58.59,25.52,1.5,4.6,182,2022,1,Fri,FALSE,Winter,TRUE,Moderate
2022-01-15,MY1,12.17,23.54,37.2,2,3.8,293,2022,1,Sat,TRUE,Winter,TRUE,Moderate
2022-01-16,MY1,16.72,44.86,23.45,1.1,4,351,2022,1,Sun,TRUE,Winter,TRUE,Moderate
2022-01-17,MY1,12.94,31.77,35.76,2.5,4.4,331,2022,1,Mon,FALSE,Winter,TRUE,Moderate
2022-01-18,MY1,13.91,19.75,27.14,5.2,2.9,329,2022,1,Tue,FALSE,Winter,TRUE,Moderate
2022-01-19,MY1,18.79,49.92,35.96,3.3,3.1,109,2022,1,Wed,FALSE,Winter,TRUE,Moderate
2022-01-20,MY1,22.41,57.18,29.45,3.8,3.5,87,2022,1,Thu,FALSE,Winter,TRUE,Unhealthy (sensitive)
2022-01-21,MY1,17.54,44.6,30.33,4.8,2.5,116,2022,1,Fri,FALSE,Winter,TRUE,Moderate
2022-01-22,MY1,17,32.13,34.51,4.1,3.9,240,2022,1,Sat,TRUE,Winter,TRUE,Moderate
2022-01-23,MY1,14.27,27.44,44.65,1.5,5.3,321,2022,1,Sun,TRUE,Winter,TRUE,Moderate
2022-01-24,MY1,21.4,67.6,40.24,4.1,4.1,291,2022,1,Mon,FALSE,Winter,TRUE,Unhealthy (sensitive)
2022-01-25,MY1,17.56,42.95,30.75,5.9,3.3,322,2022,1,Tue,FALSE,Winter,TRUE,Moderate
2022-01-26,MY1,19.6,55.35,22.05,1.2,9.4,124,2022,1,Wed,FALSE,Winter,TRUE,Moderate
2022-01-27,MY1,21.13,65.45,16.73,3.3,1.7,327,2022,1,Thu,FALSE,Winter,TRUE,Unhealthy (sensitive)
2022-01-28,MY1,22.49,67.37,30.92,4.7,3.5,153,2022,1,Fri,FALSE,Winter,TRUE,Unhealthy (sensitive)
2022-01-29,MY1,17.32,42.93,33.91,5.2,3.5,356,2022,1,Sat,TRUE,Winter,TRUE,Moderate
2022-01-30,MY1,12.01,26.36,45.04,1.9,1.3,292,2022,1,Sun,TRUE,Winter,TRUE,Moderate
2022-01-31,MY1,18.81,43.03,40.03,3.9,6.9,34,2022,1,Mon,FALSE,Winter,TRUE,Moderate
2022-02-01,MY1,15.6,42.13,39.45,3.9,2.4,300,2022,2,Tue,FALSE,Winter,TRUE,Moderate
2022-02-02,MY1,15.86,26.92,38.34,2.3,4.3,28,2022,2,Wed,FALSE,Winter,TRUE,Moderate
2022-02-03,MY1,19.93,42.04,15.97,6.3,4.8,119,2022,2,Thu,FALSE,Winter,TRUE,Moderate
2022-02-04,MY1,17.92,58.69,25.54,4.6,4.6,239,2022,2,Fri,FALSE,Winter,TRUE,Moderate
2022-02-05,MY1,17.17,52.47,29.83,5.3,3.6,44,2022,2,Sat,TRUE,Winter,TRUE,Moderate
2022-02-06,MY1,14.52,32.27,26.28,8.8,12.5,66,2022,2,Sun,TRUE,Winter,TRUE,Moderate
2022-02-07,MY1,20.03,52.25,20.46,3.1,5.4,99,2022,2,Mon,FALSE,Winter,TRUE,Unhealthy (sensitive)
2022-02-08,MY1,17.39,45.21,29.79,5.5,3.9,190,2022,2,Tue,FALSE,Winter,TRUE,Moderate
2022-02-09,MY1,16.13,41.86,42.27,4.9,3,157,2022,2,Wed,FALSE,Winter,TRUE,Moderate
2022-02-10,MY1,14,28.14,33.23,4,6.8,291,2022,2,Thu,FALSE,Winter,TRUE,Moderate
2022-02-11,MY1,14.28,38.85,34.5,3.5,3.1,123,2022,2,Fri,FALSE,Winter,TRUE,Moderate
2022-02-12,MY1,15.16,35.39,35.19,5.6,3.4,31,2022,2,Sat,TRUE,Winter,TRUE,Moderate
2022-02-13,MY1,14.13,33.94,33.85,4.6,2.9,58,2022,2,Sun,TRUE,Winter,TRUE,Moderate
2022-02-14,MY1,13.62,38.5,37.74,5,5.1,0,2022,2,Mon,FALSE,Winter,TRUE,Moderate
2022-02-15,MY1,17.87,36.89,40.98,5.6,3.2,343,2022,2,Tue,FALSE,Winter,TRUE,Moderate
2022-02-16,MY1,15.67,31.85,44.36,6.7,2.7,240,2022,2,Wed,FALSE,Winter,TRUE,Moderate
2022-02-17,MY1,21.96,46.02,23.35,6.5,8.6,301,2022,2,Thu,FALSE,Winter,TRUE,Unhealthy (sensitive)
2022-02-18,MY1,18.68,47.64,32.27,4.9,8.5,290,2022,2,Fri,FALSE,Winter,TRUE,Moderate
2022-02-19,MY1,16.97,43.37,24.48,3.8,16.3,294,2022,2,Sat,TRUE,Winter,TRUE,Moderate
2022-02-20,MY1,14.08,32.72,32.93,7.1,5.7,268,2022,2,Sun,TRUE,Winter,TRUE,Moderate
2022-02-21,MY1,25.82,71.41,28.6,9.6,2.6,86,2022,2,Mon,FALSE,Winter,TRUE,Unhealthy
2022-02-22,MY1,7.89,19.62,46.62,6.1,8.5,257,2022,2,Tue,FALSE,Winter,TRUE,Good
2022-02-23,MY1,14.76,48.49,32.53,6.9,5.3,272,2022,2,Wed,FALSE,Winter,TRUE,Moderate
2022-02-24,MY1,18.15,65.97,24.69,5.7,5.2,146,2022,2,Thu,FALSE,Winter,TRUE,Moderate
2022-02-25,MY1,17.69,43.87,26.82,8.9,4,134,2022,2,Fri,FALSE,Winter,TRUE,Moderate
2022-02-26,MY1,22.53,52.47,30.58,6.7,2.7,4,2022,2,Sat,TRUE,Winter,TRUE,Unhealthy (sensitive)
2022-02-27,MY1,17.66,65.37,27.22,6.1,2,44,2022,2,Sun,TRUE,Winter,TRUE,Moderate
2022-02-28,MY1,20.17,61.2,29.84,10,6.1,293,2022,2,Mon,FALSE,Winter,TRUE,Unhealthy (sensitive)
2022-03-01,MY1,19.52,44.47,29.47,6.1,4.6,230,2022,3,Tue,FALSE,Spring,TRUE,Moderate
2022-03-02,MY1,10.75,30.55,36.96,7.4,2.1,45,2022,3,Wed,FALSE,Spring,TRUE,Moderate
2022-03-03,MY1,15.69,35.36,29.33,6.9,3.8,95,2022,3,Thu,FALSE,Spring,TRUE,Moderate
2022-03-04,MY1,14.51,32.39,38.19,7.2,3.1,73,2022,3,Fri,FALSE,Spring,TRUE,Moderate
2022-03-05,MY1,11.61,33.79,35.17,6.4,2.7,20,2022,3,Sat,TRUE,Spring,TRUE,Moderate
2022-03-06,MY1,13.77,25.23,35.14,7.8,1.3,279,2022,3,Sun,TRUE,Spring,TRUE,Moderate
2022-03-07,MY1,13.86,35.4,27.25,8,2.2,218,2022,3,Mon,FALSE,Spring,TRUE,Moderate
2022-03-08,MY1,18.23,54.55,30.09,9.3,6,188,2022,3,Tue,FALSE,Spring,TRUE,Moderate
2022-03-09,MY1,20.06,52.18,30.91,9.4,1.4,10,2022,3,Wed,FALSE,Spring,TRUE,Unhealthy (sensitive)
2022-03-10,MY1,17.71,42.71,38.48,9.1,2.8,129,2022,3,Thu,FALSE,Spring,TRUE,Moderate
2022-03-11,MY1,13.93,40,41.48,8.2,4.2,252,2022,3,Fri,FALSE,Spring,TRUE,Moderate
2022-03-12,MY1,10.89,30.04,43.9,11.4,1.9,111,2022,3,Sat,TRUE,Spring,TRUE,Moderate
2022-03-13,MY1,11.25,23.97,49.72,5.6,2.7,244,2022,3,Sun,TRUE,Spring,TRUE,Moderate
2022-03-14,MY1,13.2,43.75,34.9,9.1,2.6,270,2022,3,Mon,FALSE,Spring,TRUE,Moderate
2022-03-15,MY1,15.33,30.43,44.23,9.5,3.5,305,2022,3,Tue,FALSE,Spring,TRUE,Moderate
2022-03-16,MY1,17.47,37.5,37.43,10.9,6.1,280,2022,3,Wed,FALSE,Spring,TRUE,Moderate
2022-03-17,MY1,17.12,45.96,26.7,11.1,3.7,305,2022,3,Thu,FALSE,Spring,TRUE,Moderate
2022-03-18,MY1,19.11,54.81,30.73,7.7,3.2,10,2022,3,Fri,FALSE,Spring,TRUE,Moderate
2022-03-19,MY1,10.5,31.05,38.05,12.7,7,196,2022,3,Sat,TRUE,Spring,TRUE,Moderate
2022-03-20,MY1,12.68,37.16,29.62,5.9,7.1,232,2022,3,Sun,TRUE,Spring,TRUE,Moderate
2022-03-21,MY1,17.13,46.97,30.86,7.6,1.9,248,2022,3,Mon,FALSE,Spring,TRUE,Moderate
2022-03-22,MY1,12.9,47.14,29.78,8.9,4.3,203,2022,3,Tue,FALSE,Spring,TRUE,Moderate
2022-03-23,MY1,12.89,32.72,30.83,10.6,4.5,213,2022,3,Wed,FALSE,Spring,TRUE,Moderate
2022-03-24,MY1,13.73,27.47,35.01,9.5,3.7,294,2022,3,Thu,FALSE,Spring,TRUE,Moderate
2022-03-25,MY1,13.73,33.7,26.58,10.4,3.2,234,2022,3,Fri,FALSE,Spring,TRUE,Moderate
2022-03-26,MY1,14.66,13.94,46.43,12.3,7.4,243,2022,3,Sat,TRUE,Spring,TRUE,Moderate
2022-03-27,MY1,11.36,25.82,39.12,8.1,5.5,329,2022,3,Sun,TRUE,Spring,TRUE,Moderate
2022-03-28,MY1,18.25,48,35.78,5.8,5.9,65,2022,3,Mon,FALSE,Spring,TRUE,Moderate
2022-03-29,MY1,14.97,32.53,46,10.7,8.8,320,2022,3,Tue,FALSE,Spring,TRUE,Moderate
2022-03-30,MY1,16.92,48.77,25.52,12.1,2.4,244,2022,3,Wed,FALSE,Spring,TRUE,Moderate
2022-03-31,MY1,13.81,36.15,32.37,12.6,2.5,38,2022,3,Thu,FALSE,Spring,TRUE,Moderate
2022-04-01,MY1,14.42,35.91,38,13.8,6.4,94,2022,4,Fri,FALSE,Spring,TRUE,Moderate
2022-04-02,MY1,13.09,19.77,37.15,16.3,2.7,178,2022,4,Sat,TRUE,Spring,TRUE,Moderate
2022-04-03,MY1,14.97,42.2,26.41,12,4.7,303,2022,4,Sun,TRUE,Spring,TRUE,Moderate
2022-04-04,MY1,19.35,29.89,35.72,12.1,2.5,352,2022,4,Mon,FALSE,Spring,TRUE,Moderate
2022-04-05,MY1,18.22,39.52,34.97,14.7,4.6,166,2022,4,Tue,FALSE,Spring,TRUE,Moderate
2022-04-06,MY1,18,38.25,26.68,9.9,1.6,47,2022,4,Wed,FALSE,Spring,TRUE,Moderate
2022-04-07,MY1,16.26,27.3,40.67,12.5,4.6,16,2022,4,Thu,FALSE,Spring,TRUE,Moderate
2022-04-08,MY1,15.68,40.22,36.57,14.9,3,257,2022,4,Fri,FALSE,Spring,TRUE,Moderate
2022-04-09,MY1,11.91,33.4,28.2,14.5,2.7,124,2022,4,Sat,TRUE,Spring,TRUE,Moderate
2022-04-10,MY1,11.99,30.47,36.76,15.6,3.4,203,2022,4,Sun,TRUE,Spring,TRUE,Moderate
2022-04-11,MY1,11.35,15.92,44.73,11.9,5.1,141,2022,4,Mon,FALSE,Spring,TRUE,Moderate
2022-04-12,MY1,21.61,53.25,22,14.7,8.8,260,2022,4,Tue,FALSE,Spring,TRUE,Unhealthy (sensitive)
2022-04-13,MY1,12.38,22.43,35.16,11,2.5,225,2022,4,Wed,FALSE,Spring,TRUE,Moderate
2022-04-14,MY1,13.38,38.64,31.95,16.4,3.2,45,2022,4,Thu,FALSE,Spring,TRUE,Moderate
2022-04-15,MY1,14.02,29.34,33.78,16.3,2.9,42,2022,4,Fri,FALSE,Spring,TRUE,Moderate
2022-04-16,MY1,11.18,41.94,26.1,17.5,4.4,97,2022,4,Sat,TRUE,Spring,TRUE,Moderate
2022-04-17,MY1,6.88,20.42,40.57,13.2,2.6,71,2022,4,Sun,TRUE,Spring,TRUE,Good
2022-04-18,MY1,12.61,29.27,36.05,12.5,4.8,120,2022,4,Mon,FALSE,Spring,TRUE,Moderate
2022-04-19,MY1,13.49,30.44,43.9,15.9,4.7,3,2022,4,Tue,FALSE,Spring,TRUE,Moderate
2022-04-20,MY1,11.13,21.17,36.33,14.7,4.6,298,2022,4,Wed,FALSE,Spring,TRUE,Moderate
2022-04-21,MY1,10.8,23.91,32.61,15.2,3.6,70,2022,4,Thu,FALSE,Spring,TRUE,Moderate
2022-04-22,MY1,9.86,21.55,50.47,13.9,4.7,148,2022,4,Fri,FALSE,Spring,TRUE,Good
2022-04-23,MY1,6.78,22.09,39.09,11.9,3.1,195,2022,4,Sat,TRUE,Spring,TRUE,Good
2022-04-24,MY1,13.71,41.41,24.82,16.3,2.9,205,2022,4,Sun,TRUE,Spring,TRUE,Moderate
2022-04-25,MY1,11.21,23.31,39.89,12.5,3,87,2022,4,Mon,FALSE,Spring,TRUE,Moderate
2022-04-26,MY1,13.85,25.41,39.92,17.4,7.3,345,2022,4,Tue,FALSE,Spring,TRUE,Moderate
2022-04-27,MY1,14.95,32.46,49.23,18.5,5.6,37,2022,4,Wed,FALSE,Spring,TRUE,Moderate
2022-04-28,MY1,13.04,50.74,35.11,16.3,5.5,216,2022,4,Thu,FALSE,Spring,TRUE,Moderate
2022-04-29,MY1,7.55,15.73,29.3,16.8,1.7,143,2022,4,Fri,FALSE,Spring,TRUE,Good
2022-04-30,MY1,10.34,17.67,48.14,15.6,5.3,280,2022,4,Sat,TRUE,Spring,TRUE,Moderate
2022-05-01,MY1,6.49,8,51.66,16,8.3,205,2022,5,Sun,TRUE,Spring,TRUE,Good
2022-05-02,MY1,11.64,19.07,34.97,14.8,2.4,359,2022,5,Mon,FALSE,Spring,TRUE,Moderate
2022-05-03,MY1,5.52,5,48.1,14.3,3.8,35,2022,5,Tue,FALSE,Spring,TRUE,Good
2022-05-04,MY1,12.51,28.9,33.26,13.9,3.8,235,2022,5,Wed,FALSE,Spring,TRUE,Moderate
2022-05-05,MY1,16.53,48.65,27.27,16.3,4.4,293,2022,5,Thu,FALSE,Spring,TRUE,Moderate
2022-05-06,MY1,11.25,26.57,31.87,15.9,3.5,138,2022,5,Fri,FALSE,Spring,TRUE,Moderate
2022-05-07,MY1,11.92,26.83,42.4,15.2,10.7,185,2022,5,Sat,TRUE,Spring,TRUE,Moderate
2022-05-08,MY1,10.08,21.58,39.8,19.5,3.9,58,2022,5,Sun,TRUE,Spring,TRUE,Moderate
2022-05-09,MY1,8.65,14.56,43.63,12.1,6.1,28,2022,5,Mon,FALSE,Spring,TRUE,Good
2022-05-10,MY1,16.07,34.63,30.64,18.5,4.2,350,2022,5,Tue,FALSE,Spring,TRUE,Moderate
2022-05-11,MY1,8.65,23.73,46.21,19.4,4.4,327,2022,5,Wed,FALSE,Spring,TRUE,Good
2022-05-12,MY1,11.09,35.11,33.54,18,2.5,20,2022,5,Thu,FALSE,Spring,TRUE,Moderate
2022-05-13,MY1,14.81,37.29,39.66,16.6,8.7,155,2022,5,Fri,FALSE,Spring,TRUE,Moderate
2022-05-14,MY1,8.81,8.52,33.17,18.3,5.7,252,2022,5,Sat,TRUE,Spring,TRUE,Good
2022-05-15,MY1,14.18,42.96,33.43,16,5.9,105,2022,5,Sun,TRUE,Spring,TRUE,Moderate
2022-05-16,MY1,11.77,34.43,32.64,19.2,4.8,209,2022,5,Mon,FALSE,Spring,TRUE,Moderate
2022-05-17,MY1,11.51,13.34,46.13,17.2,7.6,102,2022,5,Tue,FALSE,Spring,TRUE,Moderate
2022-05-18,MY1,14.07,27.41,25.6,17.2,6.4,68,2022,5,Wed,FALSE,Spring,TRUE,Moderate
2022-05-19,MY1,16.19,50.97,29.08,18,3.8,47,2022,5,Thu,FALSE,Spring,TRUE,Moderate
2022-05-20,MY1,13.6,32.66,43.33,20.2,1.5,88,2022,5,Fri,FALSE,Spring,TRUE,Moderate
2022-05-21,MY1,9.58,20.47,41.24,17.1,4.1,182,2022,5,Sat,TRUE,Spring,TRUE,Good
2022-05-22,MY1,10.89,25.23,26.92,18.7,2.5,237,2022,5,Sun,TRUE,Spring,TRUE,Moderate
2022-05-23,MY1,11.41,44.7,19.44,17.2,3.2,62,2022,5,Mon,FALSE,Spring,TRUE,Moderate
2022-05-24,MY1,7.84,19.74,44.43,18.1,3.6,31,2022,5,Tue,FALSE,Spring,TRUE,Good
2022-05-25,MY1,9.9,16.08,41.2,17.8,3.5,226,2022,5,Wed,FALSE,Spring,TRUE,Good
2022-05-26,MY1,9.02,31.04,34.53,16,7.3,155,2022,5,Thu,FALSE,Spring,TRUE,Good
2022-05-27,MY1,10.36,22.83,45.6,15.6,3.4,178,2022,5,Fri,FALSE,Spring,TRUE,Moderate
2022-05-28,MY1,12.79,28.93,36.51,20.7,2.9,206,2022,5,Sat,TRUE,Spring,TRUE,Moderate
2022-05-29,MY1,2.23,5,46.35,17.6,5.6,230,2022,5,Sun,TRUE,Spring,TRUE,Good
2022-05-30,MY1,8.52,28.94,39.59,20.7,2,173,2022,5,Mon,FALSE,Spring,TRUE,Good
2022-05-31,MY1,6.22,5,33.83,17.9,3.7,265,2022,5,Tue,FALSE,Spring,TRUE,Good
2022-06-01,MY1,8.85,27.8,38.81,17.7,2.4,232,2022,6,Wed,FALSE,Summer,TRUE,Good
2022-06-02,MY1,10.2,16.97,33.82,19.2,5.7,194,2022,6,Thu,FALSE,Summer,TRUE,Moderate
2022-06-03,MY1,3.76,6.86,41.13,19.6,10.2,299,2022,6,Fri,FALSE,Summer,TRUE,Good
2022-06-04,MY1,11.54,19.73,50.76,15.5,2.2,75,2022,6,Sat,TRUE,Summer,TRUE,Moderate
2022-06-05,MY1,6.63,5,32.81,14.8,3,293,2022,6,Sun,TRUE,Summer,TRUE,Good
2022-06-06,MY1,9.29,8.33,44.66,20.2,2.8,46,2022,6,Mon,FALSE,Summer,TRUE,Good
2022-06-07,MY1,12.87,31.79,37.16,20.4,4.1,180,2022,6,Tue,FALSE,Summer,TRUE,Moderate
2022-06-08,MY1,5.9,8.5,51.7,14,6.3,325,2022,6,Wed,FALSE,Summer,TRUE,Good
2022-06-09,MY1,9.63,18.94,21.71,17.9,8.4,138,2022,6,Thu,FALSE,Summer,TRUE,Good
2022-06-10,MY1,6.67,5,42.42,17.4,3.3,90,2022,6,Fri,FALSE,Summer,TRUE,Good
2022-06-11,MY1,7.78,12.79,39.42,21.8,6.2,236,2022,6,Sat,TRUE,Summer,TRUE,Good
2022-06-12,MY1,2.4,5.75,46.17,18.9,5.3,117,2022,6,Sun,TRUE,Summer,TRUE,Good
2022-06-13,MY1,5.69,18.05,45.92,21.4,5.2,224,2022,6,Mon,FALSE,Summer,TRUE,Good
2022-06-14,MY1,9.19,29.99,35.36,17.9,4.7,229,2022,6,Tue,FALSE,Summer,TRUE,Good
2022-06-15,MY1,12.17,32.22,37.23,14.9,15.8,33,2022,6,Wed,FALSE,Summer,TRUE,Moderate
2022-06-16,MY1,9.71,23.04,32.41,18.1,3.6,172,2022,6,Thu,FALSE,Summer,TRUE,Good
2022-06-17,MY1,9.26,25.98,41.21,18,3.2,47,2022,6,Fri,FALSE,Summer,TRUE,Good
2022-06-18,MY1,8.11,5,39.49,17.2,3.1,208,2022,6,Sat,TRUE,Summer,TRUE,Good
2022-06-19,MY1,1.17,6.29,43.36,20.8,2.3,140,2022,6,Sun,TRUE,Summer,TRUE,Good
2022-06-20,MY1,9.53,12.09,45.08,18,1.6,325,2022,6,Mon,FALSE,Summer,TRUE,Good
2022-06-21,MY1,7.9,14.79,42.36,18.6,3.7,219,2022,6,Tue,FALSE,Summer,TRUE,Good
2022-06-22,MY1,13.98,39.02,32.73,18.6,3.2,359,2022,6,Wed,FALSE,Summer,TRUE,Moderate
2022-06-23,MY1,9.44,25.35,34.59,20.4,5.3,316,2022,6,Thu,FALSE,Summer,TRUE,Good
2022-06-24,MY1,9.53,16.04,41.85,17.5,9.2,58,2022,6,Fri,FALSE,Summer,TRUE,Good
2022-06-25,MY1,4.96,26.28,31.17,21.9,3.3,317,2022,6,Sat,TRUE,Summer,TRUE,Good
2022-06-26,MY1,2.33,5,42.99,18.5,1.6,234,2022,6,Sun,TRUE,Summer,TRUE,Good
2022-06-27,MY1,9.79,23.67,35.35,20.8,4.6,296,2022,6,Mon,FALSE,Summer,TRUE,Good
2022-06-28,MY1,11.09,20.04,36.87,18.2,4.6,200,2022,6,Tue,FALSE,Summer,TRUE,Moderate
2022-06-29,MY1,15.51,45.16,31.52,17.6,2.5,158,2022,6,Wed,FALSE,Summer,TRUE,Moderate
2022-06-30,MY1,9.36,27.8,32.69,18.2,7.4,315,2022,6,Thu,FALSE,Summer,TRUE,Good
2022-07-01,MY1,5.18,5,50.9,20.9,10.3,214,2022,7,Fri,FALSE,Summer,TRUE,Good
2022-07-02,MY1,8.79,5,49.3,17,2.4,168,2022,7,Sat,TRUE,Summer,TRUE,Good
2022-07-03,MY1,8.88,35.62,49.57,15.6,2.1,293,2022,7,Sun,TRUE,Summer,TRUE,Good
2022-07-04,MY1,3.57,5,38.67,16.7,4.7,221,2022,7,Mon,FALSE,Summer,TRUE,Good
2022-07-05,MY1,8.74,13.19,37.27,14.3,3.4,95,2022,7,Tue,FALSE,Summer,TRUE,Good
2022-07-06,MY1,14.91,40.07,35.05,20.2,5.7,85,2022,7,Wed,FALSE,Summer,TRUE,Moderate
2022-07-07,MY1,8.95,25.77,36.33,14.7,3.9,128,2022,7,Thu,FALSE,Summer,TRUE,Good
2022-07-08,MY1,5.25,17.48,45.12,18.6,1.3,36,2022,7,Fri,FALSE,Summer,TRUE,Good
2022-07-09,MY1,7.67,24.49,30.25,16.6,3.5,308,2022,7,Sat,TRUE,Summer,TRUE,Good
2022-07-10,MY1,6.73,13.36,39.13,18.2,4.7,193,2022,7,Sun,TRUE,Summer,TRUE,Good
2022-07-11,MY1,8.42,7.82,35.53,17.6,1.8,195,2022,7,Mon,FALSE,Summer,TRUE,Good
2022-07-12,MY1,11.69,24.79,52.44,16.9,1.6,89,2022,7,Tue,FALSE,Summer,TRUE,Moderate
2022-07-13,MY1,7.84,15.15,43.22,18,4.9,185,2022,7,Wed,FALSE,Summer,TRUE,Good
2022-07-14,MY1,9.7,18.4,32.35,19,3,275,2022,7,Thu,FALSE,Summer,TRUE,Good
2022-07-15,MY1,7.16,27.55,36.69,14.5,5.1,155,2022,7,Fri,FALSE,Summer,TRUE,Good
2022-07-16,MY1,6.67,14.79,44.18,15,7.7,37,2022,7,Sat,TRUE,Summer,TRUE,Good
2022-07-17,MY1,7.9,27.67,33.77,18.2,5.6,318,2022,7,Sun,TRUE,Summer,TRUE,Good
2022-07-18,MY1,7.79,22,41.84,16.2,5.4,298,2022,7,Mon,FALSE,Summer,TRUE,Good
2022-07-19,MY1,9.7,23.96,33.91,16.4,5.9,325,2022,7,Tue,FALSE,Summer,TRUE,Good
2022-07-20,MY1,12.06,26.93,41.63,18.4,4.3,162,2022,7,Wed,FALSE,Summer,TRUE,Moderate
2022-07-21,MY1,7.53,18.2,39.91,14.6,15.6,278,2022,7,Thu,FALSE,Summer,TRUE,Good
2022-07-22,MY1,10.08,14.69,33.33,14.4,6.8,53,2022,7,Fri,FALSE,Summer,TRUE,Moderate
2022-07-23,MY1,8.43,14.33,44.92,15.8,3.3,328,2022,7,Sat,TRUE,Summer,TRUE,Good
2022-07-24,MY1,1,5,46,15.4,8.1,25,2022,7,Sun,TRUE,Summer,TRUE,Good
2022-07-25,MY1,6.59,8.62,35.09,19.4,5.2,66,2022,7,Mon,FALSE,Summer,TRUE,Good
2022-07-26,MY1,8.82,19.32,41.9,15.8,4.7,176,2022,7,Tue,FALSE,Summer,TRUE,Good
2022-07-27,MY1,8.67,20.88,36.46,19.1,4.3,294,2022,7,Wed,FALSE,Summer,TRUE,Good
2022-07-28,MY1,6.12,17.2,37.66,13.7,7.9,149,2022,7,Thu,FALSE,Summer,TRUE,Good
2022-07-29,MY1,6.84,18.32,44.5,14.1,3.7,329,2022,7,Fri,FALSE,Summer,TRUE,Good
2022-07-30,MY1,4.35,5,40.78,15.9,2.9,180,2022,7,Sat,TRUE,Summer,TRUE,Good
2022-07-31,MY1,7.78,8.89,35.86,18.4,6.9,47,2022,7,Sun,TRUE,Summer,TRUE,Good
2022-08-01,MY1,7.1,6.12,56.91,14.9,1.6,344,2022,8,Mon,FALSE,Summer,TRUE,Good
2022-08-02,MY1,3.23,5,42.5,16,2.9,104,2022,8,Tue,FALSE,Summer,TRUE,Good
2022-08-03,MY1,10.15,21.48,34.63,12.5,2.7,48,2022,8,Wed,FALSE,Summer,TRUE,Moderate
2022-08-04,MY1,8.02,11.23,38.74,14.1,3.7,132,2022,8,Thu,FALSE,Summer,TRUE,Good
2022-08-05,MY1,6.63,21.61,30.38,14.2,2.2,21,2022,8,Fri,FALSE,Summer,TRUE,Good
2022-08-06,MY1,5.69,11.62,45.42,10.5,3,300,2022,8,Sat,TRUE,Summer,TRUE,Good
2022-08-07,MY1,3.7,5,43.26,14.1,4,58,2022,8,Sun,TRUE,Summer,TRUE,Good
2022-08-08,MY1,7.45,31.31,25.07,14.8,1.8,180,2022,8,Mon,FALSE,Summer,TRUE,Good
2022-08-09,MY1,5.95,8.92,47.53,15.1,1.5,163,2022,8,Tue,FALSE,Summer,TRUE,Good
2022-08-10,MY1,11.79,29.99,33.86,18,3.7,239,2022,8,Wed,FALSE,Summer,TRUE,Moderate
2022-08-11,MY1,4.48,5,55.4,15.6,1.8,163,2022,8,Thu,FALSE,Summer,TRUE,Good
2022-08-12,MY1,9.06,16.82,35.8,14.4,4.2,286,2022,8,Fri,FALSE,Summer,TRUE,Good
2022-08-13,MY1,7.7,7.41,41.71,16,6.9,152,2022,8,Sat,TRUE,Summer,TRUE,Good
2022-08-14,MY1,7.73,24.64,37.27,14,4.5,110,2022,8,Sun,TRUE,Summer,TRUE,Good
2022-08-15,MY1,9.2,14.98,38.43,11.7,2.5,121,2022,8,Mon,FALSE,Summer,TRUE,Good
2022-08-16,MY1,4.94,9.62,47.23,12.8,3.8,158,2022,8,Tue,FALSE,Summer,TRUE,Good
2022-08-17,MY1,1.49,5,42.57,13.1,2.5,81,2022,8,Wed,FALSE,Summer,TRUE,Good
2022-08-18,MY1,16.79,31.44,25.93,13.2,2.8,245,2022,8,Thu,FALSE,Summer,TRUE,Moderate
2022-08-19,MY1,11.1,32.71,29.38,10.9,6.8,333,2022,8,Fri,FALSE,Summer,TRUE,Moderate
2022-08-20,MY1,1,5,31.34,14,4.4,132,2022,8,Sat,TRUE,Summer,TRUE,Good
2022-08-21,MY1,10.13,25.87,36,17,3.1,191,2022,8,Sun,TRUE,Summer,TRUE,Moderate
2022-08-22,MY1,11.04,37.65,45.2,8.3,1.7,205,2022,8,Mon,FALSE,Summer,TRUE,Moderate
2022-08-23,MY1,9.91,28.29,42.14,10.6,3.9,44,2022,8,Tue,FALSE,Summer,TRUE,Good
2022-08-24,MY1,12.09,22.86,27.1,16.5,8.4,93,2022,8,Wed,FALSE,Summer,TRUE,Moderate
2022-08-25,MY1,4.92,15.56,49.27,12.1,5.9,102,2022,8,Thu,FALSE,Summer,TRUE,Good
2022-08-26,MY1,1.89,5.63,59.59,10,5.9,321,2022,8,Fri,FALSE,Summer,TRUE,Good
2022-08-27,MY1,2.69,5,36.43,12.8,2.7,160,2022,8,Sat,TRUE,Summer,TRUE,Good
2022-08-28,MY1,5.39,14.39,49.36,16,2.2,47,2022,8,Sun,TRUE,Summer,TRUE,Good
2022-08-29,MY1,12.49,22.4,41.49,12.4,9.1,173,2022,8,Mon,FALSE,Summer,TRUE,Moderate
2022-08-30,MY1,10.29,30.18,34.49,9.1,3.6,225,2022,8,Tue,FALSE,Summer,TRUE,Moderate
2022-08-31,MY1,6.96,21.84,42.19,13,3.6,52,2022,8,Wed,FALSE,Summer,TRUE,Good
2022-09-01,MY1,7.62,17.51,43.87,14.7,6,209,2022,9,Thu,FALSE,Autumn,TRUE,Good
2022-09-02,MY1,12.78,25.22,28.89,14,3.4,327,2022,9,Fri,FALSE,Autumn,TRUE,Moderate
2022-09-03,MY1,1.4,5,43.44,10.2,3.5,55,2022,9,Sat,TRUE,Autumn,TRUE,Good
2022-09-04,MY1,9.62,12.08,39.21,12,3.4,88,2022,9,Sun,TRUE,Autumn,TRUE,Good
2022-09-05,MY1,9.34,26.69,38.18,10.4,11,129,2022,9,Mon,FALSE,Autumn,TRUE,Good
2022-09-06,MY1,13.95,35.33,43.95,12.1,5.1,128,2022,9,Tue,FALSE,Autumn,TRUE,Moderate
2022-09-07,MY1,6.3,11.98,31.47,10.5,3.5,156,2022,9,Wed,FALSE,Autumn,TRUE,Good
2022-09-08,MY1,8.41,7.26,33.83,10.6,3.2,5,2022,9,Thu,FALSE,Autumn,TRUE,Good
2022-09-09,MY1,9.66,27.65,43.15,10,4.2,145,2022,9,Fri,FALSE,Autumn,TRUE,Good
2022-09-10,MY1,8.24,25.12,52.27,9.7,3.2,108,2022,9,Sat,TRUE,Autumn,TRUE,Good
2022-09-11,MY1,6,24.12,36.83,14,4.7,11,2022,9,Sun,TRUE,Autumn,TRUE,Good
2022-09-12,MY1,8.77,10.46,48.84,10.9,3,214,2022,9,Mon,FALSE,Autumn,TRUE,Good
2022-09-13,MY1,10.84,33.94,36.22,7.7,5.4,297,2022,9,Tue,FALSE,Autumn,TRUE,Moderate
2022-09-14,MY1,7.39,15.41,48.38,14.2,2.4,89,2022,9,Wed,FALSE,Autumn,TRUE,Good
2022-09-15,MY1,11.98,25.58,20.2,11,3.8,270,2022,9,Thu,FALSE,Autumn,TRUE,Moderate
2022-09-16,MY1,11.06,31.27,31.97,11.1,3,282,2022,9,Fri,FALSE,Autumn,TRUE,Moderate
2022-09-17,MY1,11.1,31.86,38.4,10.3,4.1,343,2022,9,Sat,TRUE,Autumn,TRUE,Moderate
2022-09-18,MY1,7.01,17.09,52.54,7.3,2,321,2022,9,Sun,TRUE,Autumn,TRUE,Good
2022-09-19,MY1,13.2,35.94,39.35,10,4.3,49,2022,9,Mon,FALSE,Autumn,TRUE,Moderate
2022-09-20,MY1,7.45,23.36,31.14,10.3,3.6,221,2022,9,Tue,FALSE,Autumn,TRUE,Good
2022-09-21,MY1,7.78,14.63,43.41,8.8,3.7,141,2022,9,Wed,FALSE,Autumn,TRUE,Good
2022-09-22,MY1,8.9,10.37,39.66,8.2,3.7,248,2022,9,Thu,FALSE,Autumn,TRUE,Good
2022-09-23,MY1,7.49,6.37,41.61,11.7,11,328,2022,9,Fri,FALSE,Autumn,TRUE,Good
2022-09-24,MY1,3.56,5.11,46.45,12.3,5.4,165,2022,9,Sat,TRUE,Autumn,TRUE,Good
2022-09-25,MY1,9.98,26.83,39.91,8.5,4.2,325,2022,9,Sun,TRUE,Autumn,TRUE,Good
2022-09-26,MY1,8.27,18.56,49.47,10.4,6.6,217,2022,9,Mon,FALSE,Autumn,TRUE,Good
2022-09-27,MY1,9.35,26.65,43.9,5.5,3.6,91,2022,9,Tue,FALSE,Autumn,TRUE,Good
2022-09-28,MY1,13.74,41.99,27.06,9.9,5.8,163,2022,9,Wed,FALSE,Autumn,TRUE,Moderate
2022-09-29,MY1,13.04,19.94,30.74,7.1,3.9,21,2022,9,Thu,FALSE,Autumn,TRUE,Moderate
2022-09-30,MY1,9.02,26.85,31.4,7.2,6.3,291,2022,9,Fri,FALSE,Autumn,TRUE,Good
2022-10-01,MY1,7.81,16.7,47.13,8.7,4.6,108,2022,10,Sat,TRUE,Autumn,TRUE,Good
2022-10-02,MY1,12.29,27.81,44.41,10.7,2.2,73,2022,10,Sun,TRUE,Autumn,TRUE,Moderate
2022-10-03,MY1,14.42,21.59,33.36,10.5,4,187,2022,10,Mon,FALSE,Autumn,TRUE,Moderate
2022-10-04,MY1,14.06,26.76,41.6,9.5,3.8,182,2022,10,Tue,FALSE,Autumn,TRUE,Moderate
2022-10-05,MY1,12.89,28.32,33.54,10.8,8.3,123,2022,10,Wed,FALSE,Autumn,TRUE,Moderate
2022-10-06,MY1,17.97,48.65,33.46,7,6.8,80,2022,10,Thu,FALSE,Autumn,TRUE,Moderate
2022-10-07,MY1,16.91,38.95,18.34,6.1,1.6,301,2022,10,Fri,FALSE,Autumn,TRUE,Moderate
2022-10-08,MY1,12.58,28.62,41.17,6.2,2.3,238,2022,10,Sat,TRUE,Autumn,TRUE,Moderate
2022-10-09,MY1,9.51,17.18,44.69,7.8,7.8,233,2022,10,Sun,TRUE,Autumn,TRUE,Good
2022-10-10,MY1,12.24,20.62,38.78,8.5,6.9,222,2022,10,Mon,FALSE,Autumn,TRUE,Moderate
2022-10-11,MY1,6.3,12.86,32.68,8.5,4.8,89,2022,10,Tue,FALSE,Autumn,TRUE,Good
2022-10-12,MY1,12.75,38.33,35.98,6.6,3.8,87,2022,10,Wed,FALSE,Autumn,TRUE,Moderate
2022-10-13,MY1,11.52,24.38,32.49,5.6,3.3,100,2022,10,Thu,FALSE,Autumn,TRUE,Moderate
2022-10-14,MY1,11.08,29.19,32.45,5.5,5.3,227,2022,10,Fri,FALSE,Autumn,TRUE,Moderate
2022-10-15,MY1,11.51,30.29,31.84,6.5,4.1,75,2022,10,Sat,TRUE,Autumn,TRUE,Moderate
2022-10-16,MY1,10.44,20.9,37.37,3.4,5.3,205,2022,10,Sun,TRUE,Autumn,TRUE,Moderate
2022-10-17,MY1,8.91,18.23,52.79,1.3,2.3,160,2022,10,Mon,FALSE,Autumn,TRUE,Good
2022-10-18,MY1,12.26,18.14,40.83,8.1,3.8,326,2022,10,Tue,FALSE,Autumn,TRUE,Moderate
2022-10-19,MY1,13.7,34.06,23.93,5,3.8,201,2022,10,Wed,FALSE,Autumn,TRUE,Moderate
2022-10-20,MY1,16.44,34.2,38.16,7.1,3.6,289,2022,10,Thu,FALSE,Autumn,TRUE,Moderate
2022-10-21,MY1,6.93,12.77,46.79,7.4,5.9,130,2022,10,Fri,FALSE,Autumn,TRUE,Good
2022-10-22,MY1,9.68,22.11,40.67,4.7,4,306,2022,10,Sat,TRUE,Autumn,TRUE,Good
2022-10-23,MY1,13.61,26.76,34.51,6.9,3.9,354,2022,10,Sun,TRUE,Autumn,TRUE,Moderate
2022-10-24,MY1,16.29,46.86,37.74,6.9,7.4,28,2022,10,Mon,FALSE,Autumn,TRUE,Moderate
2022-10-25,MY1,14.37,55.13,30.23,1.3,2.7,126,2022,10,Tue,FALSE,Autumn,TRUE,Moderate
2022-10-26,MY1,21.2,49.34,31.53,5.5,5.4,354,2022,10,Wed,FALSE,Autumn,TRUE,Unhealthy (sensitive)
2022-10-27,MY1,9.25,11.51,46.23,6.2,4.6,319,2022,10,Thu,FALSE,Autumn,TRUE,Good
2022-10-28,MY1,11.6,20.21,41.68,5.9,2.9,96,2022,10,Fri,FALSE,Autumn,TRUE,Moderate
2022-10-29,MY1,12.63,32.07,42.91,6.4,2.8,270,2022,10,Sat,TRUE,Autumn,TRUE,Moderate
2022-10-30,MY1,8.54,20.99,40.68,5,3,244,2022,10,Sun,TRUE,Autumn,TRUE,Good
2022-10-31,MY1,17.76,49.51,26.2,4.2,7.5,314,2022,10,Mon,FALSE,Autumn,TRUE,Moderate
2022-11-01,MY1,14.63,38.9,45.6,4,6.3,23,2022,11,Tue,FALSE,Autumn,TRUE,Moderate
2022-11-02,MY1,14.09,34.96,24.09,3.5,3,316,2022,11,Wed,FALSE,Autumn,TRUE,Moderate
2022-11-03,MY1,15.85,43.09,44.04,3.5,3.7,228,2022,11,Thu,FALSE,Autumn,TRUE,Moderate
2022-11-04,MY1,14.49,38.19,42.83,2.7,4,261,2022,11,Fri,FALSE,Autumn,TRUE,Moderate
2022-11-05,MY1,14.03,39.25,38.2,5.1,3.6,13,2022,11,Sat,TRUE,Autumn,TRUE,Moderate
2022-11-06,MY1,16.57,54.07,28.35,5.1,3.7,310,2022,11,Sun,TRUE,Autumn,TRUE,Moderate
2022-11-07,MY1,16.17,50.66,32.56,5.3,3.1,158,2022,11,Mon,FALSE,Autumn,TRUE,Moderate
2022-11-08,MY1,18.07,55.65,31.84,5.2,4,352,2022,11,Tue,FALSE,Autumn,TRUE,Moderate
2022-11-09,MY1,16.2,37.29,35.43,1.8,3.1,155,2022,11,Wed,FALSE,Autumn,TRUE,Moderate
2022-11-10,MY1,13.52,28.84,32.18,6,4.9,82,2022,11,Thu,FALSE,Autumn,TRUE,Moderate
2022-11-11,MY1,11.28,31.43,28.02,2.1,3,71,2022,11,Fri,FALSE,Autumn,TRUE,Moderate
2022-11-12,MY1,14.46,29.79,38.14,3.3,3.7,40,2022,11,Sat,TRUE,Autumn,TRUE,Moderate
2022-11-13,MY1,11.73,31.79,31.58,4.6,2.7,209,2022,11,Sun,TRUE,Autumn,TRUE,Moderate
2022-11-14,MY1,14.71,36.3,41.6,3.1,5.6,211,2022,11,Mon,FALSE,Autumn,TRUE,Moderate
2022-11-15,MY1,13.22,39.85,34.33,3.6,3.7,291,2022,11,Tue,FALSE,Autumn,TRUE,Moderate
2022-11-16,MY1,18.71,31.97,31.22,1.3,2.5,268,2022,11,Wed,FALSE,Autumn,TRUE,Moderate
2022-11-17,MY1,13.2,11.35,35.19,2.7,2.4,247,2022,11,Thu,FALSE,Autumn,TRUE,Moderate
2022-11-18,MY1,10.63,13.92,35.61,4.2,7.3,252,2022,11,Fri,FALSE,Autumn,TRUE,Moderate
2022-11-19,MY1,10.73,27.79,30.21,0.3,2.3,191,2022,11,Sat,TRUE,Autumn,TRUE,Moderate
2022-11-20,MY1,10.24,30.1,47.61,4.5,6.9,11,2022,11,Sun,TRUE,Autumn,TRUE,Moderate
2022-11-21,MY1,14.08,26.34,39.34,-0.1,5.6,334,2022,11,Mon,FALSE,Autumn,TRUE,Moderate
2022-11-22,MY1,11.9,34.81,47.56,4.8,3.9,354,2022,11,Tue,FALSE,Autumn,TRUE,Moderate
2022-11-23,MY1,10.47,29.67,30.41,2.1,4.7,88,2022,11,Wed,FALSE,Autumn,TRUE,Moderate
2022-11-24,MY1,17.03,46.37,36.59,3.5,2.3,64,2022,11,Thu,FALSE,Autumn,TRUE,Moderate
2022-11-25,MY1,15.77,42.52,32.1,0.9,2.7,100,2022,11,Fri,FALSE,Autumn,TRUE,Moderate
2022-11-26,MY1,14.93,27.97,28.9,7.8,6.5,20,2022,11,Sat,TRUE,Autumn,TRUE,Moderate
2022-11-27,MY1,12.73,41.47,29.36,4,2.5,342,2022,11,Sun,TRUE,Autumn,TRUE,Moderate
2022-11-28,MY1,19.44,53.88,37.16,3.4,3,137,2022,11,Mon,FALSE,Autumn,TRUE,Moderate
2022-11-29,MY1,12.07,23.68,37.85,3.1,7.3,118,2022,11,Tue,FALSE,Autumn,TRUE,Moderate
2022-11-30,MY1,13.77,44.54,37.73,3.8,3,70,2022,11,Wed,FALSE,Autumn,TRUE,Moderate
2022-12-01,MY1,14.1,33.87,32.31,6.6,5.2,308,2022,12,Thu,FALSE,Winter,TRUE,Moderate
2022-12-02,MY1,11.1,35.38,34.33,2.4,6.6,274,2022,12,Fri,FALSE,Winter,TRUE,Moderate
2022-12-03,MY1,17.5,44.79,35.48,4.5,2.1,181,2022,12,Sat,TRUE,Winter,TRUE,Moderate
2022-12-04,MY1,10.32,25.45,32.89,0.1,10.9,17,2022,12,Sun,TRUE,Winter,TRUE,Moderate
2022-12-05,MY1,12.15,27.13,40.94,1,3.6,350,2022,12,Mon,FALSE,Winter,TRUE,Moderate
2022-12-06,MY1,16,50.3,24.64,0.8,6.4,268,2022,12,Tue,FALSE,Winter,TRUE,Moderate
2022-12-07,MY1,18.5,48.51,22.34,-0.2,3.1,84,2022,12,Wed,FALSE,Winter,TRUE,Moderate
2022-12-08,MY1,22.59,71.09,26.69,0.6,5.6,280,2022,12,Thu,FALSE,Winter,TRUE,Unhealthy (sensitive)
2022-12-09,MY1,19.89,48.85,18.52,4.3,2.6,271,2022,12,Fri,FALSE,Winter,TRUE,Moderate
2022-12-10,MY1,16.05,42.61,19,0.3,8,288,2022,12,Sat,TRUE,Winter,TRUE,Moderate
2022-12-11,MY1,16.25,55.54,23.39,1.7,5.2,297,2022,12,Sun,TRUE,Winter,TRUE,Moderate
2022-12-12,MY1,14.91,38.81,39.23,1.4,3.5,60,2022,12,Mon,FALSE,Winter,TRUE,Moderate
2022-12-13,MY1,17.47,37.33,37.67,2.3,3.9,326,2022,12,Tue,FALSE,Winter,TRUE,Moderate
2022-12-14,MY1,18.88,36.37,47.51,3.1,2.6,328,2022,12,Wed,FALSE,Winter,TRUE,Moderate
2022-12-15,MY1,14.66,24.6,35.62,2.7,2.8,249,2022,12,Thu,FALSE,Winter,TRUE,Moderate
2022-12-16,MY1,21.24,56.32,24.56,3.6,4.5,270,2022,12,Fri,FALSE,Winter,TRUE,Unhealthy (sensitive)
2022-12-17,MY1,11.37,33.92,37.95,2.2,1,220,2022,12,Sat,TRUE,Winter,TRUE,Moderate
2022-12-18,MY1,14.6,35.27,40.23,2.3,4.3,94,2022,12,Sun,TRUE,Winter,TRUE,Moderate
2022-12-19,MY1,20.85,51.22,20.03,5.7,8.2,341,2022,12,Mon,FALSE,Winter,TRUE,Unhealthy (sensitive)
2022-12-20,MY1,20.97,40.28,30.36,0.1,4.6,45,2022,12,Tue,FALSE,Winter,TRUE,Unhealthy (sensitive)
2022-12-21,MY1,12.82,30.24,30.38,4.2,3.6,189,2022,12,Wed,FALSE,Winter,TRUE,Moderate
2022-12-22,MY1,14.24,45.91,42.54,1.8,2.4,303,2022,12,Thu,FALSE,Winter,TRUE,Moderate
2022-12-23,MY1,20.94,56.98,30.72,3.4,2.3,224,2022,12,Fri,FALSE,Winter,TRUE,Unhealthy (sensitive)
2022-12-24,MY1,10.84,42.07,31.15,2,8.9,11,2022,12,Sat,TRUE,Winter,TRUE,Moderate
2022-12-25,MY1,19.74,65.79,24.97,0.4,3.7,253,2022,12,Sun,TRUE,Winter,TRUE,Moderate
2022-12-26,MY1,17.01,31.32,41.05,4,5.6,262,2022,12,Mon,FALSE,Winter,TRUE,Moderate
2022-12-27,MY1,15.73,47.65,26.73,2.2,2.5,61,2022,12,Tue,FALSE,Winter,TRUE,Moderate
2022-12-28,MY1,13.36,29.03,34.68,1.4,7,63,2022,12,Wed,FALSE,Winter,TRUE,Moderate
2022-12-29,MY1,17,37.2,30.01,1.9,3.1,38,2022,12,Thu,FALSE,Winter,TRUE,Moderate
2022-12-30,MY1,21.29,48.78,30.65,3,5.4,104,2022,12,Fri,FALSE,Winter,TRUE,Unhealthy (sensitive)
2022-12-31,MY1,9.86,19.7,30.99,4.7,6.8,63,2022,12,Sat,TRUE,Winter,TRUE,Good
2023-01-01,MY1,18.57,44.81,29.08,1.8,2.7,195,2023,1,Sun,TRUE,Winter,TRUE,Moderate
2023-01-02,MY1,19.25,45.21,39.6,3.2,2.2,217,2023,1,Mon,FALSE,Winter,TRUE,Moderate
2023-01-03,MY1,22.36,58.32,27.2,4,5.5,102,2023,1,Tue,FALSE,Winter,TRUE,Unhealthy (sensitive)
2023-01-04,MY1,17.57,42.03,39.83,3.6,7.6,349,2023,1,Wed,FALSE,Winter,TRUE,Moderate
2023-01-05,MY1,20.45,49.03,30.13,4.5,6,359,2023,1,Thu,FALSE,Winter,TRUE,Unhealthy (sensitive)
2023-01-06,MY1,18.12,37.56,39.06,4.6,2.9,139,2023,1,Fri,FALSE,Winter,TRUE,Moderate
2023-01-07,MY1,19.06,60.69,38.41,3.6,2.1,185,2023,1,Sat,TRUE,Winter,TRUE,Moderate
2023-01-08,MY1,18.58,46.99,49.28,2.6,5.9,327,2023,1,Sun,TRUE,Winter,TRUE,Moderate
2023-01-09,MY1,15.58,36.71,32.09,3,4.2,112,2023,1,Mon,FALSE,Winter,TRUE,Moderate
2023-01-10,MY1,27.25,81.74,32.3,1.6,6.1,149,2023,1,Tue,FALSE,Winter,TRUE,Unhealthy
2023-01-11,MY1,17.91,43.9,31.37,3.1,2.4,102,2023,1,Wed,FALSE,Winter,TRUE,Moderate
2023-01-12,MY1,13.95,35.65,35.76,1.9,2.5,265,2023,1,Thu,FALSE,Winter,TRUE,Moderate
2023-01-13,MY1,22.92,69.43,18.95,2.2,3.6,165,2023,1,Fri,FALSE,Winter,TRUE,Unhealthy (sensitive)
2023-01-14,MY1,17.08,48.5,28.89,0.6,1.9,59,2023,1,Sat,TRUE,Winter,TRUE,Moderate
2023-01-15,MY1,15.1,37.47,32.84,-0.5,5.3,141,2023,1,Sun,TRUE,Winter,TRUE,Moderate
2023-01-16,MY1,16.85,35.47,33.37,2,2.7,228,2023,1,Mon,FALSE,Winter,TRUE,Moderate
2023-01-17,MY1,17.99,43.23,31.39,2,5.4,355,2023,1,Tue,FALSE,Winter,TRUE,Moderate
2023-01-18,MY1,18.23,54.82,37.63,0.2,4.1,94,2023,1,Wed,FALSE,Winter,TRUE,Moderate
2023-01-19,MY1,15.95,48.02,25.85,2.8,4.2,318,2023,1,Thu,FALSE,Winter,TRUE,Moderate
2023-01-20,MY1,14.82,40.42,31.05,-0.6,7.7,138,2023,1,Fri,FALSE,Winter,TRUE,Moderate
2023-01-21,MY1,13.79,26.5,29.25,2.3,6.8,16,2023,1,Sat,TRUE,Winter,TRUE,Moderate
2023-01-22,MY1,15.93,53.27,32.59,3.5,2.2,232,2023,1,Sun,TRUE,Winter,TRUE,Moderate
2023-01-23,MY1,17.7,44.15,23.76,4.6,5.5,168,2023,1,Mon,FALSE,Winter,TRUE,Moderate
2023-01-24,MY1,19.05,53.42,29.52,5.2,7.6,275,2023,1,Tue,FALSE,Winter,TRUE,Moderate
2023-01-25,MY1,19.84,47.82,33.78,-1.2,3.3,132,2023,1,Wed,FALSE,Winter,TRUE,Moderate
2023-01-26,MY1,16.26,45.58,47.33,-1.7,4.1,3,2023,1,Thu,FALSE,Winter,TRUE,Moderate
2023-01-27,MY1,15.18,16.9,41.75,4.1,3.5,228,2023,1,Fri,FALSE,Winter,TRUE,Moderate
2023-01-28,MY1,14.45,35.6,32.58,2.6,2.1,122,2023,1,Sat,TRUE,Winter,TRUE,Moderate
2023-01-29,MY1,12.04,37.24,40.86,3.2,5.7,266,2023,1,Sun,TRUE,Winter,TRUE,Moderate
2023-01-30,MY1,20.86,46.36,28.67,5,4.5,168,2023,1,Mon,FALSE,Winter,TRUE,Unhealthy (sensitive)
2023-01-31,MY1,10.13,27.29,53.14,2.4,7.9,272,2023,1,Tue,FALSE,Winter,TRUE,Moderate
2023-02-01,MY1,18.08,60.18,27.06,2.4,2.2,284,2023,2,Wed,FALSE,Winter,TRUE,Moderate
2023-02-02,MY1,15.39,32.23,42.89,6.2,3.7,241,2023,2,Thu,FALSE,Winter,TRUE,Moderate
2023-02-03,MY1,15.33,41.36,18.85,4.5,13.5,351,2023,2,Fri,FALSE,Winter,TRUE,Moderate
2023-02-04,MY1,15.47,29.7,23.97,5.5,5.8,177,2023,2,Sat,TRUE,Winter,TRUE,Moderate
2023-02-05,MY1,11.58,18.38,45.95,9.2,9.6,150,2023,2,Sun,TRUE,Winter,TRUE,Moderate
2023-02-06,MY1,20.6,51.27,27.14,1.1,8.7,59,2023,2,Mon,FALSE,Winter,TRUE,Unhealthy (sensitive)
2023-02-07,MY1,12.38,30.97,27.09,5.2,3.7,269,2023,2,Tue,FALSE,Winter,TRUE,Moderate
2023-02-08,MY1,22.8,64.11,37.56,1.6,3.4,309,2023,2,Wed,FALSE,Winter,TRUE,Unhealthy (sensitive)
2023-02-09,MY1,17.97,45.04,33.87,5.8,2.4,267,2023,2,Thu,FALSE,Winter,TRUE,Moderate
2023-02-10,MY1,13.05,40.92,31.55,7.7,1.9,38,2023,2,Fri,FALSE,Winter,TRUE,Moderate
2023-02-11,MY1,18.32,52.81,30.9,4.2,3.7,233,2023,2,Sat,TRUE,Winter,TRUE,Moderate
2023-02-12,MY1,16.78,60,25.71,7.5,1.9,276,2023,2,Sun,TRUE,Winter,TRUE,Moderate
2023-02-13,MY1,15.11,40.03,38.86,4.9,9,322,2023,2,Mon,FALSE,Winter,TRUE,Moderate
2023-02-14,MY1,19.96,60.77,29.59,3.3,3.4,68,2023,2,Tue,FALSE,Winter,TRUE,Moderate
2023-02-15,MY1,15.73,38.49,55.62,3.2,2.1,213,2023,2,Wed,FALSE,Winter,TRUE,Moderate
2023-02-16,MY1,14.26,35.3,27.99,5.7,1.8,333,2023,2,Thu,FALSE,Winter,TRUE,Moderate
2023-02-17,MY1,14.11,39.58,32.01,7,6.3,123,2023,2,Fri,FALSE,Winter,TRUE,Moderate
2023-02-18,MY1,9.46,30.92,43.05,5.1,2.8,244,2023,2,Sat,TRUE,Winter,TRUE,Good
2023-02-19,MY1,11.04,16.88,42.49,3.9,5.4,284,2023,2,Sun,TRUE,Winter,TRUE,Moderate
2023-02-20,MY1,18.94,56.42,30.82,6.3,4.4,234,2023,2,Mon,FALSE,Winter,TRUE,Moderate
2023-02-21,MY1,21.98,52.07,30.15,4.1,8.1,224,2023,2,Tue,FALSE,Winter,TRUE,Unhealthy (sensitive)
2023-02-22,MY1,18.56,45.79,40.78,6,2,345,2023,2,Wed,FALSE,Winter,TRUE,Moderate
2023-02-23,MY1,14.2,29.48,39.18,4.3,1.6,102,2023,2,Thu,FALSE,Winter,TRUE,Moderate
2023-02-24,MY1,14,36.4,32.94,4.9,13.3,125,2023,2,Fri,FALSE,Winter,TRUE,Moderate
2023-02-25,MY1,16.55,31.74,28.84,7.9,6.6,70,2023,2,Sat,TRUE,Winter,TRUE,Moderate
2023-02-26,MY1,13.23,31.12,35.53,7.5,2.5,356,2023,2,Sun,TRUE,Winter,TRUE,Moderate
2023-02-27,MY1,16.53,28.21,32.13,6.4,2.5,105,2023,2,Mon,FALSE,Winter,TRUE,Moderate
2023-02-28,MY1,16.44,46.11,32.73,4,6.3,25,2023,2,Tue,FALSE,Winter,TRUE,Moderate
2023-03-01,MY1,17.91,49.43,23.94,7.9,3.3,92,2023,3,Wed,FALSE,Spring,TRUE,Moderate
2023-03-02,MY1,17.47,49.38,26.35,8.2,5.2,122,2023,3,Thu,FALSE,Spring,TRUE,Moderate
2023-03-03,MY1,18.25,51.15,26.56,7.7,1.5,29,2023,3,Fri,FALSE,Spring,TRUE,Moderate
2023-03-04,MY1,18.81,42.97,33.29,10.5,5.5,171,2023,3,Sat,TRUE,Spring,TRUE,Moderate
2023-03-05,MY1,18.14,50.05,39.36,7.7,9.5,290,2023,3,Sun,TRUE,Spring,TRUE,Moderate
2023-03-06,MY1,19.16,45.51,29.91,7.4,2.6,127,2023,3,Mon,FALSE,Spring,TRUE,Moderate
2023-03-07,MY1,20.26,44.82,31.83,10.2,7.1,95,2023,3,Tue,FALSE,Spring,TRUE,Unhealthy (sensitive)
2023-03-08,MY1,13.42,24.21,42.51,8.4,7.6,147,2023,3,Wed,FALSE,Spring,TRUE,Moderate
2023-03-09,MY1,12.34,36.99,32.27,8.7,6.9,174,2023,3,Thu,FALSE,Spring,TRUE,Moderate
2023-03-10,MY1,18.79,59.53,27.13,6.9,1.3,155,2023,3,Fri,FALSE,Spring,TRUE,Moderate
2023-03-11,MY1,12.79,20.46,49.17,5.6,4.3,184,2023,3,Sat,TRUE,Spring,TRUE,Moderate
2023-03-12,MY1,6.51,17.03,42.81,9.5,5.8,221,2023,3,Sun,TRUE,Spring,TRUE,Good
2023-03-13,MY1,13.45,18.36,26.79,12.7,2.7,198,2023,3,Mon,FALSE,Spring,TRUE,Moderate
2023-03-14,MY1,14.09,31.32,31.53,11.4,4.6,218,2023,3,Tue,FALSE,Spring,TRUE,Moderate
2023-03-15,MY1,10.2,32.43,27.59,11.3,3.7,267,2023,3,Wed,FALSE,Spring,TRUE,Moderate
2023-03-16,MY1,10.64,32.94,39.52,12.4,4.7,68,2023,3,Thu,FALSE,Spring,TRUE,Moderate
2023-03-17,MY1,10.56,40.42,30.71,8.5,3.1,26,2023,3,Fri,FALSE,Spring,TRUE,Moderate
2023-03-18,MY1,11.02,27.18,31.81,8.7,4.6,39,2023,3,Sat,TRUE,Spring,TRUE,Moderate
2023-03-19,MY1,8.5,13.5,44.6,10.9,3.2,52,2023,3,Sun,TRUE,Spring,TRUE,Good
2023-03-20,MY1,18.17,43.29,28.1,8.9,4.6,56,2023,3,Mon,FALSE,Spring,TRUE,Moderate
2023-03-21,MY1,13.51,31.66,37.19,7.3,1.5,52,2023,3,Tue,FALSE,Spring,TRUE,Moderate
2023-03-22,MY1,14.04,33.16,37.17,11.4,4.1,70,2023,3,Wed,FALSE,Spring,TRUE,Moderate
2023-03-23,MY1,12,25.83,32.63,8.7,2.8,4,2023,3,Thu,FALSE,Spring,TRUE,Moderate
2023-03-24,MY1,13.31,11.68,34.74,10.2,4.8,96,2023,3,Fri,FALSE,Spring,TRUE,Moderate
2023-03-25,MY1,13.85,35.75,38.93,9.1,5.5,354,2023,3,Sat,TRUE,Spring,TRUE,Moderate
2023-03-26,MY1,13.51,22.91,40.64,11.3,2.5,289,2023,3,Sun,TRUE,Spring,TRUE,Moderate
2023-03-27,MY1,18.04,43.43,32.66,9.7,3.8,32,2023,3,Mon,FALSE,Spring,TRUE,Moderate
2023-03-28,MY1,11.41,27.7,38.4,8.5,3.8,336,2023,3,Tue,FALSE,Spring,TRUE,Moderate
2023-03-29,MY1,17.11,28.71,37.87,10.5,2.1,177,2023,3,Wed,FALSE,Spring,TRUE,Moderate
2023-03-30,MY1,19.99,58.06,27.7,9.5,3.8,92,2023,3,Thu,FALSE,Spring,TRUE,Moderate
2023-03-31,MY1,8.71,8.09,39.56,11.8,5.9,326,2023,3,Fri,FALSE,Spring,TRUE,Good
2023-04-01,MY1,10.07,17.57,39.69,12.6,2,284,2023,4,Sat,TRUE,Spring,TRUE,Moderate
2023-04-02,MY1,8.45,18.75,26.1,9.4,0.9,272,2023,4,Sun,TRUE,Spring,TRUE,Good
2023-04-03,MY1,10.19,24.57,23.97,11.5,2.5,243,2023,4,Mon,FALSE,Spring,TRUE,Moderate
2023-04-04,MY1,15.46,44.19,30.59,13.4,3.1,311,2023,4,Tue,FALSE,Spring,TRUE,Moderate
2023-04-05,MY1,11.87,20.31,33.19,11.3,6.2,204,2023,4,Wed,FALSE,Spring,TRUE,Moderate
2023-04-06,MY1,17.34,26.74,23.3,8.5,4.4,188,2023,4,Thu,FALSE,Spring,TRUE,Moderate
2023-04-07,MY1,9.15,14.79,43.74,15.9,3.8,39,2023,4,Fri,FALSE,Spring,TRUE,Good
2023-04-08,MY1,15.79,36.27,47.86,12.3,1.1,174,2023,4,Sat,TRUE,Spring,TRUE,Moderate
2023-04-09,MY1,8.31,21.23,44.21,14.5,2,28,2023,4,Sun,TRUE,Spring,TRUE,Good
2023-04-10,MY1,13.44,33.4,44.02,9.8,4.8,174,2023,4,Mon,FALSE,Spring,TRUE,Moderate
2023-04-11,MY1,17.22,40.07,38.84,12.3,5,150,2023,4,Tue,FALSE,Spring,TRUE,Moderate
2023-04-12,MY1,15,37.93,33,13,4.7,86,2023,4,Wed,FALSE,Spring,TRUE,Moderate
2023-04-13,MY1,10.53,5.97,44.37,12.2,3.4,71,2023,4,Thu,FALSE,Spring,TRUE,Moderate
2023-04-14,MY1,12.76,19.59,42.42,11.4,4.8,75,2023,4,Fri,FALSE,Spring,TRUE,Moderate
2023-04-15,MY1,15.95,46.85,28.81,16.3,4.8,189,2023,4,Sat,TRUE,Spring,TRUE,Moderate
2023-04-16,MY1,14.17,41.45,45.03,10.5,13.7,123,2023,4,Sun,TRUE,Spring,TRUE,Moderate
2023-04-17,MY1,11.64,26.18,38.05,10.8,4.2,97,2023,4,Mon,FALSE,Spring,TRUE,Moderate
2023-04-18,MY1,13.41,23.18,23.31,13.7,2.1,335,2023,4,Tue,FALSE,Spring,TRUE,Moderate
2023-04-19,MY1,14.31,32.2,40.55,11.8,1.7,197,2023,4,Wed,FALSE,Spring,TRUE,Moderate
2023-04-20,MY1,10.63,30.56,35.41,8.5,2.4,253,2023,4,Thu,FALSE,Spring,TRUE,Moderate
2023-04-21,MY1,5.8,5,48.39,14.5,14.1,75,2023,4,Fri,FALSE,Spring,TRUE,Good
2023-04-22,MY1,8.34,8.6,45.49,15,5.6,241,2023,4,Sat,TRUE,Spring,TRUE,Good
2023-04-23,MY1,3.99,5,57.94,15.2,2,27,2023,4,Sun,TRUE,Spring,TRUE,Good
2023-04-24,MY1,14.13,30.7,34.88,13.1,3.9,325,2023,4,Mon,FALSE,Spring,TRUE,Moderate
2023-04-25,MY1,10.14,23.49,35.51,16.2,2.1,243,2023,4,Tue,FALSE,Spring,TRUE,Moderate
2023-04-26,MY1,9.45,33.57,30.37,14.5,1.9,351,2023,4,Wed,FALSE,Spring,TRUE,Good
2023-04-27,MY1,6.15,9.15,47.23,12,7.2,172,2023,4,Thu,FALSE,Spring,TRUE,Good
2023-04-28,MY1,13.35,42.52,39.38,17,3.8,349,2023,4,Fri,FALSE,Spring,TRUE,Moderate
2023-04-29,MY1,5.52,11.43,42.32,14.3,2,126,2023,4,Sat,TRUE,Spring,TRUE,Good
2023-04-30,MY1,10.61,37.02,27.24,15.7,5.8,198,2023,4,Sun,TRUE,Spring,TRUE,Moderate
2023-05-01,MY1,11.06,26.57,42.95,13.1,6.6,218,2023,5,Mon,FALSE,Spring,TRUE,Moderate
2023-05-02,MY1,9.02,10.92,28.76,15.1,2.1,209,2023,5,Tue,FALSE,Spring,TRUE,Good
2023-05-03,MY1,6.93,19.96,33.32,16.6,2.1,258,2023,5,Wed,FALSE,Spring,TRUE,Good
2023-05-04,MY1,8.47,28.5,27.02,13.7,2.3,130,2023,5,Thu,FALSE,Spring,TRUE,Good
2023-05-05,MY1,6.43,5,42.63,15,1.6,169,2023,5,Fri,FALSE,Spring,TRUE,Good
2023-05-06,MY1,10.28,20.23,47.33,13.5,4,213,2023,5,Sat,TRUE,Spring,TRUE,Moderate
2023-05-07,MY1,6.46,6.71,35.75,16.8,4.9,350,2023,5,Sun,TRUE,Spring,TRUE,Good
2023-05-08,MY1,7.29,19.94,32.77,19.7,4.4,189,2023,5,Mon,FALSE,Spring,TRUE,Good
2023-05-09,MY1,12.95,40.91,39.27,20,2.9,359,2023,5,Tue,FALSE,Spring,TRUE,Moderate
2023-05-10,MY1,12.69,36.92,35.05,19.9,5.8,140,2023,5,Wed,FALSE,Spring,TRUE,Moderate
2023-05-11,MY1,7.3,19.64,43.85,15.8,2.1,130,2023,5,Thu,FALSE,Spring,TRUE,Good
2023-05-12,MY1,10.42,18,45.89,18.9,6.2,121,2023,5,Fri,FALSE,Spring,TRUE,Moderate
2023-05-13,MY1,10.39,39.91,38.63,16.6,2.1,278,2023,5,Sat,TRUE,Spring,TRUE,Moderate
2023-05-14,MY1,12.02,47.74,34.17,15.9,2.5,259,2023,5,Sun,TRUE,Spring,TRUE,Moderate
2023-05-15,MY1,7.67,21.46,33.3,15.2,10.3,9,2023,5,Mon,FALSE,Spring,TRUE,Good
2023-05-16,MY1,13.09,29.09,27,15.1,4.9,116,2023,5,Tue,FALSE,Spring,TRUE,Moderate
2023-05-17,MY1,11.72,17.22,35.45,13.7,7.2,282,2023,5,Wed,FALSE,Spring,TRUE,Moderate
2023-05-18,MY1,8.28,7.06,44.82,18.5,3,5,2023,5,Thu,FALSE,Spring,TRUE,Good
2023-05-19,MY1,5.6,22.43,42.57,19.4,3.6,40,2023,5,Fri,FALSE,Spring,TRUE,Good
2023-05-20,MY1,8.33,13.71,40.27,20.2,2.1,11,2023,5,Sat,TRUE,Spring,TRUE,Good
2023-05-21,MY1,7.02,21.53,37.66,19.3,4.9,9,2023,5,Sun,TRUE,Spring,TRUE,Good
2023-05-22,MY1,10.82,30.5,27.81,16.6,7.7,307,2023,5,Mon,FALSE,Spring,TRUE,Moderate
2023-05-23,MY1,11.79,29.18,36,16,6.8,14,2023,5,Tue,FALSE,Spring,TRUE,Moderate
2023-05-24,MY1,6.55,8.15,35.28,18.3,5.5,75,2023,5,Wed,FALSE,Spring,TRUE,Good
2023-05-25,MY1,10.37,20.95,32.95,19.3,2.3,118,2023,5,Thu,FALSE,Spring,TRUE,Moderate
2023-05-26,MY1,7.71,8.9,43.82,17.2,4.9,232,2023,5,Fri,FALSE,Spring,TRUE,Good
2023-05-27,MY1,5.93,5,34.61,19.5,2.7,66,2023,5,Sat,TRUE,Spring,TRUE,Good
2023-05-28,MY1,9.2,25.62,36.95,19,4.8,262,2023,5,Sun,TRUE,Spring,TRUE,Good
2023-05-29,MY1,10.19,28.65,30.25,15.8,4.5,321,2023,5,Mon,FALSE,Spring,TRUE,Moderate
2023-05-30,MY1,5.16,5,46.06,18.7,13.1,287,2023,5,Tue,FALSE,Spring,TRUE,Good
2023-05-31,MY1,12.84,39.5,34.04,15.6,6.4,206,2023,5,Wed,FALSE,Spring,TRUE,Moderate
2023-06-01,MY1,7.03,5.78,38.18,16.4,8.1,65,2023,6,Thu,FALSE,Summer,TRUE,Good
2023-06-02,MY1,12.08,27.94,37.89,19.7,5.3,154,2023,6,Fri,FALSE,Summer,TRUE,Moderate
2023-06-03,MY1,3.64,6.47,52.93,15.7,7,55,2023,6,Sat,TRUE,Summer,TRUE,Good
2023-06-04,MY1,10.68,14.56,40.84,14.3,3.7,93,2023,6,Sun,TRUE,Summer,TRUE,Moderate
2023-06-05,MY1,5.25,5,48.37,19.3,8.3,337,2023,6,Mon,FALSE,Summer,TRUE,Good
2023-06-06,MY1,11.38,31.1,37.94,19.5,4,201,2023,6,Tue,FALSE,Summer,TRUE,Moderate
2023-06-07,MY1,3.22,6.18,35.94,19.2,5.8,54,2023,6,Wed,FALSE,Summer,TRUE,Good
2023-06-08,MY1,9.99,30.19,27.65,20.2,6.7,329,2023,6,Thu,FALSE,Summer,TRUE,Good
2023-06-09,MY1,5.54,12.07,37.5,17.7,4.2,195,2023,6,Fri,FALSE,Summer,TRUE,Good
2023-06-10,MY1,8.06,22.5,39.2,15.1,3.3,110,2023,6,Sat,TRUE,Summer,TRUE,Good
2023-06-11,MY1,3.29,5,44.19,15.6,4.2,135,2023,6,Sun,TRUE,Summer,TRUE,Good
2023-06-12,MY1,10.97,48.3,38.39,17.6,8.1,122,2023,6,Mon,FALSE,Summer,TRUE,Moderate
2023-06-13,MY1,4.05,15.24,39.94,19.8,4.1,109,2023,6,Tue,FALSE,Summer,TRUE,Good
2023-06-14,MY1,1.02,12.82,40.45,17.4,7,38,2023,6,Wed,FALSE,Summer,TRUE,Good
2023-06-15,MY1,11.99,42.96,27.98,20.6,4.8,254,2023,6,Thu,FALSE,Summer,TRUE,Moderate
2023-06-16,MY1,5.81,5,41.57,20.1,2.2,163,2023,6,Fri,FALSE,Summer,TRUE,Good
2023-06-17,MY1,8.18,21.15,39.01,16.6,2.5,332,2023,6,Sat,TRUE,Summer,TRUE,Good
2023-06-18,MY1,7.85,18.7,49.45,20.2,1.8,260,2023,6,Sun,TRUE,Summer,TRUE,Good
2023-06-19,MY1,9.77,33.71,31.24,15.9,7.5,291,2023,6,Mon,FALSE,Summer,TRUE,Good
2023-06-20,MY1,4.04,6.29,51.83,18.7,7.3,20,2023,6,Tue,FALSE,Summer,TRUE,Good
2023-06-21,MY1,12.05,20.78,38.72,19.4,7.4,105,2023,6,Wed,FALSE,Summer,TRUE,Moderate
2023-06-22,MY1,9.2,23.53,38.46,20.2,6.1,237,2023,6,Thu,FALSE,Summer,TRUE,Good
2023-06-23,MY1,5.87,12.82,45.73,20.1,6,30,2023,6,Fri,FALSE,Summer,TRUE,Good
2023-06-24,MY1,5.75,16.75,36.91,13.8,5.9,108,2023,6,Sat,TRUE,Summer,TRUE,Good
2023-06-25,MY1,7.91,14.75,44.03,16.3,1.8,181,2023,6,Sun,TRUE,Summer,TRUE,Good
2023-06-26,MY1,4.54,11.77,48.11,16,6.3,82,2023,6,Mon,FALSE,Summer,TRUE,Good
2023-06-27,MY1,12,43.88,37.83,17,3.6,218,2023,6,Tue,FALSE,Summer,TRUE,Moderate
2023-06-28,MY1,3.81,5,43.38,15.1,5.4,44,2023,6,Wed,FALSE,Summer,TRUE,Good
2023-06-29,MY1,9.69,27.77,32.09,17.7,2.8,188,2023,6,Thu,FALSE,Summer,TRUE,Good
2023-06-30,MY1,6.03,20.54,35.93,19.3,5.3,51,2023,6,Fri,FALSE,Summer,TRUE,Good
2023-07-01,MY1,5.35,7.97,36.98,20.8,1.9,276,2023,7,Sat,TRUE,Summer,TRUE,Good
2023-07-02,MY1,9.05,11.36,36.83,18.9,7.2,42,2023,7,Sun,TRUE,Summer,TRUE,Good
2023-07-03,MY1,10.16,26.76,39.01,16.1,4.8,178,2023,7,Mon,FALSE,Summer,TRUE,Moderate
2023-07-04,MY1,3.7,13.17,37.39,19.6,3.6,346,2023,7,Tue,FALSE,Summer,TRUE,Good
2023-07-05,MY1,4.25,10.51,44.8,16,2.8,24,2023,7,Wed,FALSE,Summer,TRUE,Good
2023-07-06,MY1,9.49,26.85,40.12,18.9,4.4,348,2023,7,Thu,FALSE,Summer,TRUE,Good
2023-07-07,MY1,6.81,5,44.32,19.2,2.4,106,2023,7,Fri,FALSE,Summer,TRUE,Good
2023-07-08,MY1,5.89,21.65,41.28,18.5,13,9,2023,7,Sat,TRUE,Summer,TRUE,Good
2023-07-09,MY1,6.68,5,37.52,14.2,1.6,172,2023,7,Sun,TRUE,Summer,TRUE,Good
2023-07-10,MY1,9.93,28.35,43,18,4.5,154,2023,7,Mon,FALSE,Summer,TRUE,Good
2023-07-11,MY1,11.27,35.49,40.67,15.2,2.5,170,2023,7,Tue,FALSE,Summer,TRUE,Moderate
2023-07-12,MY1,6.04,15.55,38.65,23.2,4.8,325,2023,7,Wed,FALSE,Summer,TRUE,Good
2023-07-13,MY1,6.88,20.44,38.33,17.1,3.6,311,2023,7,Thu,FALSE,Summer,TRUE,Good
2023-07-14,MY1,5.33,8.45,39.94,18.2,3.8,277,2023,7,Fri,FALSE,Summer,TRUE,Good
2023-07-15,MY1,7.41,40.81,42.04,18.4,5.2,324,2023,7,Sat,TRUE,Summer,TRUE,Good
2023-07-16,MY1,3.95,6.76,42.94,17.3,4,100,2023,7,Sun,TRUE,Summer,TRUE,Good
2023-07-17,MY1,9.85,25.35,55.16,17.8,4.9,20,2023,7,Mon,FALSE,Summer,TRUE,Good
2023-07-18,MY1,6.78,15.26,36.72,18.2,5.8,96,2023,7,Tue,FALSE,Summer,TRUE,Good
2023-07-19,MY1,9.29,14.9,34.4,17.6,5.3,125,2023,7,Wed,FALSE,Summer,TRUE,Good
2023-07-20,MY1,8.37,14.99,41.99,17.8,9.2,316,2023,7,Thu,FALSE,Summer,TRUE,Good
2023-07-21,MY1,11.98,34.5,41.03,18.3,6.7,160,2023,7,Fri,FALSE,Summer,TRUE,Moderate
2023-07-22,MY1,5.13,22.66,41.12,17,10,295,2023,7,Sat,TRUE,Summer,TRUE,Good
2023-07-23,MY1,8.51,24.57,45.51,17.2,8.9,216,2023,7,Sun,TRUE,Summer,TRUE,Good
2023-07-24,MY1,5.9,17.91,47.64,19,7.6,164,2023,7,Mon,FALSE,Summer,TRUE,Good
2023-07-25,MY1,8.99,22.22,37.64,17,4.8,57,2023,7,Tue,FALSE,Summer,TRUE,Good
2023-07-26,MY1,7.51,10.38,35.19,12.5,3.3,192,2023,7,Wed,FALSE,Summer,TRUE,Good
2023-07-27,MY1,8.43,8.82,41.45,16.9,3.1,100,2023,7,Thu,FALSE,Summer,TRUE,Good
2023-07-28,MY1,10.4,15.14,39.95,17.9,2.8,252,2023,7,Fri,FALSE,Summer,TRUE,Moderate
2023-07-29,MY1,7,15.32,48,13.7,5.2,134,2023,7,Sat,TRUE,Summer,TRUE,Good
2023-07-30,MY1,1,5,33.64,18.3,1.3,127,2023,7,Sun,TRUE,Summer,TRUE,Good
2023-07-31,MY1,6.28,5,45.35,16.6,9.6,136,2023,7,Mon,FALSE,Summer,TRUE,Good
2023-08-01,MY1,2.56,11.94,45.77,19.1,1.6,302,2023,8,Tue,FALSE,Summer,TRUE,Good
2023-08-02,MY1,12.22,39.81,40.32,16.7,4.7,70,2023,8,Wed,FALSE,Summer,TRUE,Moderate
2023-08-03,MY1,11.6,24.58,31.69,14.7,4.7,97,2023,8,Thu,FALSE,Summer,TRUE,Moderate
2023-08-04,MY1,6.63,15.8,40.22,13.5,4.9,265,2023,8,Fri,FALSE,Summer,TRUE,Good
2023-08-05,MY1,2.31,5,43.81,13.1,3.5,168,2023,8,Sat,TRUE,Summer,TRUE,Good
2023-08-06,MY1,3.98,6.88,45.72,19,2.8,22,2023,8,Sun,TRUE,Summer,TRUE,Good
2023-08-07,MY1,1.91,25.55,38.71,12.5,11,273,2023,8,Mon,FALSE,Summer,TRUE,Good
2023-08-08,MY1,14.87,36.43,41.79,14.8,2,357,2023,8,Tue,FALSE,Summer,TRUE,Moderate
2023-08-09,MY1,7.27,19.56,39.98,14.1,2.6,117,2023,8,Wed,FALSE,Summer,TRUE,Good
2023-08-10,MY1,10.76,26.57,40.28,14.9,2.2,35,2023,8,Thu,FALSE,Summer,TRUE,Moderate
2023-08-11,MY1,9.72,13.6,48.23,15.9,7.9,157,2023,8,Fri,FALSE,Summer,TRUE,Good
2023-08-12,MY1,4.37,5,42.17,16.6,3.9,84,2023,8,Sat,TRUE,Summer,TRUE,Good
2023-08-13,MY1,8.03,12.89,41.27,13.8,4,6,2023,8,Sun,TRUE,Summer,TRUE,Good
2023-08-14,MY1,8.89,16.5,35.89,15.6,2.4,145,2023,8,Mon,FALSE,Summer,TRUE,Good
2023-08-15,MY1,9.58,17.01,34.5,14.6,2.9,41,2023,8,Tue,FALSE,Summer,TRUE,Good
2023-08-16,MY1,9.21,20.71,24.15,13,5.4,334,2023,8,Wed,FALSE,Summer,TRUE,Good
2023-08-17,MY1,1,5,46.66,13.3,2.2,131,2023,8,Thu,FALSE,Summer,TRUE,Good
2023-08-18,MY1,7.95,8.44,44.26,14.1,4.1,305,2023,8,Fri,FALSE,Summer,TRUE,Good
2023-08-19,MY1,5.4,11.34,40.32,12.9,3.4,150,2023,8,Sat,TRUE,Summer,TRUE,Good
2023-08-20,MY1,9.1,9.8,37.91,12.2,7.7,204,2023,8,Sun,TRUE,Summer,TRUE,Good
2023-08-21,MY1,9.48,23.42,39.05,14.5,3.2,85,2023,8,Mon,FALSE,Summer,TRUE,Good
2023-08-22,MY1,8.64,12.2,45.22,11.8,4.4,106,2023,8,Tue,FALSE,Summer,TRUE,Good
2023-08-23,MY1,3.56,5.58,49.84,12.5,8.3,119,2023,8,Wed,FALSE,Summer,TRUE,Good
2023-08-24,MY1,7.71,8.02,42.17,14,4.4,314,2023,8,Thu,FALSE,Summer,TRUE,Good
2023-08-25,MY1,6.56,9.84,37.72,11.9,12.5,351,2023,8,Fri,FALSE,Summer,TRUE,Good
2023-08-26,MY1,8.89,14.43,36.74,14.7,5.9,279,2023,8,Sat,TRUE,Summer,TRUE,Good
2023-08-27,MY1,11.07,30.66,34.13,16.8,2.1,256,2023,8,Sun,TRUE,Summer,TRUE,Moderate
2023-08-28,MY1,4.05,5,36.71,13.5,3.5,25,2023,8,Mon,FALSE,Summer,TRUE,Good
2023-08-29,MY1,11.83,19.53,44.21,11.6,4.3,240,2023,8,Tue,FALSE,Summer,TRUE,Moderate
2023-08-30,MY1,7.9,22.93,35.98,16.6,12.7,93,2023,8,Wed,FALSE,Summer,TRUE,Good
2023-08-31,MY1,4.9,5,47.71,16.9,3.8,164,2023,8,Thu,FALSE,Summer,TRUE,Good
2023-09-01,MY1,13.15,32.4,39.95,10.4,3.6,126,2023,9,Fri,FALSE,Autumn,TRUE,Moderate
2023-09-02,MY1,2.39,8.9,44.27,11.6,1.7,51,2023,9,Sat,TRUE,Autumn,TRUE,Good
2023-09-03,MY1,10.02,21.5,36.9,8.4,2.1,12,2023,9,Sun,TRUE,Autumn,TRUE,Moderate
2023-09-04,MY1,9.2,12.55,44.24,12.1,4.3,188,2023,9,Mon,FALSE,Autumn,TRUE,Good
2023-09-05,MY1,4.11,11.69,32.84,6.9,3.3,170,2023,9,Tue,FALSE,Autumn,TRUE,Good
2023-09-06,MY1,9.41,8.62,46.71,9.3,2.8,40,2023,9,Wed,FALSE,Autumn,TRUE,Good
2023-09-07,MY1,15,35.29,26.51,10.3,3.1,223,2023,9,Thu,FALSE,Autumn,TRUE,Moderate
2023-09-08,MY1,8.97,20.23,32.23,12.4,2.5,182,2023,9,Fri,FALSE,Autumn,TRUE,Good
2023-09-09,MY1,4.32,15.14,37.94,7.7,4.4,139,2023,9,Sat,TRUE,Autumn,TRUE,Good
2023-09-10,MY1,4.2,5.59,47.85,10.1,5.5,348,2023,9,Sun,TRUE,Autumn,TRUE,Good
2023-09-11,MY1,13.84,37.62,30.05,8.6,6.5,38,2023,9,Mon,FALSE,Autumn,TRUE,Moderate
2023-09-12,MY1,11.59,18.23,37.9,10.1,3.4,143,2023,9,Tue,FALSE,Autumn,TRUE,Moderate
2023-09-13,MY1,6.62,26.56,35.66,9.1,2.2,138,2023,9,Wed,FALSE,Autumn,TRUE,Good
2023-09-14,MY1,9.71,17.78,38.44,9.6,2.3,356,2023,9,Thu,FALSE,Autumn,TRUE,Good
2023-09-15,MY1,7.4,11.53,41.19,9.1,3.5,194,2023,9,Fri,FALSE,Autumn,TRUE,Good
2023-09-16,MY1,9.13,20.11,31.25,11.6,2.7,202,2023,9,Sat,TRUE,Autumn,TRUE,Good
2023-09-17,MY1,5.12,5,33.69,14.1,2.3,349,2023,9,Sun,TRUE,Autumn,TRUE,Good
2023-09-18,MY1,15.15,32.83,30.32,11.1,2.3,276,2023,9,Mon,FALSE,Autumn,TRUE,Moderate
2023-09-19,MY1,12.84,28.12,42.73,13.6,2.9,260,2023,9,Tue,FALSE,Autumn,TRUE,Moderate
2023-09-20,MY1,7.65,13.14,35.47,11.2,6.7,174,2023,9,Wed,FALSE,Autumn,TRUE,Good
2023-09-21,MY1,12.34,43.73,24.7,8.8,3.5,161,2023,9,Thu,FALSE,Autumn,TRUE,Moderate
2023-09-22,MY1,8.75,10.44,20.59,10,4.5,347,2023,9,Fri,FALSE,Autumn,TRUE,Good
2023-09-23,MY1,9.78,26.37,33.55,8.4,4.5,165,2023,9,Sat,TRUE,Autumn,TRUE,Good
2023-09-24,MY1,6.63,14.25,35.76,11.8,4.8,17,2023,9,Sun,TRUE,Autumn,TRUE,Good
2023-09-25,MY1,4.06,5,38.49,8.4,7.7,217,2023,9,Mon,FALSE,Autumn,TRUE,Good
2023-09-26,MY1,13.14,44.36,33.5,10,10.4,335,2023,9,Tue,FALSE,Autumn,TRUE,Moderate
2023-09-27,MY1,15.78,39.19,33.13,8.7,3,39,2023,9,Wed,FALSE,Autumn,TRUE,Moderate
2023-09-28,MY1,11.4,32.6,31.14,6.8,13.3,184,2023,9,Thu,FALSE,Autumn,TRUE,Moderate
2023-09-29,MY1,11.4,39.14,36.37,7.4,3.7,301,2023,9,Fri,FALSE,Autumn,TRUE,Moderate
2023-09-30,MY1,13.67,34.56,30.04,8.5,11.6,347,2023,9,Sat,TRUE,Autumn,TRUE,Moderate
2023-10-01,MY1,7.17,16.52,53.42,6.7,6.8,86,2023,10,Sun,TRUE,Autumn,TRUE,Good
2023-10-02,MY1,4.77,5.41,36.03,5.9,3.7,277,2023,10,Mon,FALSE,Autumn,TRUE,Good
2023-10-03,MY1,11.57,25.71,19.85,10.1,16.7,139,2023,10,Tue,FALSE,Autumn,TRUE,Moderate
2023-10-04,MY1,10.69,7.24,41.71,8.4,4.1,8,2023,10,Wed,FALSE,Autumn,TRUE,Moderate
2023-10-05,MY1,10.36,32.71,34.6,8,5.9,296,2023,10,Thu,FALSE,Autumn,TRUE,Moderate
2023-10-06,MY1,10.96,25.53,41.62,8.2,3,135,2023,10,Fri,FALSE,Autumn,TRUE,Moderate
2023-10-07,MY1,10.49,19.42,28.11,7.8,4.3,107,2023,10,Sat,TRUE,Autumn,TRUE,Moderate
2023-10-08,MY1,9.98,10.39,34.94,5.4,2.8,223,2023,10,Sun,TRUE,Autumn,TRUE,Good
2023-10-09,MY1,13.13,39.08,29.18,7.6,4.1,46,2023,10,Mon,FALSE,Autumn,TRUE,Moderate
2023-10-10,MY1,13.75,51.41,37.93,9.4,4.7,333,2023,10,Tue,FALSE,Autumn,TRUE,Moderate
2023-10-11,MY1,15.01,30.26,43.11,6.1,7,107,2023,10,Wed,FALSE,Autumn,TRUE,Moderate
2023-10-12,MY1,11.6,23.17,43.5,9,3.2,76,2023,10,Thu,FALSE,Autumn,TRUE,Moderate
2023-10-13,MY1,10.39,34.74,35.62,3.4,7.7,347,2023,10,Fri,FALSE,Autumn,TRUE,Moderate
2023-10-14,MY1,13.44,26.4,36.19,9.8,6.2,178,2023,10,Sat,TRUE,Autumn,TRUE,Moderate
2023-10-15,MY1,8.72,13.75,42.36,1.6,4.2,185,2023,10,Sun,TRUE,Autumn,TRUE,Good
2023-10-16,MY1,14.67,41.37,31.57,7.4,3,211,2023,10,Mon,FALSE,Autumn,TRUE,Moderate
2023-10-17,MY1,16.72,43.46,43.64,6.2,4.4,238,2023,10,Tue,FALSE,Autumn,TRUE,Moderate
2023-10-18,MY1,19.37,42.58,30.92,9.9,1.8,254,2023,10,Wed,FALSE,Autumn,TRUE,Moderate
2023-10-19,MY1,12.84,27.98,34.75,2.3,9.5,160,2023,10,Thu,FALSE,Autumn,TRUE,Moderate
2023-10-20,MY1,19.56,40.81,31.38,3.3,4.7,124,2023,10,Fri,FALSE,Autumn,TRUE,Moderate
2023-10-21,MY1,14.16,34.1,32.27,5.6,4.5,116,2023,10,Sat,TRUE,Autumn,TRUE,Moderate
2023-10-22,MY1,9.53,18.79,48.46,6,4.9,245,2023,10,Sun,TRUE,Autumn,TRUE,Good
2023-10-23,MY1,12.81,29.44,25.23,5.1,5.5,111,2023,10,Mon,FALSE,Autumn,TRUE,Moderate
2023-10-24,MY1,11.1,31.99,37.06,5.3,4.1,190,2023,10,Tue,FALSE,Autumn,TRUE,Moderate
2023-10-25,MY1,9.55,25.33,45.38,5.5,4.4,193,2023,10,Wed,FALSE,Autumn,TRUE,Good
2023-10-26,MY1,13.04,23.83,46.64,2.5,4.8,116,2023,10,Thu,FALSE,Autumn,TRUE,Moderate
2023-10-27,MY1,14.76,30.72,34.16,0.7,5.7,357,2023,10,Fri,FALSE,Autumn,TRUE,Moderate
2023-10-28,MY1,10.63,11.98,42.95,0.8,1.9,9,2023,10,Sat,TRUE,Autumn,TRUE,Moderate
2023-10-29,MY1,13.55,37.85,21.43,1.6,3.7,325,2023,10,Sun,TRUE,Autumn,TRUE,Moderate
2023-10-30,MY1,10.96,38.4,38.92,3.1,5.3,219,2023,10,Mon,FALSE,Autumn,TRUE,Moderate
2023-10-31,MY1,20.56,54.6,33.09,0.3,3.7,24,2023,10,Tue,FALSE,Autumn,TRUE,Unhealthy (sensitive)
2023-11-01,MY1,13.89,30.99,41.64,7,2.9,287,2023,11,Wed,FALSE,Autumn,TRUE,Moderate
2023-11-02,MY1,12.08,34.61,38.85,4.6,1.1,134,2023,11,Thu,FALSE,Autumn,TRUE,Moderate
2023-11-03,MY1,13.15,35.52,37.99,2.9,2.5,89,2023,11,Fri,FALSE,Autumn,TRUE,Moderate
2023-11-04,MY1,4.58,10.42,48.83,6.1,2.9,169,2023,11,Sat,TRUE,Autumn,TRUE,Good
2023-11-05,MY1,7.87,5,51.61,5.5,2,140,2023,11,Sun,TRUE,Autumn,TRUE,Good
2023-11-06,MY1,12.91,33.96,39.08,7.1,3.6,309,2023,11,Mon,FALSE,Autumn,TRUE,Moderate
2023-11-07,MY1,8.97,24.62,44.14,4.2,5,5,2023,11,Tue,FALSE,Autumn,TRUE,Good
2023-11-08,MY1,14.75,34.77,29.87,2.8,4.5,340,2023,11,Wed,FALSE,Autumn,TRUE,Moderate
2023-11-09,MY1,16.8,44.65,33.72,7.1,0.9,33,2023,11,Thu,FALSE,Autumn,TRUE,Moderate
2023-11-10,MY1,21.63,51.56,28.17,3.2,9.5,126,2023,11,Fri,FALSE,Autumn,TRUE,Unhealthy (sensitive)
2023-11-11,MY1,10.2,34.84,29.48,-2.2,3.4,185,2023,11,Sat,TRUE,Autumn,TRUE,Moderate
2023-11-12,MY1,11.44,21.53,40.21,4.6,3.2,305,2023,11,Sun,TRUE,Autumn,TRUE,Moderate
2023-11-13,MY1,17.43,49.5,22.39,3.2,6.1,16,2023,11,Mon,FALSE,Autumn,TRUE,Moderate
2023-11-14,MY1,13.43,21.25,44.67,4.4,3.7,296,2023,11,Tue,FALSE,Autumn,TRUE,Moderate
2023-11-15,MY1,18.1,40.96,26.88,1.8,5.3,227,2023,11,Wed,FALSE,Autumn,TRUE,Moderate
2023-11-16,MY1,13.78,35.89,26.05,3.9,3.9,213,2023,11,Thu,FALSE,Autumn,TRUE,Moderate
2023-11-17,MY1,18.8,38.03,36.79,3.2,2.2,269,2023,11,Fri,FALSE,Autumn,TRUE,Moderate
2023-11-18,MY1,12.16,33.91,44.21,0.1,6,37,2023,11,Sat,TRUE,Autumn,TRUE,Moderate
2023-11-19,MY1,13.18,29.31,24.65,2.7,4.1,35,2023,11,Sun,TRUE,Autumn,TRUE,Moderate
2023-11-20,MY1,23.49,59.7,31.57,1.7,3.4,133,2023,11,Mon,FALSE,Autumn,TRUE,Unhealthy (sensitive)
2023-11-21,MY1,14.08,29.48,40.7,1.9,3.1,331,2023,11,Tue,FALSE,Autumn,TRUE,Moderate
2023-11-22,MY1,10.81,29.46,34.69,3.1,4.2,111,2023,11,Wed,FALSE,Autumn,TRUE,Moderate
2023-11-23,MY1,15.6,42.3,28.11,2.9,1.5,135,2023,11,Thu,FALSE,Autumn,TRUE,Moderate
2023-11-24,MY1,9.25,17.63,36.22,6.7,3.4,236,2023,11,Fri,FALSE,Autumn,TRUE,Good
2023-11-25,MY1,15.62,34.98,31.27,4.2,4.8,125,2023,11,Sat,TRUE,Autumn,TRUE,Moderate
2023-11-26,MY1,15.6,43.27,24.57,1.7,5.5,77,2023,11,Sun,TRUE,Autumn,TRUE,Moderate
2023-11-27,MY1,18.01,42.85,33.48,3.8,3.4,141,2023,11,Mon,FALSE,Autumn,TRUE,Moderate
2023-11-28,MY1,15.46,34.7,42.32,2.4,1.5,114,2023,11,Tue,FALSE,Autumn,TRUE,Moderate
2023-11-29,MY1,17.56,44.83,32.56,4.2,3.6,311,2023,11,Wed,FALSE,Autumn,TRUE,Moderate
2023-11-30,MY1,16.86,44.62,25.36,-0.4,8.9,242,2023,11,Thu,FALSE,Autumn,TRUE,Moderate
2023-12-01,MY1,16.08,35.54,24.58,3.9,8.4,48,2023,12,Fri,FALSE,Winter,TRUE,Moderate
2023-12-02,MY1,14.41,22.76,38.5,4,10.1,303,2023,12,Sat,TRUE,Winter,TRUE,Moderate
2023-12-03,MY1,13.81,35.78,44.81,0.1,4,127,2023,12,Sun,TRUE,Winter,TRUE,Moderate
2023-12-04,MY1,16.45,36.61,24.74,2.7,7.1,221,2023,12,Mon,FALSE,Winter,TRUE,Moderate
2023-12-05,MY1,16.45,55.33,30.64,0.4,2.8,64,2023,12,Tue,FALSE,Winter,TRUE,Moderate
2023-12-06,MY1,18.99,37.18,29.38,0.8,3.1,25,2023,12,Wed,FALSE,Winter,TRUE,Moderate
2023-12-07,MY1,19.6,57.69,25.48,1.5,2.3,206,2023,12,Thu,FALSE,Winter,TRUE,Moderate
2023-12-08,MY1,14.12,21.73,44.35,1.7,4.4,259,2023,12,Fri,FALSE,Winter,TRUE,Moderate
2023-12-09,MY1,12.51,40.82,32.35,0.6,1.1,231,2023,12,Sat,TRUE,Winter,TRUE,Moderate
2023-12-10,MY1,12.55,37.32,34.31,2.3,3.3,241,2023,12,Sun,TRUE,Winter,TRUE,Moderate
2023-12-11,MY1,22.27,66.4,20.92,3.9,6.5,215,2023,12,Mon,FALSE,Winter,TRUE,Unhealthy (sensitive)
2023-12-12,MY1,17.76,39.21,24.14,4.9,5.1,189,2023,12,Tue,FALSE,Winter,TRUE,Moderate
2023-12-13,MY1,17.85,43.91,29.29,5.7,5.6,331,2023,12,Wed,FALSE,Winter,TRUE,Moderate
2023-12-14,MY1,17.7,45.19,28.77,2.3,2.7,243,2023,12,Thu,FALSE,Winter,TRUE,Moderate
2023-12-15,MY1,16.87,50.81,19.85,0.1,6.5,112,2023,12,Fri,FALSE,Winter,TRUE,Moderate
2023-12-16,MY1,9.81,33.28,34.84,3.4,3.2,172,2023,12,Sat,TRUE,Winter,TRUE,Good
2023-12-17,MY1,20.52,44.82,36.15,-0.7,4.6,306,2023,12,Sun,TRUE,Winter,TRUE,Unhealthy (sensitive)
2023-12-18,MY1,17.61,46.62,25.32,0.7,2.1,357,2023,12,Mon,FALSE,Winter,TRUE,Moderate
2023-12-19,MY1,19.67,49.31,22.16,3.9,6,359,2023,12,Tue,FALSE,Winter,TRUE,Moderate
2023-12-20,MY1,12.43,32.68,29.63,0.6,7.9,15,2023,12,Wed,FALSE,Winter,TRUE,Moderate
2023-12-21,MY1,17.49,37.06,36.94,1.7,1.8,89,2023,12,Thu,FALSE,Winter,TRUE,Moderate
2023-12-22,MY1,15.84,41.29,42.92,-0.1,8.8,274,2023,12,Fri,FALSE,Winter,TRUE,Moderate
2023-12-23,MY1,11.49,25.43,34.03,3.1,9.8,75,2023,12,Sat,TRUE,Winter,TRUE,Moderate
2023-12-24,MY1,20.68,58.3,35.49,-0.5,6,123,2023,12,Sun,TRUE,Winter,TRUE,Unhealthy (sensitive)
2023-12-25,MY1,12.36,36.2,37,0.7,3.6,247,2023,12,Mon,FALSE,Winter,TRUE,Moderate
2023-12-26,MY1,17.27,42.92,34.35,1.7,2.9,306,2023,12,Tue,FALSE,Winter,TRUE,Moderate
2023-12-27,MY1,20.33,44.99,34.35,4,4,261,2023,12,Wed,FALSE,Winter,TRUE,Unhealthy (sensitive)
2023-12-28,MY1,16.59,24.7,42.43,3.7,3.2,143,2023,12,Thu,FALSE,Winter,TRUE,Moderate
2023-12-29,MY1,16.02,46.54,28.22,0.9,2.2,271,2023,12,Fri,FALSE,Winter,TRUE,Moderate
2023-12-30,MY1,11.96,22.89,39.31,0,2.7,116,2023,12,Sat,TRUE,Winter,TRUE,Moderate
2023-12-31,MY1,11.31,15.09,40.4,1.7,2.6,318,2023,12,Sun,TRUE,Winter,TRUE,Moderate
